INSERT INTO department
VALUES ('D4792','ZMHRM');
INSERT INTO department
VALUES ('D53550','QGKVH');
INSERT INTO department
VALUES ('D54153','VYAEG');
INSERT INTO department
VALUES ('D59556','IBNYP');
INSERT INTO department
VALUES ('D73589','MDVPQ');
INSERT INTO staff
VALUES ('SF1037720193','金章辛','女','808456715','江场三路659弄83号104室','supervisor',952,'D4792',true,false);
INSERT INTO staff
VALUES ('SF1160017263','潘千贯','女','1949160092','安顺路979弄83号685室','manager',5995,'D54153',false,true);
INSERT INTO staff
VALUES ('SF1194455331','苏婉遂','男','292789898','安业路657弄19号9室','supervisor',2317,'D53550',false,false);
INSERT INTO staff
VALUES ('SF1200305366','邓以紫','男','1535408208','内江路39弄73号345室','repairman',7619,'D73589',true,false);
INSERT INTO staff
VALUES ('SF1202279488','范河远','男','583573342','松江人民北路96弄85号506室','manager',1656,'D54153',false,false);
INSERT INTO staff
VALUES ('SF1248586464','戴遥公','男','172881150','陆家浜路962弄51号286室','receptionist',4795,'D53550',true,false);
INSERT INTO staff
VALUES ('SF1252914741','任昭赫','男','485147998','民德路284弄31号813室','repairman',9786,'D4792',true,false);
INSERT INTO staff
VALUES ('SF1342709477','梁楷逸','男','448894186','丰庄路758弄86号469室','receptionist',9857,'D53550',true,false);
INSERT INTO staff
VALUES ('SF1357729340','罗焕阅','男','888042119','吴中路519弄90号457室','manager',6955,'D53550',false,true);
INSERT INTO staff
VALUES ('SF1494346797','梁旋游','男','625151968','华池路803弄26号240室','repairman',5694,'D73589',false,true);
INSERT INTO staff
VALUES ('SF1521338764','姚来陵','女','2006084822','广中西路558弄10号880室','manager',684,'D59556',true,false);
INSERT INTO staff
VALUES ('SF1553591775','贾俯易','男','415853382','广纪路320弄70号780室','guard',5958,'D73589',true,false);
INSERT INTO staff
VALUES ('SF1634053800','卢泰慈','女','184087981','平阳路594弄87号26室','cleaner',2994,'D59556',false,true);
INSERT INTO staff
VALUES ('SF1638761958','朱书盈','男','55639632','黎平路410弄42号628室','accountant',1128,'D59556',false,true);
INSERT INTO staff
VALUES ('SF1660893152','傅能效','男','1089227931','打浦路915弄76号100室','manager',4965,'D53550',true,false);
INSERT INTO staff
VALUES ('SF1675159789','石顺迈','男','902222626','新金桥路778弄52号586室','repairman',8268,'D4792',false,false);
INSERT INTO staff
VALUES ('SF1737007784','梁墨阔','男','743992512','金沙江路25弄29号735室','manager',5499,'D73589',true,false);
INSERT INTO staff
VALUES ('SF1865471617','陆景声','女','765508527','光新路417弄72号624室','supervisor',9116,'D4792',false,true);
INSERT INTO staff
VALUES ('SF1867704366','林准谱','男','870070619','愚园东路23弄57号714室','receptionist',5130,'D4792',true,false);
INSERT INTO staff
VALUES ('SF1921617049','丁音宽','女','1303017479','洛场路332弄93号896室','receptionist',8326,'D54153',false,false);
INSERT INTO staff
VALUES ('SF1929985611','郑启厚','男','651121710','腾克路267弄67号654室','repairman',4007,'D4792',false,false);
INSERT INTO staff
VALUES ('SF1948492940','江宣宛','女','1556817623','茅台路265弄72号558室','repairman',663,'D59556',true,true);
INSERT INTO staff
VALUES ('SF1952294928','郭哲壹','男','2004581076','金一东路404弄85号30室','guard',3345,'D4792',true,true);
INSERT INTO staff
VALUES ('SF195784358','刘修理','女','1118258286','宾阳路227弄14号618室','repairman',5964,'D54153',true,true);
INSERT INTO staff
VALUES ('SF1983128491','叶矫瑟','女','132803809','环镇南路248弄49号174室','receptionist',3437,'D59556',true,false);
INSERT INTO staff
VALUES ('SF2018663870','丁北渤','女','2068490349','茶陵路586弄25号605室','accountant',3867,'D59556',false,true);
INSERT INTO staff
VALUES ('SF20363079','冯锦始','男','2084380486','海平路708弄42号340室','manager',207,'D73589',true,true);
INSERT INTO staff
VALUES ('SF205103753','魏正筹','女','1166675908','机场大道796弄9号291室','guard',2647,'D54153',false,false);
INSERT INTO staff
VALUES ('SF2110782199','姚竣深','女','947260280','小木桥路986弄17号596室','receptionist',9180,'D59556',false,false);
INSERT INTO staff
VALUES ('SF300255333','金渤意','男','211385571','车站南路249弄69号778室','manager',6948,'D59556',false,false);
INSERT INTO staff
VALUES ('SF39300910','韦涉束','男','696906867','复兴西路94弄52号864室','repairman',3304,'D53550',true,true);
INSERT INTO staff
VALUES ('SF467523236','孙庭歌','女','500945387','巨鹿路907弄51号97室','accountant',3946,'D54153',true,false);
INSERT INTO staff
VALUES ('SF489261328','江裕意','男','617586121','西藏中路65弄60号733室','cleaner',2274,'D4792',false,false);
INSERT INTO staff
VALUES ('SF533615961','萧遇和','男','1364593097','方浜中路774弄99号285室','manager',1866,'D54153',true,false);
INSERT INTO staff
VALUES ('SF591746655','蔡微穗','女','804221713','凯旋路922弄67号236室','accountant',5979,'D4792',false,true);
INSERT INTO staff
VALUES ('SF602757702','韩艾冲','男','2041012219','漕东路427弄22号721室','cleaner',2590,'D73589',true,false);
INSERT INTO staff
VALUES ('SF609151569','田锦景','男','49751498','威宁路308弄42号127室','guard',9547,'D54153',true,false);
INSERT INTO staff
VALUES ('SF611175310','苏竣猛','男','617965858','飞虹支路928弄57号630室','accountant',629,'D4792',false,true);
INSERT INTO staff
VALUES ('SF64852531','马棠羊','女','2029315235','华新镇华滕路376弄78号730室','manager',6756,'D59556',true,true);
INSERT INTO staff
VALUES ('SF665365514','金宁律','男','1287376500','香港路421弄55号553室','supervisor',5230,'D73589',false,false);
INSERT INTO staff
VALUES ('SF70906444','叶星柏','男','1392549666','瑞丰路240弄85号292室','manager',5125,'D53550',true,false);
INSERT INTO staff
VALUES ('SF792368880','孙舶润','女','2078617112','中江路929弄32号932室','guard',8247,'D4792',false,false);
INSERT INTO staff
VALUES ('SF797671113','熊慈栗','女','1160364244','泰顺路（方泰镇）94弄6号741室','receptionist',9098,'D53550',false,true);
INSERT INTO staff
VALUES ('SF818212383','魏宪著','女','1923462968','牡丹江路624弄79号976室','accountant',1054,'D59556',false,true);
INSERT INTO staff
VALUES ('SF850843869','金济桐','男','698308078','天山路122弄94号800室','manager',4920,'D54153',false,false);
INSERT INTO staff
VALUES ('SF868334615','石晦豫','女','117757628','动力北二路53弄14号727室','supervisor',9058,'D59556',true,false);
INSERT INTO staff
VALUES ('SF899961553','熊敬声','男','1569096913','四平路898弄83号372室','cleaner',9935,'D59556',false,true);
INSERT INTO staff
VALUES ('SF926495450','杜郁绎','女','1942473169','虹漕路353弄29号177室','receptionist',2400,'D59556',false,false);
INSERT INTO staff
VALUES ('SF955874934','江鼎声','女','204647239','新城路796弄73号761室','repairman',5384,'D53550',false,true);
INSERT INTO staff
VALUES ('SF997128370','张通舶','女','2074142396','光启路963弄57号667室','guard',7155,'D4792',true,true);
INSERT INTO subarea
VALUES ('SA14542');
INSERT INTO subarea
VALUES ('SA15338');
INSERT INTO subarea
VALUES ('SA17950');
INSERT INTO subarea
VALUES ('SA2208');
INSERT INTO subarea
VALUES ('SA24986');
INSERT INTO subarea
VALUES ('SA29072');
INSERT INTO subarea
VALUES ('SA31031');
INSERT INTO subarea
VALUES ('SA44512');
INSERT INTO subarea
VALUES ('SA49771');
INSERT INTO subarea
VALUES ('SA50741');
INSERT INTO subarea
VALUES ('SA53789');
INSERT INTO subarea
VALUES ('SA54941');
INSERT INTO subarea
VALUES ('SA56515');
INSERT INTO subarea
VALUES ('SA65715');
INSERT INTO subarea
VALUES ('SA75872');
INSERT INTO subarea
VALUES ('SA82267');
INSERT INTO subarea
VALUES ('SA84369');
INSERT INTO subarea
VALUES ('SA90973');
INSERT INTO subarea
VALUES ('SA93194');
INSERT INTO subarea
VALUES ('SA98606');
INSERT INTO building
VALUES ('B12140','SA84369',14,44);
INSERT INTO building
VALUES ('B12775','SA44512',27,90);
INSERT INTO building
VALUES ('B14767','SA50741',14,24);
INSERT INTO building
VALUES ('B17141','SA2208',8,47);
INSERT INTO building
VALUES ('B18108','SA84369',51,10);
INSERT INTO building
VALUES ('B19594','SA93194',96,24);
INSERT INTO building
VALUES ('B19745','SA15338',64,23);
INSERT INTO building
VALUES ('B20054','SA54941',15,84);
INSERT INTO building
VALUES ('B22272','SA54941',65,55);
INSERT INTO building
VALUES ('B24524','SA65715',41,46);
INSERT INTO building
VALUES ('B26017','SA49771',79,59);
INSERT INTO building
VALUES ('B29296','SA2208',69,78);
INSERT INTO building
VALUES ('B32019','SA82267',8,12);
INSERT INTO building
VALUES ('B3205','SA14542',41,2);
INSERT INTO building
VALUES ('B33484','SA31031',71,81);
INSERT INTO building
VALUES ('B40779','SA17950',11,51);
INSERT INTO building
VALUES ('B40948','SA2208',45,47);
INSERT INTO building
VALUES ('B44483','SA65715',85,32);
INSERT INTO building
VALUES ('B44700','SA84369',81,43);
INSERT INTO building
VALUES ('B44901','SA31031',20,73);
INSERT INTO building
VALUES ('B49997','SA49771',98,32);
INSERT INTO building
VALUES ('B5271','SA14542',80,6);
INSERT INTO building
VALUES ('B52727','SA90973',40,43);
INSERT INTO building
VALUES ('B53745','SA24986',37,88);
INSERT INTO building
VALUES ('B5798','SA17950',34,52);
INSERT INTO building
VALUES ('B60591','SA2208',63,24);
INSERT INTO building
VALUES ('B60603','SA82267',91,87);
INSERT INTO building
VALUES ('B62937','SA17950',29,20);
INSERT INTO building
VALUES ('B63159','SA49771',46,67);
INSERT INTO building
VALUES ('B64212','SA93194',3,36);
INSERT INTO building
VALUES ('B6447','SA53789',78,26);
INSERT INTO building
VALUES ('B67457','SA90973',77,33);
INSERT INTO building
VALUES ('B69820','SA24986',18,68);
INSERT INTO building
VALUES ('B73942','SA29072',85,98);
INSERT INTO building
VALUES ('B77739','SA14542',51,60);
INSERT INTO building
VALUES ('B77924','SA17950',7,89);
INSERT INTO building
VALUES ('B83124','SA49771',55,66);
INSERT INTO building
VALUES ('B84548','SA98606',71,31);
INSERT INTO building
VALUES ('B86783','SA50741',42,88);
INSERT INTO building
VALUES ('B86866','SA54941',95,63);
INSERT INTO building
VALUES ('B88355','SA15338',37,60);
INSERT INTO building
VALUES ('B89510','SA24986',5,9);
INSERT INTO building
VALUES ('B90461','SA31031',78,71);
INSERT INTO building
VALUES ('B92125','SA98606',2,37);
INSERT INTO building
VALUES ('B95796','SA56515',67,66);
INSERT INTO building
VALUES ('B9590','SA49771',74,49);
INSERT INTO building
VALUES ('B9640','SA29072',73,92);
INSERT INTO building
VALUES ('B98100','SA56515',30,98);
INSERT INTO building
VALUES ('B98496','SA54941',25,52);
INSERT INTO building
VALUES ('B99359','SA56515',11,9);
INSERT INTO facilities
VALUES ('FC1002081608','guard','SA56515','B86783',99,'NULL');
INSERT INTO facilities
VALUES ('FC100559825','pipe','SA53789','B5271',7,'NULL');
INSERT INTO facilities
VALUES ('FC1006476989','clean','SA84369','B89510',90,'NULL');
INSERT INTO facilities
VALUES ('FC1007160234','electricity','SA17950','B9590',27,'NULL');
INSERT INTO facilities
VALUES ('FC101075690','pipe','SA53789','B20054',12,'NULL');
INSERT INTO facilities
VALUES ('FC1011609949','guard','SA50741',NULL,NULL,NULL);
INSERT INTO facilities
VALUES ('FC1012006899','electricity','SA49771','B69820',68,'NULL');
INSERT INTO facilities
VALUES ('FC1012948491','clean','SA75872',NULL,NULL,NULL);
INSERT INTO facilities
VALUES ('FC1016867554','guard','SA54941',NULL,NULL,NULL);
INSERT INTO facilities
VALUES ('FC1021946093','pipe','SA75872',NULL,NULL,NULL);
INSERT INTO facilities
VALUES ('FC1024869091','electricity','SA31031','B5271',12,'NULL');
INSERT INTO facilities
VALUES ('FC1024969032','electricity','SA84369',NULL,NULL,NULL);
INSERT INTO facilities
VALUES ('FC1028409494','clean','SA50741',NULL,NULL,NULL);
INSERT INTO facilities
VALUES ('FC1029618659','electricity','SA53789','B69820',90,'NULL');
INSERT INTO facilities
VALUES ('FC1029657455','pipe','SA31031','B73942',17,'NULL');
INSERT INTO facilities
VALUES ('FC1035900954','guard','SA53789','B86866',14,'NULL');
INSERT INTO facilities
VALUES ('FC1037320957','guard','SA53789',NULL,NULL,NULL);
INSERT INTO facilities
VALUES ('FC1042361408','electricity','SA15338','B14767',1,'NULL');
INSERT INTO facilities
VALUES ('FC1043921303','pipe','SA84369',NULL,NULL,NULL);
INSERT INTO facilities
VALUES ('FC1046248804','pipe','SA24986',NULL,NULL,NULL);
INSERT INTO facilities
VALUES ('FC1049792105','electricity','SA14542','B5271',63,'NULL');
INSERT INTO facilities
VALUES ('FC1052762933','clean','SA31031',NULL,NULL,NULL);
INSERT INTO facilities
VALUES ('FC1054482867','electricity','SA90973','B52727',73,'NULL');
INSERT INTO facilities
VALUES ('FC1055877693','clean','SA15338','B99359',37,'NULL');
INSERT INTO facilities
VALUES ('FC1063456637','guard','SA24986',NULL,NULL,NULL);
INSERT INTO facilities
VALUES ('FC1067040992','electricity','SA50741',NULL,NULL,NULL);
INSERT INTO facilities
VALUES ('FC1072826795','pipe','SA53789','B5271',85,'NULL');
INSERT INTO facilities
VALUES ('FC1077732988','clean','SA44512','B44483',34,'NULL');
INSERT INTO facilities
VALUES ('FC1089285200','guard','SA90973','B77924',83,'NULL');
INSERT INTO facilities
VALUES ('FC1091525582','guard','SA93194',NULL,NULL,NULL);
INSERT INTO facilities
VALUES ('FC109330061','electricity','SA56515',NULL,NULL,NULL);
INSERT INTO facilities
VALUES ('FC1102476353','guard','SA14542','B5271',2,'NULL');
INSERT INTO facilities
VALUES ('FC1109969466','electricity','SA17950','B52727',82,'NULL');
INSERT INTO facilities
VALUES ('FC1113505735','clean','SA82267','B12140',56,'NULL');
INSERT INTO facilities
VALUES ('FC1117634030','electricity','SA82267','B73942',89,'NULL');
INSERT INTO facilities
VALUES ('FC1119399856','pipe','SA31031','B98100',10,'NULL');
INSERT INTO facilities
VALUES ('FC1121038845','clean','SA90973',NULL,NULL,NULL);
INSERT INTO facilities
VALUES ('FC1127358134','guard','SA82267','B77924',9,'NULL');
INSERT INTO facilities
VALUES ('FC1127530366','pipe','SA65715','B14767',94,'NULL');
INSERT INTO facilities
VALUES ('FC1128702505','pipe','SA44512',NULL,NULL,NULL);
INSERT INTO facilities
VALUES ('FC113806295','guard','SA90973',NULL,NULL,NULL);
INSERT INTO facilities
VALUES ('FC1141240523','guard','SA49771','B14767',32,'NULL');
INSERT INTO facilities
VALUES ('FC1145816148','pipe','SA84369',NULL,NULL,NULL);
INSERT INTO facilities
VALUES ('FC1147797706','pipe','SA44512','B44483',72,'NULL');
INSERT INTO facilities
VALUES ('FC1149995715','pipe','SA44512',NULL,NULL,NULL);
INSERT INTO facilities
VALUES ('FC1151522868','clean','SA82267',NULL,NULL,NULL);
INSERT INTO facilities
VALUES ('FC1154848215','pipe','SA31031',NULL,NULL,NULL);
INSERT INTO facilities
VALUES ('FC1158795524','electricity','SA15338','B60591',4,'NULL');
INSERT INTO facilities
VALUES ('FC116214234','pipe','SA93194',NULL,NULL,NULL);
INSERT INTO facilities
VALUES ('FC1167054934','pipe','SA49771',NULL,NULL,NULL);
INSERT INTO facilities
VALUES ('FC1169829963','clean','SA24986',NULL,NULL,NULL);
INSERT INTO facilities
VALUES ('FC1170176568','electricity','SA56515',NULL,NULL,NULL);
INSERT INTO facilities
VALUES ('FC1172647247','guard','SA53789','B29296',23,'NULL');
INSERT INTO facilities
VALUES ('FC1172986724','guard','SA2208',NULL,NULL,NULL);
INSERT INTO facilities
VALUES ('FC1178741101','clean','SA49771',NULL,NULL,NULL);
INSERT INTO facilities
VALUES ('FC1187029454','pipe','SA65715','B19745',61,'NULL');
INSERT INTO facilities
VALUES ('FC1188941065','electricity','SA56515',NULL,NULL,NULL);
INSERT INTO facilities
VALUES ('FC1192351454','pipe','SA53789','B86783',30,'NULL');
INSERT INTO facilities
VALUES ('FC1192858172','electricity','SA2208',NULL,NULL,NULL);
INSERT INTO facilities
VALUES ('FC119557053','electricity','SA15338',NULL,NULL,NULL);
INSERT INTO facilities
VALUES ('FC1199691321','electricity','SA49771','B12140',39,'NULL');
INSERT INTO facilities
VALUES ('FC1204757710','electricity','SA93194','B77739',11,'NULL');
INSERT INTO facilities
VALUES ('FC120654773','pipe','SA90973','B83124',32,'NULL');
INSERT INTO facilities
VALUES ('FC1211017150','guard','SA2208','B90461',35,'NULL');
INSERT INTO facilities
VALUES ('FC1213487052','electricity','SA50741','B12775',99,'NULL');
INSERT INTO facilities
VALUES ('FC1215278004','clean','SA53789','B20054',34,'NULL');
INSERT INTO facilities
VALUES ('FC1215410496','clean','SA17950','B6447',70,'NULL');
INSERT INTO facilities
VALUES ('FC122016447','clean','SA53789','B98496',15,'NULL');
INSERT INTO facilities
VALUES ('FC1222747854','electricity','SA49771','B84548',80,'NULL');
INSERT INTO facilities
VALUES ('FC1224298701','electricity','SA98606','B17141',12,'NULL');
INSERT INTO facilities
VALUES ('FC1224851810','clean','SA98606',NULL,NULL,NULL);
INSERT INTO facilities
VALUES ('FC1225434870','guard','SA29072',NULL,NULL,NULL);
INSERT INTO facilities
VALUES ('FC1227744421','guard','SA75872','B67457',22,'NULL');
INSERT INTO facilities
VALUES ('FC124041413','electricity','SA54941',NULL,NULL,NULL);
INSERT INTO facilities
VALUES ('FC1246136787','clean','SA14542',NULL,NULL,NULL);
INSERT INTO facilities
VALUES ('FC1248620016','clean','SA49771','B44901',75,'NULL');
INSERT INTO facilities
VALUES ('FC1248957309','guard','SA75872','B33484',14,'NULL');
INSERT INTO facilities
VALUES ('FC1256084987','electricity','SA29072',NULL,NULL,NULL);
INSERT INTO facilities
VALUES ('FC1256126499','pipe','SA24986','B40779',69,'NULL');
INSERT INTO facilities
VALUES ('FC1266766121','electricity','SA54941','B19745',24,'NULL');
INSERT INTO facilities
VALUES ('FC127011668','electricity','SA17950','B20054',44,'NULL');
INSERT INTO facilities
VALUES ('FC1290486182','pipe','SA14542',NULL,NULL,NULL);
INSERT INTO facilities
VALUES ('FC1293055872','guard','SA98606',NULL,NULL,NULL);
INSERT INTO facilities
VALUES ('FC1298543043','clean','SA84369','B14767',40,'NULL');
INSERT INTO facilities
VALUES ('FC129876731','guard','SA31031','B62937',55,'NULL');
INSERT INTO facilities
VALUES ('FC130066704','clean','SA75872','B62937',0,'NULL');
INSERT INTO facilities
VALUES ('FC130264983','electricity','SA31031','B53745',64,'NULL');
INSERT INTO facilities
VALUES ('FC1304085475','electricity','SA14542','B86866',53,'NULL');
INSERT INTO facilities
VALUES ('FC1307945475','guard','SA56515',NULL,NULL,NULL);
INSERT INTO facilities
VALUES ('FC1309705917','electricity','SA17950','B77739',40,'NULL');
INSERT INTO facilities
VALUES ('FC1313541167','guard','SA44512','B44700',6,'NULL');
INSERT INTO facilities
VALUES ('FC1316347609','guard','SA84369',NULL,NULL,NULL);
INSERT INTO facilities
VALUES ('FC1323002472','clean','SA15338',NULL,NULL,NULL);
INSERT INTO facilities
VALUES ('FC1330770677','pipe','SA50741','B63159',37,'NULL');
INSERT INTO facilities
VALUES ('FC133790573','electricity','SA84369','B86866',14,'NULL');
INSERT INTO facilities
VALUES ('FC1339150788','clean','SA56515',NULL,NULL,NULL);
INSERT INTO facilities
VALUES ('FC1342610936','guard','SA65715','B44901',41,'NULL');
INSERT INTO facilities
VALUES ('FC1342860354','pipe','SA17950',NULL,NULL,NULL);
INSERT INTO facilities
VALUES ('FC1346544393','electricity','SA29072',NULL,NULL,NULL);
INSERT INTO facilities
VALUES ('FC1347100726','pipe','SA53789','B49997',70,'NULL');
INSERT INTO facilities
VALUES ('FC1351819771','guard','SA2208','B40779',42,'NULL');
INSERT INTO facilities
VALUES ('FC135538948','electricity','SA54941',NULL,NULL,NULL);
INSERT INTO facilities
VALUES ('FC1356136791','electricity','SA49771','B86866',70,'NULL');
INSERT INTO facilities
VALUES ('FC1362519610','guard','SA24986','B26017',83,'NULL');
INSERT INTO facilities
VALUES ('FC1369999817','clean','SA2208','B86783',4,'NULL');
INSERT INTO facilities
VALUES ('FC137124180','pipe','SA50741',NULL,NULL,NULL);
INSERT INTO facilities
VALUES ('FC1379947584','clean','SA53789',NULL,NULL,NULL);
INSERT INTO facilities
VALUES ('FC1382331208','clean','SA84369',NULL,NULL,NULL);
INSERT INTO facilities
VALUES ('FC1383123664','clean','SA2208',NULL,NULL,NULL);
INSERT INTO facilities
VALUES ('FC138417523','clean','SA24986',NULL,NULL,NULL);
INSERT INTO facilities
VALUES ('FC1386289825','pipe','SA53789',NULL,NULL,NULL);
INSERT INTO facilities
VALUES ('FC1387129088','electricity','SA15338','B52727',69,'NULL');
INSERT INTO facilities
VALUES ('FC1397267893','electricity','SA24986','B90461',4,'NULL');
INSERT INTO facilities
VALUES ('FC1410737052','pipe','SA90973',NULL,NULL,NULL);
INSERT INTO facilities
VALUES ('FC1411817042','guard','SA98606',NULL,NULL,NULL);
INSERT INTO facilities
VALUES ('FC1417186438','electricity','SA31031','B89510',62,'NULL');
INSERT INTO facilities
VALUES ('FC1418825882','guard','SA53789','B62937',16,'NULL');
INSERT INTO facilities
VALUES ('FC1420623070','electricity','SA17950',NULL,NULL,NULL);
INSERT INTO facilities
VALUES ('FC1425832784','pipe','SA14542',NULL,NULL,NULL);
INSERT INTO facilities
VALUES ('FC1426554751','clean','SA53789',NULL,NULL,NULL);
INSERT INTO facilities
VALUES ('FC1437284112','guard','SA82267','B92125',58,'NULL');
INSERT INTO facilities
VALUES ('FC1437467386','electricity','SA53789','B77924',31,'NULL');
INSERT INTO facilities
VALUES ('FC1447661627','guard','SA29072',NULL,NULL,NULL);
INSERT INTO facilities
VALUES ('FC1449058541','electricity','SA24986',NULL,NULL,NULL);
INSERT INTO facilities
VALUES ('FC1449598794','pipe','SA54941','B44483',67,'NULL');
INSERT INTO facilities
VALUES ('FC1452164035','guard','SA31031',NULL,NULL,NULL);
INSERT INTO facilities
VALUES ('FC1460077707','electricity','SA24986','B69820',22,'NULL');
INSERT INTO facilities
VALUES ('FC1465144000','clean','SA82267','B12775',14,'NULL');
INSERT INTO facilities
VALUES ('FC1470430418','clean','SA15338','B63159',20,'NULL');
INSERT INTO facilities
VALUES ('FC1470846794','electricity','SA93194','B40779',76,'NULL');
INSERT INTO facilities
VALUES ('FC1472769791','guard','SA90973','B84548',11,'NULL');
INSERT INTO facilities
VALUES ('FC1478673356','clean','SA90973',NULL,NULL,NULL);
INSERT INTO facilities
VALUES ('FC1479011090','pipe','SA75872',NULL,NULL,NULL);
INSERT INTO facilities
VALUES ('FC1481954235','electricity','SA82267','B22272',83,'NULL');
INSERT INTO facilities
VALUES ('FC1490479706','pipe','SA54941','B67457',96,'NULL');
INSERT INTO facilities
VALUES ('FC1490513233','clean','SA24986','B22272',8,'NULL');
INSERT INTO facilities
VALUES ('FC1498179826','pipe','SA44512','B88355',57,'NULL');
INSERT INTO facilities
VALUES ('FC1501257238','clean','SA15338','B24524',4,'NULL');
INSERT INTO facilities
VALUES ('FC1504320682','electricity','SA24986','B64212',9,'NULL');
INSERT INTO facilities
VALUES ('FC150885300','electricity','SA65715',NULL,NULL,NULL);
INSERT INTO facilities
VALUES ('FC1515685360','electricity','SA50741','B60591',11,'NULL');
INSERT INTO facilities
VALUES ('FC1518388187','electricity','SA24986',NULL,NULL,NULL);
INSERT INTO facilities
VALUES ('FC1518833997','clean','SA75872','B67457',91,'NULL');
INSERT INTO facilities
VALUES ('FC1519290879','pipe','SA93194','B14767',88,'NULL');
INSERT INTO facilities
VALUES ('FC1522418468','guard','SA49771','B83124',39,'NULL');
INSERT INTO facilities
VALUES ('FC152967753','pipe','SA75872',NULL,NULL,NULL);
INSERT INTO facilities
VALUES ('FC1529974602','electricity','SA15338',NULL,NULL,NULL);
INSERT INTO facilities
VALUES ('FC1530695910','pipe','SA98606','B33484',52,'NULL');
INSERT INTO facilities
VALUES ('FC1538008928','electricity','SA90973','B90461',65,'NULL');
INSERT INTO facilities
VALUES ('FC1548323355','electricity','SA2208',NULL,NULL,NULL);
INSERT INTO facilities
VALUES ('FC1555628915','guard','SA90973','B52727',45,'NULL');
INSERT INTO facilities
VALUES ('FC1557395911','electricity','SA90973',NULL,NULL,NULL);
INSERT INTO facilities
VALUES ('FC1560453565','guard','SA2208','B99359',55,'NULL');
INSERT INTO facilities
VALUES ('FC1561988538','pipe','SA24986','B22272',27,'NULL');
INSERT INTO facilities
VALUES ('FC1570489798','guard','SA17950','B29296',51,'NULL');
INSERT INTO facilities
VALUES ('FC1575803783','guard','SA50741',NULL,NULL,NULL);
INSERT INTO facilities
VALUES ('FC1581250518','clean','SA24986','B19745',26,'NULL');
INSERT INTO facilities
VALUES ('FC1582864125','guard','SA98606','B26017',12,'NULL');
INSERT INTO facilities
VALUES ('FC1593805130','pipe','SA82267',NULL,NULL,NULL);
INSERT INTO facilities
VALUES ('FC1598264949','guard','SA31031','B40948',63,'NULL');
INSERT INTO facilities
VALUES ('FC1599925772','clean','SA29072',NULL,NULL,NULL);
INSERT INTO facilities
VALUES ('FC1601879446','clean','SA44512','B89510',35,'NULL');
INSERT INTO facilities
VALUES ('FC1606629417','electricity','SA93194',NULL,NULL,NULL);
INSERT INTO facilities
VALUES ('FC1607452059','pipe','SA14542',NULL,NULL,NULL);
INSERT INTO facilities
VALUES ('FC1608085542','guard','SA82267','B98496',81,'NULL');
INSERT INTO facilities
VALUES ('FC1611276786','clean','SA24986',NULL,NULL,NULL);
INSERT INTO facilities
VALUES ('FC161234141','pipe','SA49771','B83124',93,'NULL');
INSERT INTO facilities
VALUES ('FC1614413278','pipe','SA90973',NULL,NULL,NULL);
INSERT INTO facilities
VALUES ('FC1615365599','electricity','SA75872','B88355',60,'NULL');
INSERT INTO facilities
VALUES ('FC1615368589','pipe','SA44512',NULL,NULL,NULL);
INSERT INTO facilities
VALUES ('FC1622386541','pipe','SA98606','B63159',63,'NULL');
INSERT INTO facilities
VALUES ('FC1627711498','clean','SA14542',NULL,NULL,NULL);
INSERT INTO facilities
VALUES ('FC1628366811','pipe','SA75872',NULL,NULL,NULL);
INSERT INTO facilities
VALUES ('FC1629819083','clean','SA44512',NULL,NULL,NULL);
INSERT INTO facilities
VALUES ('FC1633056854','guard','SA44512',NULL,NULL,NULL);
INSERT INTO facilities
VALUES ('FC1651322323','clean','SA54941','B5271',79,'NULL');
INSERT INTO facilities
VALUES ('FC1653018704','clean','SA90973','B18108',68,'NULL');
INSERT INTO facilities
VALUES ('FC1653230297','clean','SA98606','B19745',10,'NULL');
INSERT INTO facilities
VALUES ('FC1658490625','pipe','SA56515',NULL,NULL,NULL);
INSERT INTO facilities
VALUES ('FC1664318435','pipe','SA56515','B86783',14,'NULL');
INSERT INTO facilities
VALUES ('FC1665112987','guard','SA24986',NULL,NULL,NULL);
INSERT INTO facilities
VALUES ('FC1670433216','guard','SA93194',NULL,NULL,NULL);
INSERT INTO facilities
VALUES ('FC1672330650','clean','SA93194',NULL,NULL,NULL);
INSERT INTO facilities
VALUES ('FC1673259416','guard','SA90973','B33484',66,'NULL');
INSERT INTO facilities
VALUES ('FC1677603371','electricity','SA98606',NULL,NULL,NULL);
INSERT INTO facilities
VALUES ('FC1680977221','guard','SA75872',NULL,NULL,NULL);
INSERT INTO facilities
VALUES ('FC1688188237','clean','SA2208','B20054',39,'NULL');
INSERT INTO facilities
VALUES ('FC1694568452','pipe','SA98606','B29296',51,'NULL');
INSERT INTO facilities
VALUES ('FC1698176793','electricity','SA24986','B99359',52,'NULL');
INSERT INTO facilities
VALUES ('FC169929839','guard','SA56515','B14767',21,'NULL');
INSERT INTO facilities
VALUES ('FC1699551957','pipe','SA50741',NULL,NULL,NULL);
INSERT INTO facilities
VALUES ('FC1703733937','electricity','SA56515',NULL,NULL,NULL);
INSERT INTO facilities
VALUES ('FC1704890701','pipe','SA56515','B77924',1,'NULL');
INSERT INTO facilities
VALUES ('FC1716949053','clean','SA24986',NULL,NULL,NULL);
INSERT INTO facilities
VALUES ('FC171980448','guard','SA54941',NULL,NULL,NULL);
INSERT INTO facilities
VALUES ('FC1720326585','electricity','SA98606','B9590',96,'NULL');
INSERT INTO facilities
VALUES ('FC1722606974','pipe','SA17950','B19745',65,'NULL');
INSERT INTO facilities
VALUES ('FC1724127687','clean','SA54941','B53745',23,'NULL');
INSERT INTO facilities
VALUES ('FC1732882585','electricity','SA90973','B14767',11,'NULL');
INSERT INTO facilities
VALUES ('FC1738304009','guard','SA53789',NULL,NULL,NULL);
INSERT INTO facilities
VALUES ('FC1747445800','pipe','SA84369','B73942',42,'NULL');
INSERT INTO facilities
VALUES ('FC1751650529','pipe','SA54941','B89510',84,'NULL');
INSERT INTO facilities
VALUES ('FC1754816362','guard','SA31031',NULL,NULL,NULL);
INSERT INTO facilities
VALUES ('FC1758559855','clean','SA53789','B33484',55,'NULL');
INSERT INTO facilities
VALUES ('FC1762177146','electricity','SA24986',NULL,NULL,NULL);
INSERT INTO facilities
VALUES ('FC1763909821','pipe','SA44512',NULL,NULL,NULL);
INSERT INTO facilities
VALUES ('FC1764807751','clean','SA44512','B64212',94,'NULL');
INSERT INTO facilities
VALUES ('FC1765846077','clean','SA93194','B86866',92,'NULL');
INSERT INTO facilities
VALUES ('FC1788520721','guard','SA49771',NULL,NULL,NULL);
INSERT INTO facilities
VALUES ('FC179192968','guard','SA15338',NULL,NULL,NULL);
INSERT INTO facilities
VALUES ('FC1793991052','pipe','SA93194','B44901',45,'NULL');
INSERT INTO facilities
VALUES ('FC1796425720','pipe','SA82267',NULL,NULL,NULL);
INSERT INTO facilities
VALUES ('FC1796632072','guard','SA44512','B52727',61,'NULL');
INSERT INTO facilities
VALUES ('FC1803779530','electricity','SA65715',NULL,NULL,NULL);
INSERT INTO facilities
VALUES ('FC1805389584','pipe','SA29072',NULL,NULL,NULL);
INSERT INTO facilities
VALUES ('FC1805671883','pipe','SA14542','B5798',41,'NULL');
INSERT INTO facilities
VALUES ('FC1808575722','pipe','SA44512',NULL,NULL,NULL);
INSERT INTO facilities
VALUES ('FC1835921824','pipe','SA44512','B99359',49,'NULL');
INSERT INTO facilities
VALUES ('FC1842441752','pipe','SA44512','B62937',90,'NULL');
INSERT INTO facilities
VALUES ('FC1843112480','guard','SA49771','B53745',87,'NULL');
INSERT INTO facilities
VALUES ('FC184579827','clean','SA75872',NULL,NULL,NULL);
INSERT INTO facilities
VALUES ('FC1849985454','pipe','SA93194','B86783',47,'NULL');
INSERT INTO facilities
VALUES ('FC1857759045','clean','SA90973',NULL,NULL,NULL);
INSERT INTO facilities
VALUES ('FC1861739006','pipe','SA29072',NULL,NULL,NULL);
INSERT INTO facilities
VALUES ('FC1862341607','electricity','SA93194','B44700',77,'NULL');
INSERT INTO facilities
VALUES ('FC1862717431','guard','SA2208',NULL,NULL,NULL);
INSERT INTO facilities
VALUES ('FC1878590074','guard','SA2208',NULL,NULL,NULL);
INSERT INTO facilities
VALUES ('FC1878664282','clean','SA49771','B69820',64,'NULL');
INSERT INTO facilities
VALUES ('FC1883545381','electricity','SA53789',NULL,NULL,NULL);
INSERT INTO facilities
VALUES ('FC1884102887','guard','SA31031',NULL,NULL,NULL);
INSERT INTO facilities
VALUES ('FC1885328920','pipe','SA14542','B88355',45,'NULL');
INSERT INTO facilities
VALUES ('FC1887008054','electricity','SA98606','B40779',54,'NULL');
INSERT INTO facilities
VALUES ('FC1887327032','clean','SA65715',NULL,NULL,NULL);
INSERT INTO facilities
VALUES ('FC1898533640','electricity','SA56515','B26017',84,'NULL');
INSERT INTO facilities
VALUES ('FC190443741','pipe','SA17950','B19745',78,'NULL');
INSERT INTO facilities
VALUES ('FC1904496264','pipe','SA54941','B40779',91,'NULL');
INSERT INTO facilities
VALUES ('FC1906346270','pipe','SA17950',NULL,NULL,NULL);
INSERT INTO facilities
VALUES ('FC1912449531','electricity','SA90973','B24524',73,'NULL');
INSERT INTO facilities
VALUES ('FC1914836383','guard','SA44512',NULL,NULL,NULL);
INSERT INTO facilities
VALUES ('FC1922358306','electricity','SA49771',NULL,NULL,NULL);
INSERT INTO facilities
VALUES ('FC1932850130','guard','SA90973','B92125',11,'NULL');
INSERT INTO facilities
VALUES ('FC1934557976','clean','SA56515',NULL,NULL,NULL);
INSERT INTO facilities
VALUES ('FC1941525871','electricity','SA44512','B69820',1,'NULL');
INSERT INTO facilities
VALUES ('FC1944075677','electricity','SA53789','B19594',19,'NULL');
INSERT INTO facilities
VALUES ('FC1945536518','guard','SA53789',NULL,NULL,NULL);
INSERT INTO facilities
VALUES ('FC1949295208','guard','SA82267','B99359',52,'NULL');
INSERT INTO facilities
VALUES ('FC1952122153','clean','SA84369',NULL,NULL,NULL);
INSERT INTO facilities
VALUES ('FC19537671','clean','SA65715',NULL,NULL,NULL);
INSERT INTO facilities
VALUES ('FC1953818683','pipe','SA93194','B22272',89,'NULL');
INSERT INTO facilities
VALUES ('FC1956574534','clean','SA98606','B40948',38,'NULL');
INSERT INTO facilities
VALUES ('FC1959431360','electricity','SA93194',NULL,NULL,NULL);
INSERT INTO facilities
VALUES ('FC1965818197','guard','SA14542',NULL,NULL,NULL);
INSERT INTO facilities
VALUES ('FC197144120','guard','SA98606','B90461',62,'NULL');
INSERT INTO facilities
VALUES ('FC1971960634','pipe','SA56515','B69820',30,'NULL');
INSERT INTO facilities
VALUES ('FC197250972','clean','SA49771',NULL,NULL,NULL);
INSERT INTO facilities
VALUES ('FC1977768416','electricity','SA50741',NULL,NULL,NULL);
INSERT INTO facilities
VALUES ('FC1981441166','electricity','SA65715',NULL,NULL,NULL);
INSERT INTO facilities
VALUES ('FC1989255827','pipe','SA44512','B14767',59,'NULL');
INSERT INTO facilities
VALUES ('FC1990728060','clean','SA56515',NULL,NULL,NULL);
INSERT INTO facilities
VALUES ('FC1994393690','electricity','SA53789',NULL,NULL,NULL);
INSERT INTO facilities
VALUES ('FC1999587129','guard','SA54941',NULL,NULL,NULL);
INSERT INTO facilities
VALUES ('FC2001344584','guard','SA90973','B64212',6,'NULL');
INSERT INTO facilities
VALUES ('FC2003016711','clean','SA65715',NULL,NULL,NULL);
INSERT INTO facilities
VALUES ('FC2004987816','clean','SA53789',NULL,NULL,NULL);
INSERT INTO facilities
VALUES ('FC2005037210','clean','SA75872',NULL,NULL,NULL);
INSERT INTO facilities
VALUES ('FC2005829902','pipe','SA44512',NULL,NULL,NULL);
INSERT INTO facilities
VALUES ('FC2006728126','guard','SA29072','B5271',68,'NULL');
INSERT INTO facilities
VALUES ('FC200754514','electricity','SA54941','B77924',21,'NULL');
INSERT INTO facilities
VALUES ('FC2007941952','guard','SA98606','B33484',38,'NULL');
INSERT INTO facilities
VALUES ('FC201583815','clean','SA14542','B40948',27,'NULL');
INSERT INTO facilities
VALUES ('FC202782002','guard','SA54941','B88355',94,'NULL');
INSERT INTO facilities
VALUES ('FC2031025491','pipe','SA29072',NULL,NULL,NULL);
INSERT INTO facilities
VALUES ('FC2036777062','pipe','SA44512','B18108',87,'NULL');
INSERT INTO facilities
VALUES ('FC2038170084','guard','SA65715',NULL,NULL,NULL);
INSERT INTO facilities
VALUES ('FC2040225129','pipe','SA93194','B14767',8,'NULL');
INSERT INTO facilities
VALUES ('FC2046264372','electricity','SA14542','B44901',38,'NULL');
INSERT INTO facilities
VALUES ('FC2048193797','clean','SA82267','B49997',82,'NULL');
INSERT INTO facilities
VALUES ('FC204916069','pipe','SA31031','B3205',79,'NULL');
INSERT INTO facilities
VALUES ('FC204955543','pipe','SA14542','B95796',85,'NULL');
INSERT INTO facilities
VALUES ('FC2050637599','pipe','SA82267','B86783',84,'NULL');
INSERT INTO facilities
VALUES ('FC2052359337','guard','SA31031',NULL,NULL,NULL);
INSERT INTO facilities
VALUES ('FC205378347','pipe','SA90973',NULL,NULL,NULL);
INSERT INTO facilities
VALUES ('FC2054205273','guard','SA54941',NULL,NULL,NULL);
INSERT INTO facilities
VALUES ('FC2058192250','clean','SA93194','B73942',52,'NULL');
INSERT INTO facilities
VALUES ('FC205999419','electricity','SA82267',NULL,NULL,NULL);
INSERT INTO facilities
VALUES ('FC20614712','pipe','SA15338','B60603',11,'NULL');
INSERT INTO facilities
VALUES ('FC2061679962','guard','SA14542','B44483',1,'NULL');
INSERT INTO facilities
VALUES ('FC2072508664','electricity','SA17950','B33484',80,'NULL');
INSERT INTO facilities
VALUES ('FC2077706828','pipe','SA84369','B17141',11,'NULL');
INSERT INTO facilities
VALUES ('FC2080914139','electricity','SA90973','B5271',54,'NULL');
INSERT INTO facilities
VALUES ('FC208114276','pipe','SA75872',NULL,NULL,NULL);
INSERT INTO facilities
VALUES ('FC2081632810','pipe','SA56515',NULL,NULL,NULL);
INSERT INTO facilities
VALUES ('FC2103140335','pipe','SA65715',NULL,NULL,NULL);
INSERT INTO facilities
VALUES ('FC2105022055','clean','SA56515','B40948',2,'NULL');
INSERT INTO facilities
VALUES ('FC2109884321','pipe','SA82267','B69820',85,'NULL');
INSERT INTO facilities
VALUES ('FC2112219773','guard','SA65715','B12775',42,'NULL');
INSERT INTO facilities
VALUES ('FC211297732','clean','SA56515',NULL,NULL,NULL);
INSERT INTO facilities
VALUES ('FC2118108038','guard','SA84369','B98100',53,'NULL');
INSERT INTO facilities
VALUES ('FC212001761','pipe','SA56515','B69820',61,'NULL');
INSERT INTO facilities
VALUES ('FC2135567148','guard','SA54941',NULL,NULL,NULL);
INSERT INTO facilities
VALUES ('FC2135917478','clean','SA90973','B12775',71,'NULL');
INSERT INTO facilities
VALUES ('FC217491406','pipe','SA53789',NULL,NULL,NULL);
INSERT INTO facilities
VALUES ('FC218518886','guard','SA56515','B6447',4,'NULL');
INSERT INTO facilities
VALUES ('FC220584834','electricity','SA75872','B18108',28,'NULL');
INSERT INTO facilities
VALUES ('FC223709786','pipe','SA2208','B77924',82,'NULL');
INSERT INTO facilities
VALUES ('FC224556788','pipe','SA50741',NULL,NULL,NULL);
INSERT INTO facilities
VALUES ('FC227673637','clean','SA65715','B33484',89,'NULL');
INSERT INTO facilities
VALUES ('FC230387280','clean','SA53789',NULL,NULL,NULL);
INSERT INTO facilities
VALUES ('FC234746364','electricity','SA56515',NULL,NULL,NULL);
INSERT INTO facilities
VALUES ('FC242141891','guard','SA29072',NULL,NULL,NULL);
INSERT INTO facilities
VALUES ('FC243943531','guard','SA50741',NULL,NULL,NULL);
INSERT INTO facilities
VALUES ('FC249929070','guard','SA31031','B69820',38,'NULL');
INSERT INTO facilities
VALUES ('FC25556254','clean','SA17950','B29296',41,'NULL');
INSERT INTO facilities
VALUES ('FC258525733','electricity','SA54941','B62937',6,'NULL');
INSERT INTO facilities
VALUES ('FC259940657','electricity','SA50741','B5271',55,'NULL');
INSERT INTO facilities
VALUES ('FC267114635','clean','SA44512',NULL,NULL,NULL);
INSERT INTO facilities
VALUES ('FC267261185','electricity','SA84369','B12140',29,'NULL');
INSERT INTO facilities
VALUES ('FC27231578','guard','SA24986',NULL,NULL,NULL);
INSERT INTO facilities
VALUES ('FC272628851','electricity','SA24986','B88355',91,'NULL');
INSERT INTO facilities
VALUES ('FC273776345','electricity','SA93194',NULL,NULL,NULL);
INSERT INTO facilities
VALUES ('FC280952748','clean','SA24986',NULL,NULL,NULL);
INSERT INTO facilities
VALUES ('FC282225650','electricity','SA44512',NULL,NULL,NULL);
INSERT INTO facilities
VALUES ('FC289416889','electricity','SA2208','B52727',52,'NULL');
INSERT INTO facilities
VALUES ('FC291896379','clean','SA54941',NULL,NULL,NULL);
INSERT INTO facilities
VALUES ('FC294551676','guard','SA49771','B84548',50,'NULL');
INSERT INTO facilities
VALUES ('FC297226018','guard','SA29072',NULL,NULL,NULL);
INSERT INTO facilities
VALUES ('FC298049324','pipe','SA65715',NULL,NULL,NULL);
INSERT INTO facilities
VALUES ('FC306130528','clean','SA2208','B88355',24,'NULL');
INSERT INTO facilities
VALUES ('FC313946636','electricity','SA56515',NULL,NULL,NULL);
INSERT INTO facilities
VALUES ('FC317444836','pipe','SA50741',NULL,NULL,NULL);
INSERT INTO facilities
VALUES ('FC318265725','guard','SA14542',NULL,NULL,NULL);
INSERT INTO facilities
VALUES ('FC323327752','clean','SA15338','B73942',65,'NULL');
INSERT INTO facilities
VALUES ('FC332857169','guard','SA49771','B84548',44,'NULL');
INSERT INTO facilities
VALUES ('FC333034356','guard','SA90973',NULL,NULL,NULL);
INSERT INTO facilities
VALUES ('FC335204228','pipe','SA2208',NULL,NULL,NULL);
INSERT INTO facilities
VALUES ('FC343385190','guard','SA82267',NULL,NULL,NULL);
INSERT INTO facilities
VALUES ('FC346410428','electricity','SA98606','B62937',89,'NULL');
INSERT INTO facilities
VALUES ('FC346999746','clean','SA29072','B17141',21,'NULL');
INSERT INTO facilities
VALUES ('FC347177225','electricity','SA2208',NULL,NULL,NULL);
INSERT INTO facilities
VALUES ('FC348509739','clean','SA54941',NULL,NULL,NULL);
INSERT INTO facilities
VALUES ('FC351014599','pipe','SA29072','B49997',36,'NULL');
INSERT INTO facilities
VALUES ('FC35681901','electricity','SA14542',NULL,NULL,NULL);
INSERT INTO facilities
VALUES ('FC360893448','guard','SA24986',NULL,NULL,NULL);
INSERT INTO facilities
VALUES ('FC361420113','clean','SA54941',NULL,NULL,NULL);
INSERT INTO facilities
VALUES ('FC364787084','pipe','SA2208',NULL,NULL,NULL);
INSERT INTO facilities
VALUES ('FC369288090','electricity','SA15338',NULL,NULL,NULL);
INSERT INTO facilities
VALUES ('FC370559874','guard','SA56515',NULL,NULL,NULL);
INSERT INTO facilities
VALUES ('FC371284160','clean','SA82267','B77739',2,'NULL');
INSERT INTO facilities
VALUES ('FC377574287','guard','SA29072',NULL,NULL,NULL);
INSERT INTO facilities
VALUES ('FC384307361','electricity','SA29072','B52727',79,'NULL');
INSERT INTO facilities
VALUES ('FC384385481','guard','SA2208',NULL,NULL,NULL);
INSERT INTO facilities
VALUES ('FC385319289','electricity','SA2208',NULL,NULL,NULL);
INSERT INTO facilities
VALUES ('FC391099212','guard','SA50741',NULL,NULL,NULL);
INSERT INTO facilities
VALUES ('FC39348586','guard','SA29072','B98100',63,'NULL');
INSERT INTO facilities
VALUES ('FC396110184','electricity','SA65715','B73942',48,'NULL');
INSERT INTO facilities
VALUES ('FC396140029','clean','SA98606','B60591',85,'NULL');
INSERT INTO facilities
VALUES ('FC397188800','electricity','SA17950',NULL,NULL,NULL);
INSERT INTO facilities
VALUES ('FC406899373','guard','SA44512','B73942',82,'NULL');
INSERT INTO facilities
VALUES ('FC409945087','pipe','SA90973',NULL,NULL,NULL);
INSERT INTO facilities
VALUES ('FC412643394','guard','SA49771','B44483',98,'NULL');
INSERT INTO facilities
VALUES ('FC421462163','pipe','SA84369',NULL,NULL,NULL);
INSERT INTO facilities
VALUES ('FC424687405','pipe','SA84369','B18108',57,'NULL');
INSERT INTO facilities
VALUES ('FC427006741','electricity','SA75872','B77924',16,'NULL');
INSERT INTO facilities
VALUES ('FC429395109','clean','SA98606','B84548',45,'NULL');
INSERT INTO facilities
VALUES ('FC430721604','guard','SA24986',NULL,NULL,NULL);
INSERT INTO facilities
VALUES ('FC432284161','guard','SA53789',NULL,NULL,NULL);
INSERT INTO facilities
VALUES ('FC438226754','guard','SA2208',NULL,NULL,NULL);
INSERT INTO facilities
VALUES ('FC442497371','pipe','SA31031',NULL,NULL,NULL);
INSERT INTO facilities
VALUES ('FC449880632','electricity','SA24986','B83124',21,'NULL');
INSERT INTO facilities
VALUES ('FC450176420','pipe','SA49771',NULL,NULL,NULL);
INSERT INTO facilities
VALUES ('FC454680209','electricity','SA2208','B9590',54,'NULL');
INSERT INTO facilities
VALUES ('FC460446611','pipe','SA44512','B60603',2,'NULL');
INSERT INTO facilities
VALUES ('FC462716126','electricity','SA29072',NULL,NULL,NULL);
INSERT INTO facilities
VALUES ('FC465155139','pipe','SA2208','B83124',62,'NULL');
INSERT INTO facilities
VALUES ('FC468361508','pipe','SA29072',NULL,NULL,NULL);
INSERT INTO facilities
VALUES ('FC470257090','pipe','SA82267','B53745',43,'NULL');
INSERT INTO facilities
VALUES ('FC470527884','electricity','SA17950',NULL,NULL,NULL);
INSERT INTO facilities
VALUES ('FC477733069','guard','SA75872','B62937',25,'NULL');
INSERT INTO facilities
VALUES ('FC482229906','electricity','SA98606',NULL,NULL,NULL);
INSERT INTO facilities
VALUES ('FC487990808','clean','SA54941',NULL,NULL,NULL);
INSERT INTO facilities
VALUES ('FC488070364','clean','SA17950','B52727',0,'NULL');
INSERT INTO facilities
VALUES ('FC488596169','electricity','SA49771',NULL,NULL,NULL);
INSERT INTO facilities
VALUES ('FC500379544','clean','SA2208','B6447',74,'NULL');
INSERT INTO facilities
VALUES ('FC500529709','guard','SA29072',NULL,NULL,NULL);
INSERT INTO facilities
VALUES ('FC501140775','clean','SA50741',NULL,NULL,NULL);
INSERT INTO facilities
VALUES ('FC502339150','clean','SA24986','B92125',83,'NULL');
INSERT INTO facilities
VALUES ('FC519965269','guard','SA84369',NULL,NULL,NULL);
INSERT INTO facilities
VALUES ('FC522215712','guard','SA14542',NULL,NULL,NULL);
INSERT INTO facilities
VALUES ('FC5259131','electricity','SA84369','B98100',22,'NULL');
INSERT INTO facilities
VALUES ('FC527901094','pipe','SA82267',NULL,NULL,NULL);
INSERT INTO facilities
VALUES ('FC530202559','guard','SA93194',NULL,NULL,NULL);
INSERT INTO facilities
VALUES ('FC539756008','pipe','SA56515',NULL,NULL,NULL);
INSERT INTO facilities
VALUES ('FC546477043','pipe','SA2208','B89510',7,'NULL');
INSERT INTO facilities
VALUES ('FC548182486','electricity','SA17950','B95796',87,'NULL');
INSERT INTO facilities
VALUES ('FC55393957','guard','SA24986',NULL,NULL,NULL);
INSERT INTO facilities
VALUES ('FC554414958','electricity','SA54941',NULL,NULL,NULL);
INSERT INTO facilities
VALUES ('FC554502609','clean','SA44512','B19745',30,'NULL');
INSERT INTO facilities
VALUES ('FC555727341','pipe','SA17950',NULL,NULL,NULL);
INSERT INTO facilities
VALUES ('FC557772594','pipe','SA56515',NULL,NULL,NULL);
INSERT INTO facilities
VALUES ('FC562060327','pipe','SA24986','B98496',53,'NULL');
INSERT INTO facilities
VALUES ('FC565040932','guard','SA29072','B22272',73,'NULL');
INSERT INTO facilities
VALUES ('FC576747919','electricity','SA17950',NULL,NULL,NULL);
INSERT INTO facilities
VALUES ('FC580212197','clean','SA82267',NULL,NULL,NULL);
INSERT INTO facilities
VALUES ('FC592006156','electricity','SA53789','B9590',76,'NULL');
INSERT INTO facilities
VALUES ('FC595262614','pipe','SA98606','B44901',13,'NULL');
INSERT INTO facilities
VALUES ('FC597714405','clean','SA44512','B62937',60,'NULL');
INSERT INTO facilities
VALUES ('FC598196572','guard','SA14542',NULL,NULL,NULL);
INSERT INTO facilities
VALUES ('FC601946955','guard','SA93194',NULL,NULL,NULL);
INSERT INTO facilities
VALUES ('FC609922598','clean','SA93194',NULL,NULL,NULL);
INSERT INTO facilities
VALUES ('FC616175605','guard','SA31031',NULL,NULL,NULL);
INSERT INTO facilities
VALUES ('FC61866605','pipe','SA56515',NULL,NULL,NULL);
INSERT INTO facilities
VALUES ('FC620207043','pipe','SA84369',NULL,NULL,NULL);
INSERT INTO facilities
VALUES ('FC624950513','electricity','SA93194','B40948',55,'NULL');
INSERT INTO facilities
VALUES ('FC625159005','electricity','SA53789','B49997',23,'NULL');
INSERT INTO facilities
VALUES ('FC627251487','guard','SA56515',NULL,NULL,NULL);
INSERT INTO facilities
VALUES ('FC647758975','clean','SA90973','B83124',89,'NULL');
INSERT INTO facilities
VALUES ('FC656865866','guard','SA90973','B84548',38,'NULL');
INSERT INTO facilities
VALUES ('FC658158904','pipe','SA82267',NULL,NULL,NULL);
INSERT INTO facilities
VALUES ('FC658519360','electricity','SA65715','B40948',41,'NULL');
INSERT INTO facilities
VALUES ('FC659164776','clean','SA53789','B24524',39,'NULL');
INSERT INTO facilities
VALUES ('FC662574507','clean','SA31031','B77739',46,'NULL');
INSERT INTO facilities
VALUES ('FC66373573','clean','SA98606',NULL,NULL,NULL);
INSERT INTO facilities
VALUES ('FC668847298','guard','SA29072',NULL,NULL,NULL);
INSERT INTO facilities
VALUES ('FC672824806','electricity','SA17950',NULL,NULL,NULL);
INSERT INTO facilities
VALUES ('FC675256851','clean','SA44512',NULL,NULL,NULL);
INSERT INTO facilities
VALUES ('FC682576650','clean','SA93194',NULL,NULL,NULL);
INSERT INTO facilities
VALUES ('FC683846250','pipe','SA14542','B44700',25,'NULL');
INSERT INTO facilities
VALUES ('FC688750144','clean','SA75872',NULL,NULL,NULL);
INSERT INTO facilities
VALUES ('FC689489739','pipe','SA50741','B12140',78,'NULL');
INSERT INTO facilities
VALUES ('FC689752552','electricity','SA65715',NULL,NULL,NULL);
INSERT INTO facilities
VALUES ('FC690778040','electricity','SA93194',NULL,NULL,NULL);
INSERT INTO facilities
VALUES ('FC703039384','pipe','SA93194','B20054',21,'NULL');
INSERT INTO facilities
VALUES ('FC707547192','clean','SA56515',NULL,NULL,NULL);
INSERT INTO facilities
VALUES ('FC708301528','electricity','SA98606','B63159',48,'NULL');
INSERT INTO facilities
VALUES ('FC709373864','pipe','SA54941','B14767',15,'NULL');
INSERT INTO facilities
VALUES ('FC711987320','pipe','SA93194','B90461',5,'NULL');
INSERT INTO facilities
VALUES ('FC71445006','pipe','SA2208','B44901',24,'NULL');
INSERT INTO facilities
VALUES ('FC717868203','pipe','SA93194','B49997',50,'NULL');
INSERT INTO facilities
VALUES ('FC726161703','pipe','SA2208',NULL,NULL,NULL);
INSERT INTO facilities
VALUES ('FC726597417','clean','SA56515',NULL,NULL,NULL);
INSERT INTO facilities
VALUES ('FC727243353','guard','SA44512','B77739',71,'NULL');
INSERT INTO facilities
VALUES ('FC729467253','clean','SA82267',NULL,NULL,NULL);
INSERT INTO facilities
VALUES ('FC735968991','electricity','SA50741','B84548',61,'NULL');
INSERT INTO facilities
VALUES ('FC737407649','guard','SA2208','B52727',90,'NULL');
INSERT INTO facilities
VALUES ('FC748211405','pipe','SA44512','B12140',74,'NULL');
INSERT INTO facilities
VALUES ('FC76864724','clean','SA31031',NULL,NULL,NULL);
INSERT INTO facilities
VALUES ('FC784872308','pipe','SA15338',NULL,NULL,NULL);
INSERT INTO facilities
VALUES ('FC786918248','electricity','SA93194',NULL,NULL,NULL);
INSERT INTO facilities
VALUES ('FC787657300','pipe','SA17950','B95796',64,'NULL');
INSERT INTO facilities
VALUES ('FC792726243','guard','SA31031',NULL,NULL,NULL);
INSERT INTO facilities
VALUES ('FC79738693','guard','SA56515','B63159',83,'NULL');
INSERT INTO facilities
VALUES ('FC79865958','pipe','SA82267',NULL,NULL,NULL);
INSERT INTO facilities
VALUES ('FC801233824','clean','SA44512',NULL,NULL,NULL);
INSERT INTO facilities
VALUES ('FC802559494','guard','SA24986','B12775',18,'NULL');
INSERT INTO facilities
VALUES ('FC812530316','pipe','SA31031','B18108',33,'NULL');
INSERT INTO facilities
VALUES ('FC818117252','electricity','SA56515','B64212',67,'NULL');
INSERT INTO facilities
VALUES ('FC819537633','guard','SA54941','B19594',79,'NULL');
INSERT INTO facilities
VALUES ('FC825755095','electricity','SA98606',NULL,NULL,NULL);
INSERT INTO facilities
VALUES ('FC831158555','electricity','SA54941',NULL,NULL,NULL);
INSERT INTO facilities
VALUES ('FC831643895','guard','SA54941',NULL,NULL,NULL);
INSERT INTO facilities
VALUES ('FC837806141','guard','SA75872',NULL,NULL,NULL);
INSERT INTO facilities
VALUES ('FC838937268','clean','SA14542','B32019',75,'NULL');
INSERT INTO facilities
VALUES ('FC840884201','pipe','SA75872',NULL,NULL,NULL);
INSERT INTO facilities
VALUES ('FC845030463','pipe','SA44512',NULL,NULL,NULL);
INSERT INTO facilities
VALUES ('FC8479850','clean','SA31031',NULL,NULL,NULL);
INSERT INTO facilities
VALUES ('FC848937547','pipe','SA44512',NULL,NULL,NULL);
INSERT INTO facilities
VALUES ('FC849386574','electricity','SA31031','B99359',53,'NULL');
INSERT INTO facilities
VALUES ('FC850728628','electricity','SA53789',NULL,NULL,NULL);
INSERT INTO facilities
VALUES ('FC862209191','electricity','SA93194',NULL,NULL,NULL);
INSERT INTO facilities
VALUES ('FC86358958','guard','SA44512','B5271',96,'NULL');
INSERT INTO facilities
VALUES ('FC871090670','guard','SA17950','B33484',64,'NULL');
INSERT INTO facilities
VALUES ('FC875947184','pipe','SA17950',NULL,NULL,NULL);
INSERT INTO facilities
VALUES ('FC886812878','guard','SA65715','B9590',51,'NULL');
INSERT INTO facilities
VALUES ('FC8885973','electricity','SA29072','B9640',94,'NULL');
INSERT INTO facilities
VALUES ('FC897247401','pipe','SA24986',NULL,NULL,NULL);
INSERT INTO facilities
VALUES ('FC905864682','clean','SA75872',NULL,NULL,NULL);
INSERT INTO facilities
VALUES ('FC911334589','electricity','SA65715','B6447',80,'NULL');
INSERT INTO facilities
VALUES ('FC917344081','electricity','SA44512','B88355',13,'NULL');
INSERT INTO facilities
VALUES ('FC921925775','pipe','SA75872','B12140',2,'NULL');
INSERT INTO facilities
VALUES ('FC924140082','clean','SA49771',NULL,NULL,NULL);
INSERT INTO facilities
VALUES ('FC927853915','clean','SA29072',NULL,NULL,NULL);
INSERT INTO facilities
VALUES ('FC9304078','clean','SA84369','B92125',16,'NULL');
INSERT INTO facilities
VALUES ('FC937207084','pipe','SA50741',NULL,NULL,NULL);
INSERT INTO facilities
VALUES ('FC945316440','pipe','SA84369','B12140',39,'NULL');
INSERT INTO facilities
VALUES ('FC945362015','pipe','SA90973','B26017',31,'NULL');
INSERT INTO facilities
VALUES ('FC945979504','electricity','SA15338',NULL,NULL,NULL);
INSERT INTO facilities
VALUES ('FC947066919','clean','SA93194',NULL,NULL,NULL);
INSERT INTO facilities
VALUES ('FC95676487','pipe','SA15338','B98496',81,'NULL');
INSERT INTO facilities
VALUES ('FC95916011','guard','SA75872',NULL,NULL,NULL);
INSERT INTO facilities
VALUES ('FC960153632','guard','SA75872',NULL,NULL,NULL);
INSERT INTO facilities
VALUES ('FC961357019','pipe','SA29072',NULL,NULL,NULL);
INSERT INTO facilities
VALUES ('FC964317045','clean','SA82267','B32019',51,'NULL');
INSERT INTO facilities
VALUES ('FC966037210','clean','SA14542',NULL,NULL,NULL);
INSERT INTO facilities
VALUES ('FC967324401','clean','SA31031','B22272',65,'NULL');
INSERT INTO facilities
VALUES ('FC981077953','guard','SA44512',NULL,NULL,NULL);
INSERT INTO facilities
VALUES ('FC986328841','clean','SA14542',NULL,NULL,NULL);
INSERT INTO facilities
VALUES ('FC994832565','pipe','SA2208','B9640',79,'NULL');
INSERT INTO facilities
VALUES ('FC996628618','electricity','SA17950','B40779',10,'NULL');
INSERT INTO facilities
VALUES ('FC996987633','pipe','SA17950','B29296',97,'NULL');
INSERT INTO facilities
VALUES ('FC997168137','pipe','SA24986',NULL,NULL,NULL);
INSERT INTO overhaulRecord
VALUES ('O1000043715','FC332857169','NULL',2050731233753,'SF1200305366','NULL');
INSERT INTO overhaulRecord
VALUES ('O1005806373','FC625159005','NULL',20471226012633,'SF1921617049','NULL');
INSERT INTO overhaulRecord
VALUES ('O100649260','FC205999419','NULL',20840104062512,'SF195784358','NULL');
INSERT INTO overhaulRecord
VALUES ('O1007712374','FC291896379','NULL',2040919084809,'SF1929985611','NULL');
INSERT INTO overhaulRecord
VALUES ('O1008111137','FC1575803783','NULL',2040430074119,'SF1865471617','NULL');
INSERT INTO overhaulRecord
VALUES ('O10085461','FC1410737052','NULL',20220629070231,'SF300255333','NULL');
INSERT INTO overhaulRecord
VALUES ('O1016277501','FC201583815','NULL',20610529130438,'SF1638761958','NULL');
INSERT INTO overhaulRecord
VALUES ('O1017988413','FC1204757710','NULL',20210526144404,'SF1983128491','NULL');
INSERT INTO overhaulRecord
VALUES ('O1018428720','FC1688188237','NULL',20470110092206,'SF792368880','NULL');
INSERT INTO overhaulRecord
VALUES ('O1019572931','FC717868203','NULL',20591220153743,'SF1867704366','NULL');
INSERT INTO overhaulRecord
VALUES ('O1027217937','FC204916069','NULL',20220926081036,'SF1202279488','NULL');
INSERT INTO overhaulRecord
VALUES ('O1028917026','FC1716949053','NULL',2060228232732,'SF850843869','NULL');
INSERT INTO overhaulRecord
VALUES ('O1029862634','FC79865958','NULL',20460713100402,'SF2018663870','NULL');
INSERT INTO overhaulRecord
VALUES ('O102994467','FC1346544393','NULL',20870528091955,'SF1948492940','NULL');
INSERT INTO overhaulRecord
VALUES ('O1031918069','FC2004987816','NULL',20300618091420,'SF591746655','NULL');
INSERT INTO overhaulRecord
VALUES ('O103245705','FC1490479706','NULL',20710615204744,'SF611175310','NULL');
INSERT INTO overhaulRecord
VALUES ('O1033027776','FC1077732988','NULL',20161015205116,'SF64852531','NULL');
INSERT INTO overhaulRecord
VALUES ('O1033554421','FC500379544','NULL',20971220125058,'SF609151569','NULL');
INSERT INTO overhaulRecord
VALUES ('O1034427804','FC1067040992','NULL',20541108130105,'SF868334615','NULL');
INSERT INTO overhaulRecord
VALUES ('O1034547120','FC346410428','NULL',20110919020534,'SF1494346797','NULL');
INSERT INTO overhaulRecord
VALUES ('O1044399727','FC258525733','NULL',20320131172406,'SF1948492940','NULL');
INSERT INTO overhaulRecord
VALUES ('O1044750542','FC1653230297','NULL',20660801015229,'SF1921617049','NULL');
INSERT INTO overhaulRecord
VALUES ('O104772492','FC1763909821','NULL',20240905011244,'SF1202279488','NULL');
INSERT INTO overhaulRecord
VALUES ('O1048503960','FC825755095','NULL',20890913000523,'SF1929985611','NULL');
INSERT INTO overhaulRecord
VALUES ('O1050543289','FC323327752','NULL',20960716111135,'SF2110782199','NULL');
INSERT INTO overhaulRecord
VALUES ('O1051064093','FC1922358306','NULL',20930309134759,'SF1202279488','NULL');
INSERT INTO overhaulRecord
VALUES ('O1055924547','FC95916011','NULL',20111011092016,'SF591746655','NULL');
INSERT INTO overhaulRecord
VALUES ('O1056429089','FC580212197','NULL',20130729192540,'SF955874934','NULL');
INSERT INTO overhaulRecord
VALUES ('O1057554034','FC1724127687','NULL',20910420232930,'SF2110782199','NULL');
INSERT INTO overhaulRecord
VALUES ('O1059281534','FC689489739','NULL',20250102131738,'SF1342709477','NULL');
INSERT INTO overhaulRecord
VALUES ('O105947815','FC1754816362','NULL',20791128092951,'SF1202279488','NULL');
INSERT INTO overhaulRecord
VALUES ('O1062097464','FC1330770677','NULL',20661022091524,'SF1675159789','NULL');
INSERT INTO overhaulRecord
VALUES ('O1063463921','FC230387280','NULL',20831201042506,'SF489261328','NULL');
INSERT INTO overhaulRecord
VALUES ('O1064333645','FC917344081','NULL',20280325032039,'SF1737007784','NULL');
INSERT INTO overhaulRecord
VALUES ('O1064507238','FC1557395911','NULL',20920427105703,'SF20363079','NULL');
INSERT INTO overhaulRecord
VALUES ('O1068730807','FC819537633','NULL',20320705092607,'SF611175310','NULL');
INSERT INTO overhaulRecord
VALUES ('O1069233856','FC672824806','NULL',20700827105526,'SF602757702','NULL');
INSERT INTO overhaulRecord
VALUES ('O106996669','FC726597417','NULL',20220111203128,'SF1983128491','NULL');
INSERT INTO overhaulRecord
VALUES ('O1071083024','FC1309705917','NULL',20371217051956,'SF300255333','NULL');
INSERT INTO overhaulRecord
VALUES ('O1072169054','FC1698176793','NULL',20820805025001,'SF1921617049','NULL');
INSERT INTO overhaulRecord
VALUES ('O1077784540','FC1227744421','NULL',20851218020325,'SF1037720193','NULL');
INSERT INTO overhaulRecord
VALUES ('O1078744267','FC662574507','NULL',20820204190732,'SF1200305366','NULL');
INSERT INTO overhaulRecord
VALUES ('O1080104519','FC1224298701','NULL',2030611115418,'SF1194455331','NULL');
INSERT INTO overhaulRecord
VALUES ('O1081649963','FC1330770677','NULL',20581207232408,'SF2110782199','NULL');
INSERT INTO overhaulRecord
VALUES ('O1081716294','FC1192858172','NULL',20860828150615,'SF20363079','NULL');
INSERT INTO overhaulRecord
VALUES ('O1085804288','FC1788520721','NULL',20790825095807,'SF1037720193','NULL');
INSERT INTO overhaulRecord
VALUES ('O1085824435','FC1883545381','NULL',20950417043805,'SF665365514','NULL');
INSERT INTO overhaulRecord
VALUES ('O1087678978','FC840884201','NULL',20890425115433,'SF1675159789','NULL');
INSERT INTO overhaulRecord
VALUES ('O1089391874','FC130264983','NULL',20570422142807,'SF1342709477','NULL');
INSERT INTO overhaulRecord
VALUES ('O1094473434','FC1342610936','NULL',20390102063146,'SF467523236','NULL');
INSERT INTO overhaulRecord
VALUES ('O1097159708','FC95676487','NULL',20110822045321,'SF1357729340','NULL');
INSERT INTO overhaulRecord
VALUES ('O1098670612','FC1011609949','NULL',20970907104132,'SF1202279488','NULL');
INSERT INTO overhaulRecord
VALUES ('O1102606597','FC1680977221','NULL',20181014161522,'SF1638761958','NULL');
INSERT INTO overhaulRecord
VALUES ('O110380430','FC1751650529','NULL',20790430191402,'SF1983128491','NULL');
INSERT INTO overhaulRecord
VALUES ('O1107495296','FC2061679962','NULL',20340113060937,'SF591746655','NULL');
INSERT INTO overhaulRecord
VALUES ('O1109390444','FC616175605','NULL',20121011174932,'SF818212383','NULL');
INSERT INTO overhaulRecord
VALUES ('O1111030238','FC25556254','NULL',20870317111611,'SF1638761958','NULL');
INSERT INTO overhaulRecord
VALUES ('O1113616796','FC994832565','NULL',20920925073256,'SF1634053800','NULL');
INSERT INTO overhaulRecord
VALUES ('O1114812855','FC1611276786','NULL',20980712195455,'SF792368880','NULL');
INSERT INTO overhaulRecord
VALUES ('O1118621253','FC818117252','NULL',20611115063158,'SF997128370','NULL');
INSERT INTO overhaulRecord
VALUES ('O1121139871','FC171980448','NULL',20960421145804,'SF1357729340','NULL');
INSERT INTO overhaulRecord
VALUES ('O112226328','FC1904496264','NULL',20490127231827,'SF2110782199','NULL');
INSERT INTO overhaulRecord
VALUES ('O1122486002','FC1598264949','NULL',20591210125701,'SF899961553','NULL');
INSERT INTO overhaulRecord
VALUES ('O1123199949','FC1796632072','NULL',2060206120211,'SF926495450','NULL');
INSERT INTO overhaulRecord
VALUES ('O1124132951','FC921925775','NULL',20250503195824,'SF300255333','NULL');
INSERT INTO overhaulRecord
VALUES ('O1131581026','FC2038170084','NULL',20370227232159,'SF1202279488','NULL');
INSERT INTO overhaulRecord
VALUES ('O1131668707','FC1990728060','NULL',20230626014818,'SF1252914741','NULL');
INSERT INTO overhaulRecord
VALUES ('O1131936167','FC487990808','NULL',20770219205709,'SF868334615','NULL');
INSERT INTO overhaulRecord
VALUES ('O1137346596','FC683846250','NULL',20290622200547,'SF64852531','NULL');
INSERT INTO overhaulRecord
VALUES ('O1137996764','FC318265725','NULL',20840806221755,'SF1948492940','NULL');
INSERT INTO overhaulRecord
VALUES ('O1139771566','FC786918248','NULL',20331226134953,'SF300255333','NULL');
INSERT INTO overhaulRecord
VALUES ('O1140295928','FC1323002472','NULL',20211201031424,'SF611175310','NULL');
INSERT INTO overhaulRecord
VALUES ('O1144255286','FC1225434870','NULL',20600414160000,'SF609151569','NULL');
INSERT INTO overhaulRecord
VALUES ('O1145585843','FC1519290879','NULL',20581112184244,'SF926495450','NULL');
INSERT INTO overhaulRecord
VALUES ('O1149140520','FC1561988538','NULL',20330830090347,'SF997128370','NULL');
INSERT INTO overhaulRecord
VALUES ('O1150410360','FC1518833997','NULL',20151113193835,'SF1248586464','NULL');
INSERT INTO overhaulRecord
VALUES ('O1150965451','FC409945087','NULL',20631103210259,'SF1252914741','NULL');
INSERT INTO overhaulRecord
VALUES ('O1151646579','FC1724127687','NULL',20931029122258,'SF1634053800','NULL');
INSERT INTO overhaulRecord
VALUES ('O1152011870','FC848937547','NULL',20790724151158,'SF1737007784','NULL');
INSERT INTO overhaulRecord
VALUES ('O1152087973','FC964317045','NULL',20921015114006,'SF1921617049','NULL');
INSERT INTO overhaulRecord
VALUES ('O1152667403','FC25556254','NULL',20770722080327,'SF205103753','NULL');
INSERT INTO overhaulRecord
VALUES ('O1153103945','FC557772594','NULL',20281005234257,'SF1037720193','NULL');
INSERT INTO overhaulRecord
VALUES ('O115437830','FC1716949053','NULL',20740630182012,'SF1929985611','NULL');
INSERT INTO overhaulRecord
VALUES ('O1160146548','FC1046248804','NULL',20410317005952,'SF195784358','NULL');
INSERT INTO overhaulRecord
VALUES ('O1163322481','FC1878590074','NULL',20480210223133,'SF1194455331','NULL');
INSERT INTO overhaulRecord
VALUES ('O1173950990','FC1246136787','NULL',20930712052822,'SF1867704366','NULL');
INSERT INTO overhaulRecord
VALUES ('O1175753632','FC1990728060','NULL',20891206035402,'SF1638761958','NULL');
INSERT INTO overhaulRecord
VALUES ('O1175804524','FC1861739006','NULL',20910127165833,'SF64852531','NULL');
INSERT INTO overhaulRecord
VALUES ('O1175890836','FC487990808','NULL',20681127114911,'SF467523236','NULL');
INSERT INTO overhaulRecord
VALUES ('O1176681276','FC1803779530','NULL',20360530210315,'SF1553591775','NULL');
INSERT INTO overhaulRecord
VALUES ('O1178777493','FC1607452059','NULL',20330303200237,'SF899961553','NULL');
INSERT INTO overhaulRecord
VALUES ('O1180213002','FC1248620016','NULL',20660212081637,'SF955874934','NULL');
INSERT INTO overhaulRecord
VALUES ('O1181284732','FC113806295','NULL',20530715045626,'SF2018663870','NULL');
INSERT INTO overhaulRecord
VALUES ('O1182875804','FC1857759045','NULL',20820324042139,'SF792368880','NULL');
INSERT INTO overhaulRecord
VALUES ('O1183283182','FC427006741','NULL',20190214070837,'SF611175310','NULL');
INSERT INTO overhaulRecord
VALUES ('O1185486328','FC729467253','NULL',20141005151550,'SF868334615','NULL');
INSERT INTO overhaulRecord
VALUES ('O1188718793','FC432284161','NULL',20220826142242,'SF2110782199','NULL');
INSERT INTO overhaulRecord
VALUES ('O1188967511','FC1688188237','NULL',20791211035937,'SF1160017263','NULL');
INSERT INTO overhaulRecord
VALUES ('O119002621','FC748211405','NULL',20600801125316,'SF899961553','NULL');
INSERT INTO overhaulRecord
VALUES ('O1190231904','FC1518388187','NULL',20980219012607,'SF955874934','NULL');
INSERT INTO overhaulRecord
VALUES ('O1193490385','FC470527884','NULL',20340928120130,'SF665365514','NULL');
INSERT INTO overhaulRecord
VALUES ('O1193592496','FC595262614','NULL',20971205061718,'SF1553591775','NULL');
INSERT INTO overhaulRecord
VALUES ('O1193596054','FC2036777062','NULL',20830520034716,'SF205103753','NULL');
INSERT INTO overhaulRecord
VALUES ('O1199734795','FC1633056854','NULL',20240414040204,'SF665365514','NULL');
INSERT INTO overhaulRecord
VALUES ('O1200663856','FC1016867554','NULL',20291226140458,'SF467523236','NULL');
INSERT INTO overhaulRecord
VALUES ('O1201422889','FC1316347609','NULL',20171209075229,'SF1037720193','NULL');
INSERT INTO overhaulRecord
VALUES ('O12072142','FC371284160','NULL',20451001093156,'SF1160017263','NULL');
INSERT INTO overhaulRecord
VALUES ('O1209576274','FC2080914139','NULL',20171110030854,'SF489261328','NULL');
INSERT INTO overhaulRecord
VALUES ('O1215056180','FC294551676','NULL',20910424095048,'SF1252914741','NULL');
INSERT INTO overhaulRecord
VALUES ('O1216229284','FC1063456637','NULL',20620210021400,'SF591746655','NULL');
INSERT INTO overhaulRecord
VALUES ('O1218564174','FC218518886','NULL',20300903014221,'SF1865471617','NULL');
INSERT INTO overhaulRecord
VALUES ('O1218737882','FC9304078','NULL',20450223133954,'SF70906444','NULL');
INSERT INTO overhaulRecord
VALUES ('O1219406056','FC1519290879','NULL',20410325201656,'SF1952294928','NULL');
INSERT INTO overhaulRecord
VALUES ('O1219528342','FC1024869091','NULL',20320403013611,'SF1494346797','NULL');
INSERT INTO overhaulRecord
VALUES ('O1220017020','FC346410428','NULL',20840730061225,'SF70906444','NULL');
INSERT INTO overhaulRecord
VALUES ('O1222700782','FC1949295208','NULL',20320322192054,'SF591746655','NULL');
INSERT INTO overhaulRecord
VALUES ('O1224759397','FC945362015','NULL',20980524045318,'SF792368880','NULL');
INSERT INTO overhaulRecord
VALUES ('O1226268307','FC1012948491','NULL',20490317114413,'SF1921617049','NULL');
INSERT INTO overhaulRecord
VALUES ('O1228526775','FC1323002472','NULL',20250329035626,'SF1160017263','NULL');
INSERT INTO overhaulRecord
VALUES ('O1232265987','FC1887327032','NULL',20870615055738,'SF1737007784','NULL');
INSERT INTO overhaulRecord
VALUES ('O1234452072','FC792726243','NULL',20631207105911,'SF1675159789','NULL');
INSERT INTO overhaulRecord
VALUES ('O1237506767','FC1037320957','NULL',20390909062327,'SF1865471617','NULL');
INSERT INTO overhaulRecord
VALUES ('O1239779982','FC1581250518','NULL',20970627144232,'SF70906444','NULL');
INSERT INTO overhaulRecord
VALUES ('O1240285713','FC850728628','NULL',20230208234000,'SF797671113','NULL');
INSERT INTO overhaulRecord
VALUES ('O1245632659','FC502339150','NULL',20960215085629,'SF1952294928','NULL');
INSERT INTO overhaulRecord
VALUES ('O1246806575','FC1172647247','NULL',20700225032217,'SF1160017263','NULL');
INSERT INTO overhaulRecord
VALUES ('O1246925370','FC1046248804','NULL',20980119095046,'SF1160017263','NULL');
INSERT INTO overhaulRecord
VALUES ('O1249733010','FC683846250','NULL',20260612115339,'SF467523236','NULL');
INSERT INTO overhaulRecord
VALUES ('O1251270437','FC1012006899','NULL',20690827024210,'SF1494346797','NULL');
INSERT INTO overhaulRecord
VALUES ('O1253501381','FC1127530366','NULL',20870817111013,'SF868334615','NULL');
INSERT INTO overhaulRecord
VALUES ('O1254250727','FC2105022055','NULL',20760925030910,'SF1952294928','NULL');
INSERT INTO overhaulRecord
VALUES ('O1256314378','FC1653018704','NULL',20400120002543,'SF1202279488','NULL');
INSERT INTO overhaulRecord
VALUES ('O1257746553','FC488070364','NULL',20901115102540,'SF1194455331','NULL');
INSERT INTO overhaulRecord
VALUES ('O1259205178','FC1417186438','NULL',20710916043058,'SF1357729340','NULL');
INSERT INTO overhaulRecord
VALUES ('O1262852191','FC1557395911','NULL',20670823161700,'SF1952294928','NULL');
INSERT INTO overhaulRecord
VALUES ('O1264778850','FC1067040992','NULL',20810318105150,'SF1660893152','NULL');
INSERT INTO overhaulRecord
VALUES ('O126647999','FC554414958','NULL',20691231163524,'SF70906444','NULL');
INSERT INTO overhaulRecord
VALUES ('O1267013819','FC1211017150','NULL',20340813024009,'SF1553591775','NULL');
INSERT INTO overhaulRecord
VALUES ('O1268234616','FC442497371','NULL',20111020062328,'SF1037720193','NULL');
INSERT INTO overhaulRecord
VALUES ('O1269815879','FC848937547','NULL',20421030220847,'SF1952294928','NULL');
INSERT INTO overhaulRecord
VALUES ('O1270068824','FC1560453565','NULL',2071121170358,'SF850843869','NULL');
INSERT INTO overhaulRecord
VALUES ('O1271635408','FC500379544','NULL',20480131160435,'SF1737007784','NULL');
INSERT INTO overhaulRecord
VALUES ('O1272337059','FC1581250518','NULL',20810821183813,'SF591746655','NULL');
INSERT INTO overhaulRecord
VALUES ('O1276569755','FC625159005','NULL',20130928025901,'SF797671113','NULL');
INSERT INTO overhaulRecord
VALUES ('O1282226867','FC1842441752','NULL',2030624184607,'SF1952294928','NULL');
INSERT INTO overhaulRecord
VALUES ('O1283951171','FC927853915','NULL',20700627061323,'SF797671113','NULL');
INSERT INTO overhaulRecord
VALUES ('O1284282169','FC562060327','NULL',20881108030207,'SF2018663870','NULL');
INSERT INTO overhaulRecord
VALUES ('O1286830450','FC717868203','NULL',20780915214658,'SF1634053800','NULL');
INSERT INTO overhaulRecord
VALUES ('O1292578978','FC2040225129','NULL',20150705160118,'SF1342709477','NULL');
INSERT INTO overhaulRecord
VALUES ('O1292868181','FC1956574534','NULL',2071024201503,'SF1342709477','NULL');
INSERT INTO overhaulRecord
VALUES ('O1296058440','FC1581250518','NULL',20750723083439,'SF20363079','NULL');
INSERT INTO overhaulRecord
VALUES ('O1296061522','FC179192968','NULL',20230602162827,'SF20363079','NULL');
INSERT INTO overhaulRecord
VALUES ('O1298627262','FC886812878','NULL',20751018131336,'SF1921617049','NULL');
INSERT INTO overhaulRecord
VALUES ('O1301611897','FC580212197','NULL',20960210173143,'SF792368880','NULL');
INSERT INTO overhaulRecord
VALUES ('O1302146885','FC487990808','NULL',20100525135809,'SF1252914741','NULL');
INSERT INTO overhaulRecord
VALUES ('O1305753408','FC1006476989','NULL',20100505212807,'SF997128370','NULL');
INSERT INTO overhaulRecord
VALUES ('O1307132831','FC1941525871','NULL',20360317142618,'SF533615961','NULL');
INSERT INTO overhaulRecord
VALUES ('O1313729278','FC1316347609','NULL',20410418134736,'SF591746655','NULL');
INSERT INTO overhaulRecord
VALUES ('O1315702644','FC2007941952','NULL',20491123113214,'SF997128370','NULL');
INSERT INTO overhaulRecord
VALUES ('O1316579858','FC20614712','NULL',20330212171755,'SF205103753','NULL');
INSERT INTO overhaulRecord
VALUES ('O1316985675','FC2118108038','NULL',20591030035702,'SF1252914741','NULL');
INSERT INTO overhaulRecord
VALUES ('O131726266','FC1465144000','NULL',20250112091703,'SF665365514','NULL');
INSERT INTO overhaulRecord
VALUES ('O1320275497','FC95676487','NULL',20470415033724,'SF1200305366','NULL');
INSERT INTO overhaulRecord
VALUES ('O1320701407','FC945979504','NULL',20760818055126,'SF64852531','NULL');
INSERT INTO overhaulRecord
VALUES ('O1323109432','FC197144120','NULL',20731122150851,'SF818212383','NULL');
INSERT INTO overhaulRecord
VALUES ('O1323825866','FC204916069','NULL',20100523182136,'SF792368880','NULL');
INSERT INTO overhaulRecord
VALUES ('O1323905611','FC554414958','NULL',20910509010216,'SF602757702','NULL');
INSERT INTO overhaulRecord
VALUES ('O1325573087','FC595262614','NULL',20961021222320,'SF899961553','NULL');
INSERT INTO overhaulRecord
VALUES ('O1327380773','FC1204757710','NULL',20840403030709,'SF1948492940','NULL');
INSERT INTO overhaulRecord
VALUES ('O1329020469','FC996628618','NULL',20811223133003,'SF955874934','NULL');
INSERT INTO overhaulRecord
VALUES ('O1330387222','FC2072508664','NULL',20830513085333,'SF1194455331','NULL');
INSERT INTO overhaulRecord
VALUES ('O1334026331','FC5259131','NULL',20840517072345,'SF1634053800','NULL');
INSERT INTO overhaulRecord
VALUES ('O1335224925','FC1151522868','NULL',20890109000901,'SF611175310','NULL');
INSERT INTO overhaulRecord
VALUES ('O1337517549','FC609922598','NULL',20450919191226,'SF1737007784','NULL');
INSERT INTO overhaulRecord
VALUES ('O1339653877','FC1885328920','NULL',20701124072004,'SF489261328','NULL');
INSERT INTO overhaulRecord
VALUES ('O1344155591','FC1934557976','NULL',20681109045657,'SF611175310','NULL');
INSERT INTO overhaulRecord
VALUES ('O1344565291','FC1765846077','NULL',20440221203049,'SF20363079','NULL');
INSERT INTO overhaulRecord
VALUES ('O1344786624','FC1227744421','NULL',20970513140244,'SF1638761958','NULL');
INSERT INTO overhaulRecord
VALUES ('O1344864797','FC211297732','NULL',20620911105836,'SF792368880','NULL');
INSERT INTO overhaulRecord
VALUES ('O1344993944','FC727243353','NULL',20820830163325,'SF2018663870','NULL');
INSERT INTO overhaulRecord
VALUES ('O1350546642','FC921925775','NULL',20390303183914,'SF792368880','NULL');
INSERT INTO overhaulRecord
VALUES ('O1351491587','FC200754514','NULL',20831217144913,'SF70906444','NULL');
INSERT INTO overhaulRecord
VALUES ('O1351912686','FC627251487','NULL',20151124130155,'SF1194455331','NULL');
INSERT INTO overhaulRecord
VALUES ('O1352091937','FC1843112480','NULL',20310411220004,'SF1952294928','NULL');
INSERT INTO overhaulRecord
VALUES ('O135246839','FC530202559','NULL',20170319231115,'SF1200305366','NULL');
INSERT INTO overhaulRecord
VALUES ('O1353791943','FC1599925772','NULL',20160504043701,'SF1357729340','NULL');
INSERT INTO overhaulRecord
VALUES ('O1355053168','FC527901094','NULL',20450315100653,'SF64852531','NULL');
INSERT INTO overhaulRecord
VALUES ('O1355281778','FC347177225','NULL',20310812161910,'SF1252914741','NULL');
INSERT INTO overhaulRecord
VALUES ('O1355893578','FC1699551957','NULL',20110811024033,'SF1521338764','NULL');
INSERT INTO overhaulRecord
VALUES ('O1360203026','FC1898533640','NULL',20620611080721,'SF2018663870','NULL');
INSERT INTO overhaulRecord
VALUES ('O1360351320','FC711987320','NULL',20251124213823,'SF1521338764','NULL');
INSERT INTO overhaulRecord
VALUES ('O1361605452','FC656865866','NULL',20730805012317,'SF1737007784','NULL');
INSERT INTO overhaulRecord
VALUES ('O1362546276','FC911334589','NULL',2070313041120,'SF20363079','NULL');
INSERT INTO overhaulRecord
VALUES ('O1363603571','FC20614712','NULL',20250405013604,'SF997128370','NULL');
INSERT INTO overhaulRecord
VALUES ('O1364373198','FC397188800','NULL',20980629025009,'SF1660893152','NULL');
INSERT INTO overhaulRecord
VALUES ('O1366063720','FC1102476353','NULL',20851102234957,'SF1737007784','NULL');
INSERT INTO overhaulRecord
VALUES ('O1369513155','FC449880632','NULL',2061130234836,'SF609151569','NULL');
INSERT INTO overhaulRecord
VALUES ('O1372017355','FC1598264949','NULL',20820927015017,'SF1865471617','NULL');
INSERT INTO overhaulRecord
VALUES ('O1372446810','FC1599925772','NULL',20410115132631,'SF1634053800','NULL');
INSERT INTO overhaulRecord
VALUES ('O1375143205','FC1738304009','NULL',20301221113106,'SF1037720193','NULL');
INSERT INTO overhaulRecord
VALUES ('O1377770193','FC818117252','NULL',20360412095635,'SF1865471617','NULL');
INSERT INTO overhaulRecord
VALUES ('O1378880282','FC2005037210','NULL',20800325064622,'SF997128370','NULL');
INSERT INTO overhaulRecord
VALUES ('O1380023541','FC595262614','NULL',2030616093027,'SF1638761958','NULL');
INSERT INTO overhaulRecord
VALUES ('O1380091765','FC562060327','NULL',20921226203945,'SF1634053800','NULL');
INSERT INTO overhaulRecord
VALUES ('O1380195346','FC8885973','NULL',20811226163757,'SF1952294928','NULL');
INSERT INTO overhaulRecord
VALUES ('O138428456','FC432284161','NULL',20550417221059,'SF64852531','NULL');
INSERT INTO overhaulRecord
VALUES ('O1387007451','FC1989255827','NULL',20860130080927,'SF602757702','NULL');
INSERT INTO overhaulRecord
VALUES ('O1393931832','FC332857169','NULL',20671204142459,'SF602757702','NULL');
INSERT INTO overhaulRecord
VALUES ('O139737013','FC682576650','NULL',20961209050525,'SF1200305366','NULL');
INSERT INTO overhaulRecord
VALUES ('O1397947495','FC981077953','NULL',20860719042146,'SF899961553','NULL');
INSERT INTO overhaulRecord
VALUES ('O1399972598','FC2109884321','NULL',2031009145331,'SF926495450','NULL');
INSERT INTO overhaulRecord
VALUES ('O1400865491','FC1664318435','NULL',20681004092629,'SF792368880','NULL');
INSERT INTO overhaulRecord
VALUES ('O1403089532','FC1052762933','NULL',2031108184932,'SF1983128491','NULL');
INSERT INTO overhaulRecord
VALUES ('O1403899796','FC967324401','NULL',20301118205648,'SF1675159789','NULL');
INSERT INTO overhaulRecord
VALUES ('O1407348307','FC961357019','NULL',20220202120458,'SF2018663870','NULL');
INSERT INTO overhaulRecord
VALUES ('O1407915215','FC1007160234','NULL',20921012013739,'SF1675159789','NULL');
INSERT INTO overhaulRecord
VALUES ('O140865372','FC1127530366','NULL',20540707004449,'SF609151569','NULL');
INSERT INTO overhaulRecord
VALUES ('O1411893352','FC726597417','NULL',20600718215628,'SF1357729340','NULL');
INSERT INTO overhaulRecord
VALUES ('O1413381957','FC1109969466','NULL',20181008232533,'SF1737007784','NULL');
INSERT INTO overhaulRecord
VALUES ('O1416224042','FC682576650','NULL',20791221045107,'SF1929985611','NULL');
INSERT INTO overhaulRecord
VALUES ('O1419954692','FC1803779530','NULL',20870407042543,'SF1737007784','NULL');
INSERT INTO overhaulRecord
VALUES ('O1422662069','FC2003016711','NULL',20380829204758,'SF1638761958','NULL');
INSERT INTO overhaulRecord
VALUES ('O1422903757','FC1187029454','NULL',20150228154617,'SF2018663870','NULL');
INSERT INTO overhaulRecord
VALUES ('O1423241726','FC1703733937','NULL',20761109121252,'SF205103753','NULL');
INSERT INTO overhaulRecord
VALUES ('O1428632051','FC2054205273','NULL',20210528153024,'SF1553591775','NULL');
INSERT INTO overhaulRecord
VALUES ('O1429466920','FC397188800','NULL',20671221094742,'SF1948492940','NULL');
INSERT INTO overhaulRecord
VALUES ('O1429954340','FC708301528','NULL',2080124161623,'SF611175310','NULL');
INSERT INTO overhaulRecord
VALUES ('O1430000859','FC130066704','NULL',20640521150103,'SF2110782199','NULL');
INSERT INTO overhaulRecord
VALUES ('O1431078342','FC1313541167','NULL',20990815103853,'SF1634053800','NULL');
INSERT INTO overhaulRecord
VALUES ('O1431809398','FC1316347609','NULL',20151228193252,'SF1160017263','NULL');
INSERT INTO overhaulRecord
VALUES ('O143227642','FC384385481','NULL',20740219234908,'SF1952294928','NULL');
INSERT INTO overhaulRecord
VALUES ('O1432671323','FC2112219773','NULL',20181011055733,'SF955874934','NULL');
INSERT INTO overhaulRecord
VALUES ('O1432910455','FC450176420','NULL',20720724170117,'SF1200305366','NULL');
INSERT INTO overhaulRecord
VALUES ('O1434074564','FC1703733937','NULL',20700108095855,'SF1521338764','NULL');
INSERT INTO overhaulRecord
VALUES ('O1434902987','FC812530316','NULL',2080104183930,'SF1634053800','NULL');
INSERT INTO overhaulRecord
VALUES ('O1438810527','FC289416889','NULL',20770405151737,'SF1342709477','NULL');
INSERT INTO overhaulRecord
VALUES ('O1440922528','FC1417186438','NULL',20201127042514,'SF1675159789','NULL');
INSERT INTO overhaulRecord
VALUES ('O1441711452','FC1530695910','NULL',20571215193233,'SF70906444','NULL');
INSERT INTO overhaulRecord
VALUES ('O1443994637','FC1167054934','NULL',20530314001241,'SF1200305366','NULL');
INSERT INTO overhaulRecord
VALUES ('O1444107399','FC562060327','NULL',2060306053531,'SF2110782199','NULL');
INSERT INTO overhaulRecord
VALUES ('O1444918950','FC945316440','NULL',20460403092659,'SF70906444','NULL');
INSERT INTO overhaulRecord
VALUES ('O1451645941','FC1049792105','NULL',20170415072641,'SF1200305366','NULL');
INSERT INTO overhaulRecord
VALUES ('O1456332366','FC2103140335','NULL',20371116043657,'SF489261328','NULL');
INSERT INTO overhaulRecord
VALUES ('O1457752019','FC1224298701','NULL',20760803111748,'SF792368880','NULL');
INSERT INTO overhaulRecord
VALUES ('O1458052103','FC1694568452','NULL',20320123133529,'SF868334615','NULL');
INSERT INTO overhaulRecord
VALUES ('O1459129441','FC224556788','NULL',20300302114515,'SF868334615','NULL');
INSERT INTO overhaulRecord
VALUES ('O1465741704','FC27231578','NULL',20851205032628,'SF926495450','NULL');
INSERT INTO overhaulRecord
VALUES ('O1470130338','FC482229906','NULL',20200325030053,'SF1248586464','NULL');
INSERT INTO overhaulRecord
VALUES ('O1471483797','FC1519290879','NULL',20390107135955,'SF39300910','NULL');
INSERT INTO overhaulRecord
VALUES ('O1472119058','FC1601879446','NULL',20590409050823,'SF665365514','NULL');
INSERT INTO overhaulRecord
VALUES ('O1472749794','FC249929070','NULL',20680820150950,'SF2110782199','NULL');
INSERT INTO overhaulRecord
VALUES ('O1473434529','FC377574287','NULL',20790709131722,'SF1948492940','NULL');
INSERT INTO overhaulRecord
VALUES ('O1475662271','FC1977768416','NULL',20381027230748,'SF20363079','NULL');
INSERT INTO overhaulRecord
VALUES ('O1477876043','FC502339150','NULL',20170517201846,'SF1983128491','NULL');
INSERT INTO overhaulRecord
VALUES ('O1480059470','FC39348586','NULL',20580902113556,'SF2110782199','NULL');
INSERT INTO overhaulRecord
VALUES ('O1481367808','FC1256084987','NULL',2030926062806,'SF1037720193','NULL');
INSERT INTO overhaulRecord
VALUES ('O148229029','FC1362519610','NULL',20400813113539,'SF1634053800','NULL');
INSERT INTO overhaulRecord
VALUES ('O1483085176','FC735968991','NULL',2010826190006,'SF1952294928','NULL');
INSERT INTO overhaulRecord
VALUES ('O1484455214','FC427006741','NULL',20380924172454,'SF20363079','NULL');
INSERT INTO overhaulRecord
VALUES ('O1488730049','FC945316440','NULL',20800713180055,'SF1357729340','NULL');
INSERT INTO overhaulRecord
VALUES ('O1490765040','FC2005829902','NULL',20821017104214,'SF64852531','NULL');
INSERT INTO overhaulRecord
VALUES ('O1493578733','FC212001761','NULL',20990221212857,'SF955874934','NULL');
INSERT INTO overhaulRecord
VALUES ('O1494276712','FC9304078','NULL',20241015003756,'SF64852531','NULL');
INSERT INTO overhaulRecord
VALUES ('O1495637715','FC609922598','NULL',20871019135937,'SF1634053800','NULL');
INSERT INTO overhaulRecord
VALUES ('O1497139946','FC937207084','NULL',20950920134017,'SF611175310','NULL');
INSERT INTO overhaulRecord
VALUES ('O1500205333','FC2072508664','NULL',20330218234848,'SF1952294928','NULL');
INSERT INTO overhaulRecord
VALUES ('O1505795932','FC1199691321','NULL',20140411153042,'SF602757702','NULL');
INSERT INTO overhaulRecord
VALUES ('O1508618054','FC1934557976','NULL',20781029113213,'SF1952294928','NULL');
INSERT INTO overhaulRecord
VALUES ('O150937738','FC1965818197','NULL',20311104085453,'SF467523236','NULL');
INSERT INTO overhaulRecord
VALUES ('O1511892570','FC409945087','NULL',20300225003439,'SF2110782199','NULL');
INSERT INTO overhaulRecord
VALUES ('O1514077211','FC8885973','NULL',20261024125426,'SF1952294928','NULL');
INSERT INTO overhaulRecord
VALUES ('O1514708399','FC1704890701','NULL',20280530020820,'SF792368880','NULL');
INSERT INTO overhaulRecord
VALUES ('O1515553921','FC409945087','NULL',20350822023306,'SF1160017263','NULL');
INSERT INTO overhaulRecord
VALUES ('O1519141922','FC845030463','NULL',20151028004749,'SF300255333','NULL');
INSERT INTO overhaulRecord
VALUES ('O1527253710','FC1862717431','NULL',20471227040834,'SF2018663870','NULL');
INSERT INTO overhaulRecord
VALUES ('O1527696583','FC333034356','NULL',20420515165258,'SF1252914741','NULL');
INSERT INTO overhaulRecord
VALUES ('O1531549045','FC184579827','NULL',20551030194933,'SF39300910','NULL');
INSERT INTO overhaulRecord
VALUES ('O1534943636','FC831643895','NULL',20601105142548,'SF602757702','NULL');
INSERT INTO overhaulRecord
VALUES ('O1540316252','FC1981441166','NULL',20530128055503,'SF2110782199','NULL');
INSERT INTO overhaulRecord
VALUES ('O1542482631','FC224556788','NULL',20690902080234,'SF818212383','NULL');
INSERT INTO overhaulRecord
VALUES ('O1546803569','FC1615368589','NULL',20480628020156,'SF1194455331','NULL');
INSERT INTO overhaulRecord
VALUES ('O1547573134','FC1738304009','NULL',20450216085745,'SF533615961','NULL');
INSERT INTO overhaulRecord
VALUES ('O1554387129','FC886812878','NULL',20631123092538,'SF489261328','NULL');
INSERT INTO overhaulRecord
VALUES ('O1555431350','FC1720326585','NULL',20450908095249,'SF792368880','NULL');
INSERT INTO overhaulRecord
VALUES ('O1560004370','FC1959431360','NULL',20600310162847,'SF300255333','NULL');
INSERT INTO overhaulRecord
VALUES ('O1561661874','FC905864682','NULL',20780613174721,'SF818212383','NULL');
INSERT INTO overhaulRecord
VALUES ('O156187387','FC625159005','NULL',20320603213359,'SF1675159789','NULL');
INSERT INTO overhaulRecord
VALUES ('O1561951974','FC1653018704','NULL',20910219095558,'SF926495450','NULL');
INSERT INTO overhaulRecord
VALUES ('O156466912','FC845030463','NULL',20360417230911,'SF997128370','NULL');
INSERT INTO overhaulRecord
VALUES ('O1565829576','FC711987320','NULL',20271208230549,'SF1865471617','NULL');
INSERT INTO overhaulRecord
VALUES ('O1567683328','FC1119399856','NULL',20161005004605,'SF2110782199','NULL');
INSERT INTO overhaulRecord
VALUES ('O1568600539','FC1941525871','NULL',20740704182647,'SF591746655','NULL');
INSERT INTO overhaulRecord
VALUES ('O1569049204','FC323327752','NULL',20491026045432,'SF1867704366','NULL');
INSERT INTO overhaulRecord
VALUES ('O1570829385','FC130066704','NULL',20690808191248,'SF64852531','NULL');
INSERT INTO overhaulRecord
VALUES ('O1570979491','FC432284161','NULL',20501005063712,'SF1553591775','NULL');
INSERT INTO overhaulRecord
VALUES ('O1574868909','FC171980448','NULL',20390606153855,'SF489261328','NULL');
INSERT INTO overhaulRecord
VALUES ('O1575119070','FC1192858172','NULL',20121030232931,'SF205103753','NULL');
INSERT INTO overhaulRecord
VALUES ('O1576492399','FC1037320957','NULL',20520312155417,'SF926495450','NULL');
INSERT INTO overhaulRecord
VALUES ('O1579001123','FC197144120','NULL',20270228132648,'SF611175310','NULL');
INSERT INTO overhaulRecord
VALUES ('O1579586199','FC1557395911','NULL',20850716221440,'SF2018663870','NULL');
INSERT INTO overhaulRecord
VALUES ('O1583463501','FC1012948491','NULL',20940303184400,'SF1952294928','NULL');
INSERT INTO overhaulRecord
VALUES ('O1586537115','FC333034356','NULL',20481129140354,'SF797671113','NULL');
INSERT INTO overhaulRecord
VALUES ('O1588955402','FC1187029454','NULL',20540309104603,'SF1202279488','NULL');
INSERT INTO overhaulRecord
VALUES ('O1590246583','FC1158795524','NULL',20920601095110,'SF467523236','NULL');
INSERT INTO overhaulRecord
VALUES ('O1590782317','FC1788520721','NULL',20530511050506,'SF1194455331','NULL');
INSERT INTO overhaulRecord
VALUES ('O159180960','FC1606629417','NULL',20730613230732,'SF792368880','NULL');
INSERT INTO overhaulRecord
VALUES ('O1595553333','FC1225434870','NULL',20450606090121,'SF1494346797','NULL');
INSERT INTO overhaulRecord
VALUES ('O1600936588','FC1490479706','NULL',20570723204929,'SF1202279488','NULL');
INSERT INTO overhaulRecord
VALUES ('O1605839728','FC1529974602','NULL',2060812022400,'SF1660893152','NULL');
INSERT INTO overhaulRecord
VALUES ('O1608440073','FC1225434870','NULL',20250206173046,'SF1202279488','NULL');
INSERT INTO overhaulRecord
VALUES ('O1610414839','FC947066919','NULL',20371121035023,'SF899961553','NULL');
INSERT INTO overhaulRecord
VALUES ('O1610746942','FC2048193797','NULL',20310504012636,'SF1929985611','NULL');
INSERT INTO overhaulRecord
VALUES ('O1613913591','FC460446611','NULL',20271220053917,'SF1037720193','NULL');
INSERT INTO overhaulRecord
VALUES ('O1614290969','FC562060327','NULL',20430713181842,'SF955874934','NULL');
INSERT INTO overhaulRecord
VALUES ('O1617568683','FC1835921824','NULL',20221022013505,'SF20363079','NULL');
INSERT INTO overhaulRecord
VALUES ('O1622282777','FC1849985454','NULL',20201129105030,'SF1634053800','NULL');
INSERT INTO overhaulRecord
VALUES ('O1622353728','FC397188800','NULL',20630130014436,'SF1200305366','NULL');
INSERT INTO overhaulRecord
VALUES ('O1625222636','FC1437284112','NULL',20200326152511,'SF1248586464','NULL');
INSERT INTO overhaulRecord
VALUES ('O1627257563','FC1151522868','NULL',20220720093140,'SF1200305366','NULL');
INSERT INTO overhaulRecord
VALUES ('O1630346559','FC2061679962','NULL',20510320054755,'SF489261328','NULL');
INSERT INTO overhaulRecord
VALUES ('O1633073494','FC211297732','NULL',20820204180810,'SF1865471617','NULL');
INSERT INTO overhaulRecord
VALUES ('O1633179064','FC1012006899','NULL',20980205123245,'SF1867704366','NULL');
INSERT INTO overhaulRecord
VALUES ('O1633829135','FC1529974602','NULL',20790916092006,'SF609151569','NULL');
INSERT INTO overhaulRecord
VALUES ('O1634930566','FC122016447','NULL',20830404143108,'SF1202279488','NULL');
INSERT INTO overhaulRecord
VALUES ('O1636115967','FC1885328920','NULL',20120127195905,'SF489261328','NULL');
INSERT INTO overhaulRecord
VALUES ('O1636197932','FC409945087','NULL',20960417005247,'SF591746655','NULL');
INSERT INTO overhaulRecord
VALUES ('O1637393643','FC71445006','NULL',20360218071319,'SF1660893152','NULL');
INSERT INTO overhaulRecord
VALUES ('O1638514716','FC179192968','NULL',20481121205550,'SF868334615','NULL');
INSERT INTO overhaulRecord
VALUES ('O1645551445','FC1465144000','NULL',20221001130205,'SF997128370','NULL');
INSERT INTO overhaulRecord
VALUES ('O1645991109','FC1425832784','NULL',20370112201914,'SF797671113','NULL');
INSERT INTO overhaulRecord
VALUES ('O1653313176','FC1417186438','NULL',20601104035745,'SF818212383','NULL');
INSERT INTO overhaulRecord
VALUES ('O1653707683','FC1248957309','NULL',20930703165127,'SF818212383','NULL');
INSERT INTO overhaulRecord
VALUES ('O1657629329','FC576747919','NULL',20671017185639,'SF1983128491','NULL');
INSERT INTO overhaulRecord
VALUES ('O1658103276','FC1990728060','NULL',20791206044902,'SF611175310','NULL');
INSERT INTO overhaulRecord
VALUES ('O1659406694','FC364787084','NULL',20470728130109,'SF665365514','NULL');
INSERT INTO overhaulRecord
VALUES ('O1659672303','FC1582864125','NULL',20940620150249,'SF591746655','NULL');
INSERT INTO overhaulRecord
VALUES ('O1662023941','FC169929839','NULL',20230119194949,'SF20363079','NULL');
INSERT INTO overhaulRecord
VALUES ('O1664900931','FC501140775','NULL',2091227005748,'SF955874934','NULL');
INSERT INTO overhaulRecord
VALUES ('O1666364815','FC786918248','NULL',20500219171625,'SF1952294928','NULL');
INSERT INTO overhaulRecord
VALUES ('O1668619214','FC1213487052','NULL',20160512154723,'SF1248586464','NULL');
INSERT INTO overhaulRecord
VALUES ('O1670022980','FC421462163','NULL',2050710073954,'SF467523236','NULL');
INSERT INTO overhaulRecord
VALUES ('O1670367946','FC1941525871','NULL',20601203132310,'SF467523236','NULL');
INSERT INTO overhaulRecord
VALUES ('O167149494','FC1330770677','NULL',20930823054613,'SF1983128491','NULL');
INSERT INTO overhaulRecord
VALUES ('O1672552897','FC223709786','NULL',20660307050154,'SF1521338764','NULL');
INSERT INTO overhaulRecord
VALUES ('O1673093366','FC500529709','NULL',20380827183933,'SF1921617049','NULL');
INSERT INTO overhaulRecord
VALUES ('O1673246329','FC267261185','NULL',20490410051608,'SF818212383','NULL');
INSERT INTO overhaulRecord
VALUES ('O1674277434','FC258525733','NULL',20460819070353,'SF1983128491','NULL');
INSERT INTO overhaulRecord
VALUES ('O1674427155','FC1035900954','NULL',20420101144941,'SF1494346797','NULL');
INSERT INTO overhaulRecord
VALUES ('O1675279524','FC1224851810','NULL',20700106113808,'SF489261328','NULL');
INSERT INTO overhaulRecord
VALUES ('O1677508857','FC343385190','NULL',20561123175620,'SF1494346797','NULL');
INSERT INTO overhaulRecord
VALUES ('O1677565378','FC223709786','NULL',20761107031616,'SF1202279488','NULL');
INSERT INTO overhaulRecord
VALUES ('O1677758234','FC109330061','NULL',20930121113456,'SF467523236','NULL');
INSERT INTO overhaulRecord
VALUES ('O1678429435','FC332857169','NULL',20520228005958,'SF1200305366','NULL');
INSERT INTO overhaulRecord
VALUES ('O1678529887','FC1346544393','NULL',20970814020516,'SF300255333','NULL');
INSERT INTO overhaulRecord
VALUES ('O1679236929','FC249929070','NULL',20291225033814,'SF997128370','NULL');
INSERT INTO overhaulRecord
VALUES ('O1680684258','FC1211017150','NULL',20230412234223,'SF1521338764','NULL');
INSERT INTO overhaulRecord
VALUES ('O1680960922','FC137124180','NULL',20370120234122,'SF1037720193','NULL');
INSERT INTO overhaulRecord
VALUES ('O1681232031','FC1128702505','NULL',20791108101750,'SF2110782199','NULL');
INSERT INTO overhaulRecord
VALUES ('O1686210846','FC848937547','NULL',20600303193318,'SF792368880','NULL');
INSERT INTO overhaulRecord
VALUES ('O1686336254','FC1042361408','NULL',20190110000409,'SF926495450','NULL');
INSERT INTO overhaulRecord
VALUES ('O1689963223','FC1425832784','NULL',20550418012219,'SF1660893152','NULL');
INSERT INTO overhaulRecord
VALUES ('O1691631922','FC601946955','NULL',20731225221208,'SF1867704366','NULL');
INSERT INTO overhaulRecord
VALUES ('O1692774148','FC1606629417','NULL',20651106125453,'SF665365514','NULL');
INSERT INTO overhaulRecord
VALUES ('O1694575539','FC960153632','NULL',20600429035206,'SF609151569','NULL');
INSERT INTO overhaulRecord
VALUES ('O1697132771','FC1945536518','NULL',20280701181122,'SF1037720193','NULL');
INSERT INTO overhaulRecord
VALUES ('O1703639674','FC1658490625','NULL',20510928164104,'SF609151569','NULL');
INSERT INTO overhaulRecord
VALUES ('O1704245202','FC1029657455','NULL',20600617054221,'SF195784358','NULL');
INSERT INTO overhaulRecord
VALUES ('O1706623817','FC831158555','NULL',20340427110743,'SF591746655','NULL');
INSERT INTO overhaulRecord
VALUES ('O1706950503','FC2109884321','NULL',20740114222627,'SF1952294928','NULL');
INSERT INTO overhaulRecord
VALUES ('O1708700235','FC1055877693','NULL',20470817181439,'SF1357729340','NULL');
INSERT INTO overhaulRecord
VALUES ('O1709790428','FC662574507','NULL',2070802140641,'SF467523236','NULL');
INSERT INTO overhaulRecord
VALUES ('O1710888540','FC1369999817','NULL',20481015044703,'SF300255333','NULL');
INSERT INTO overhaulRecord
VALUES ('O1711089578','FC1470430418','NULL',20880312175528,'SF665365514','NULL');
INSERT INTO overhaulRecord
VALUES ('O1713544273','FC1628366811','NULL',20570731110559,'SF20363079','NULL');
INSERT INTO overhaulRecord
VALUES ('O1713955274','FC100559825','NULL',2091202153215,'SF1867704366','NULL');
INSERT INTO overhaulRecord
VALUES ('O1717087325','FC656865866','NULL',20930815233105,'SF1634053800','NULL');
INSERT INTO overhaulRecord
VALUES ('O1717742297','FC917344081','NULL',20970730135738,'SF1553591775','NULL');
INSERT INTO overhaulRecord
VALUES ('O1719661391','FC438226754','NULL',20361217204442,'SF1037720193','NULL');
INSERT INTO overhaulRecord
VALUES ('O1722664405','FC500529709','NULL',20910401090349,'SF1194455331','NULL');
INSERT INTO overhaulRecord
VALUES ('O1726041783','FC2118108038','NULL',2020402204315,'SF850843869','NULL');
INSERT INTO overhaulRecord
VALUES ('O1726296134','FC230387280','NULL',20900719054601,'SF64852531','NULL');
INSERT INTO overhaulRecord
VALUES ('O1729955709','FC1293055872','NULL',20280121101329,'SF2110782199','NULL');
INSERT INTO overhaulRecord
VALUES ('O173146699','FC1653018704','NULL',20680725161421,'SF64852531','NULL');
INSERT INTO overhaulRecord
VALUES ('O1734820961','FC2004987816','NULL',20390220201642,'SF205103753','NULL');
INSERT INTO overhaulRecord
VALUES ('O1735986866','FC825755095','NULL',20311228093710,'SF1948492940','NULL');
INSERT INTO overhaulRecord
VALUES ('O1737254205','FC1362519610','NULL',20990524165109,'SF818212383','NULL');
INSERT INTO overhaulRecord
VALUES ('O1740370185','FC1169829963','NULL',20260111111227,'SF1929985611','NULL');
INSERT INTO overhaulRecord
VALUES ('O1741073600','FC1763909821','NULL',20310415191703,'SF1948492940','NULL');
INSERT INTO overhaulRecord
VALUES ('O1741868654','FC1006476989','NULL',20610225084954,'SF489261328','NULL');
INSERT INTO overhaulRecord
VALUES ('O1743925474','FC1722606974','NULL',20330327205554,'SF467523236','NULL');
INSERT INTO overhaulRecord
VALUES ('O1746791940','FC1601879446','NULL',20470107214139,'SF1929985611','NULL');
INSERT INTO overhaulRecord
VALUES ('O1747979363','FC1665112987','NULL',20220630174308,'SF926495450','NULL');
INSERT INTO overhaulRecord
VALUES ('O1749282008','FC1187029454','NULL',2000721080449,'SF797671113','NULL');
INSERT INTO overhaulRecord
VALUES ('O1750828596','FC1102476353','NULL',20690115100004,'SF1494346797','NULL');
INSERT INTO overhaulRecord
VALUES ('O1756128074','FC258525733','NULL',20750312105434,'SF1200305366','NULL');
INSERT INTO overhaulRecord
VALUES ('O175937487','FC1411817042','NULL',20810827191553,'SF1737007784','NULL');
INSERT INTO overhaulRecord
VALUES ('O1762839769','FC1089285200','NULL',20871005162342,'SF1160017263','NULL');
INSERT INTO overhaulRecord
VALUES ('O176849618','FC1021946093','NULL',20951123042111,'SF609151569','NULL');
INSERT INTO overhaulRecord
VALUES ('O1770664309','FC230387280','NULL',20430124182601,'SF1638761958','NULL');
INSERT INTO overhaulRecord
VALUES ('O1772330653','FC1063456637','NULL',20560601024950,'SF1867704366','NULL');
INSERT INTO overhaulRecord
VALUES ('O1773874217','FC2112219773','NULL',20450811143640,'SF1660893152','NULL');
INSERT INTO overhaulRecord
VALUES ('O1774351578','FC500379544','NULL',20321001203337,'SF997128370','NULL');
INSERT INTO overhaulRecord
VALUES ('O1780375324','FC522215712','NULL',20400401051928,'SF1948492940','NULL');
INSERT INTO overhaulRecord
VALUES ('O1782890041','FC1688188237','NULL',20611201041920,'SF665365514','NULL');
INSERT INTO overhaulRecord
VALUES ('O1783387953','FC672824806','NULL',20271018195234,'SF1638761958','NULL');
INSERT INTO overhaulRecord
VALUES ('O1785284137','FC1192858172','NULL',20680714124244,'SF1948492940','NULL');
INSERT INTO overhaulRecord
VALUES ('O1785504994','FC2054205273','NULL',20230409115017,'SF1521338764','NULL');
INSERT INTO overhaulRecord
VALUES ('O178899106','FC837806141','NULL',20740924203101,'SF955874934','NULL');
INSERT INTO overhaulRecord
VALUES ('O1790523765','FC1330770677','NULL',20810909001042,'SF1948492940','NULL');
INSERT INTO overhaulRecord
VALUES ('O1793839025','FC1934557976','NULL',20690705235736,'SF1202279488','NULL');
INSERT INTO overhaulRecord
VALUES ('O179778680','FC1248957309','NULL',20841124024247,'SF1194455331','NULL');
INSERT INTO overhaulRecord
VALUES ('O179882779','FC688750144','NULL',20950902075102,'SF602757702','NULL');
INSERT INTO overhaulRecord
VALUES ('O1801080580','FC2135917478','NULL',20520916015114,'SF818212383','NULL');
INSERT INTO overhaulRecord
VALUES ('O18018337','FC204916069','NULL',20471228022830,'SF1638761958','NULL');
INSERT INTO overhaulRecord
VALUES ('O181281718','FC116214234','NULL',20111228115650,'SF533615961','NULL');
INSERT INTO overhaulRecord
VALUES ('O181622352','FC396140029','NULL',2091213005913,'SF1248586464','NULL');
INSERT INTO overhaulRecord
VALUES ('O1816368097','FC539756008','NULL',20170915174702,'SF1342709477','NULL');
INSERT INTO overhaulRecord
VALUES ('O1816448282','FC429395109','NULL',20650808040351,'SF489261328','NULL');
INSERT INTO overhaulRecord
VALUES ('O1816760092','FC1906346270','NULL',20390824152052,'SF1494346797','NULL');
INSERT INTO overhaulRecord
VALUES ('O1819505243','FC470527884','NULL',2080915000742,'SF300255333','NULL');
INSERT INTO overhaulRecord
VALUES ('O1820441181','FC470257090','NULL',20790130122450,'SF797671113','NULL');
INSERT INTO overhaulRecord
VALUES ('O1825388376','FC273776345','NULL',20371001220838,'SF1983128491','NULL');
INSERT INTO overhaulRecord
VALUES ('O1828555026','FC442497371','NULL',20670713195240,'SF205103753','NULL');
INSERT INTO overhaulRecord
VALUES ('O1829313249','FC964317045','NULL',20520114053854,'SF1952294928','NULL');
INSERT INTO overhaulRecord
VALUES ('O183094818','FC1670433216','NULL',20290201235837,'SF609151569','NULL');
INSERT INTO overhaulRecord
VALUES ('O1832211831','FC95916011','NULL',20271209163338,'SF533615961','NULL');
INSERT INTO overhaulRecord
VALUES ('O1832450285','FC1248620016','NULL',2000407070758,'SF1521338764','NULL');
INSERT INTO overhaulRecord
VALUES ('O1832459370','FC1762177146','NULL',20820902171033,'SF997128370','NULL');
INSERT INTO overhaulRecord
VALUES ('O18327053','FC1158795524','NULL',2050613140942,'SF1248586464','NULL');
INSERT INTO overhaulRecord
VALUES ('O1838037248','FC522215712','NULL',20680201000406,'SF1521338764','NULL');
INSERT INTO overhaulRecord
VALUES ('O1838090481','FC1109969466','NULL',20470102204056,'SF1929985611','NULL');
INSERT INTO overhaulRecord
VALUES ('O1840028884','FC1309705917','NULL',20350923130509,'SF1160017263','NULL');
INSERT INTO overhaulRecord
VALUES ('O1840333566','FC786918248','NULL',20130904223358,'SF2018663870','NULL');
INSERT INTO overhaulRecord
VALUES ('O1840780717','FC1560453565','NULL',20901002172437,'SF591746655','NULL');
INSERT INTO overhaulRecord
VALUES ('O1842364758','FC2103140335','NULL',20390408034824,'SF792368880','NULL');
INSERT INTO overhaulRecord
VALUES ('O1842535144','FC1653230297','NULL',20950525190539,'SF1983128491','NULL');
INSERT INTO overhaulRecord
VALUES ('O1850257462','FC689752552','NULL',20320115002931,'SF955874934','NULL');
INSERT INTO overhaulRecord
VALUES ('O1851062236','FC1765846077','NULL',20750703150623,'SF300255333','NULL');
INSERT INTO overhaulRecord
VALUES ('O1852036341','FC2135917478','NULL',20130723114233,'SF39300910','NULL');
INSERT INTO overhaulRecord
VALUES ('O1852041655','FC1386289825','NULL',2011225030500,'SF1983128491','NULL');
INSERT INTO overhaulRecord
VALUES ('O1856195859','FC1498179826','NULL',20640207191605,'SF64852531','NULL');
INSERT INTO overhaulRecord
VALUES ('O1861581453','FC454680209','NULL',2001010030341,'SF1037720193','NULL');
INSERT INTO overhaulRecord
VALUES ('O1864275652','FC688750144','NULL',20970528005634,'SF1202279488','NULL');
INSERT INTO overhaulRecord
VALUES ('O1866287551','FC1670433216','NULL',20990521195918,'SF591746655','NULL');
INSERT INTO overhaulRecord
VALUES ('O1866574810','FC647758975','NULL',20811025183702,'SF1194455331','NULL');
INSERT INTO overhaulRecord
VALUES ('O1872631410','FC477733069','NULL',20541105084003,'SF1252914741','NULL');
INSERT INTO overhaulRecord
VALUES ('O1874144884','FC647758975','NULL',20300308122133,'SF609151569','NULL');
INSERT INTO overhaulRecord
VALUES ('O1877647116','FC1316347609','NULL',20760613011458,'SF868334615','NULL');
INSERT INTO overhaulRecord
VALUES ('O1878374610','FC927853915','NULL',20940228211447,'SF1921617049','NULL');
INSERT INTO overhaulRecord
VALUES ('O1878416817','FC1862341607','NULL',20690801124824,'SF70906444','NULL');
INSERT INTO overhaulRecord
VALUES ('O187856575','FC546477043','NULL',20890314124405,'SF1160017263','NULL');
INSERT INTO overhaulRecord
VALUES ('O1879023818','FC1437284112','NULL',20340302055000,'SF1248586464','NULL');
INSERT INTO overhaulRecord
VALUES ('O1879840229','FC171980448','NULL',20350621174144,'SF1342709477','NULL');
INSERT INTO overhaulRecord
VALUES ('O1881216143','FC1417186438','NULL',2090801162508,'SF533615961','NULL');
INSERT INTO overhaulRecord
VALUES ('O1882746951','FC527901094','NULL',20881220014047,'SF1867704366','NULL');
INSERT INTO overhaulRecord
VALUES ('O1883204311','FC849386574','NULL',20451227235606,'SF611175310','NULL');
INSERT INTO overhaulRecord
VALUES ('O1884687818','FC122016447','NULL',20240317004243,'SF1865471617','NULL');
INSERT INTO overhaulRecord
VALUES ('O1885499649','FC1452164035','NULL',20991202003045,'SF1202279488','NULL');
INSERT INTO overhaulRecord
VALUES ('O1887017431','FC960153632','NULL',20801129211252,'SF1160017263','NULL');
INSERT INTO overhaulRecord
VALUES ('O1887214321','FC1796425720','NULL',20350914064048,'SF1202279488','NULL');
INSERT INTO overhaulRecord
VALUES ('O1888347706','FC792726243','NULL',20760313121119,'SF997128370','NULL');
INSERT INTO overhaulRecord
VALUES ('O1888864798','FC554502609','NULL',20800422215723,'SF1675159789','NULL');
INSERT INTO overhaulRecord
VALUES ('O1891126428','FC1561988538','NULL',20930203040332,'SF64852531','NULL');
INSERT INTO overhaulRecord
VALUES ('O1891885491','FC1386289825','NULL',20700331025041,'SF1553591775','NULL');
INSERT INTO overhaulRecord
VALUES ('O1894256977','FC1187029454','NULL',20160828072257,'SF1675159789','NULL');
INSERT INTO overhaulRecord
VALUES ('O1895417749','FC875947184','NULL',20450210203305,'SF792368880','NULL');
INSERT INTO overhaulRecord
VALUES ('O189956120','FC161234141','NULL',20650219100359,'SF1865471617','NULL');
INSERT INTO overhaulRecord
VALUES ('O1902861366','FC897247401','NULL',20780826213928,'SF1521338764','NULL');
INSERT INTO overhaulRecord
VALUES ('O1907067190','FC967324401','NULL',20100805221416,'SF868334615','NULL');
INSERT INTO overhaulRecord
VALUES ('O1908972891','FC1912449531','NULL',20790717011657,'SF602757702','NULL');
INSERT INTO overhaulRecord
VALUES ('O1909657217','FC818117252','NULL',2011006083753,'SF1865471617','NULL');
INSERT INTO overhaulRecord
VALUES ('O190992979','FC1672330650','NULL',20380718110850,'SF39300910','NULL');
INSERT INTO overhaulRecord
VALUES ('O1910012129','FC502339150','NULL',20590411235925,'SF1952294928','NULL');
INSERT INTO overhaulRecord
VALUES ('O1911731519','FC1052762933','NULL',20260812225552,'SF602757702','NULL');
INSERT INTO overhaulRecord
VALUES ('O1913001124','FC127011668','NULL',20751112190559,'SF926495450','NULL');
INSERT INTO overhaulRecord
VALUES ('O1914367994','FC1732882585','NULL',20580710124222,'SF1634053800','NULL');
INSERT INTO overhaulRecord
VALUES ('O1916214193','FC298049324','NULL',20370103163625,'SF70906444','NULL');
INSERT INTO overhaulRecord
VALUES ('O1917084783','FC986328841','NULL',20990930005325,'SF926495450','NULL');
INSERT INTO overhaulRecord
VALUES ('O1917386716','FC171980448','NULL',20740105183805,'SF997128370','NULL');
INSERT INTO overhaulRecord
VALUES ('O1921137263','FC1192351454','NULL',20290621220155,'SF955874934','NULL');
INSERT INTO overhaulRecord
VALUES ('O1921254499','FC905864682','NULL',2090330172444,'SF1948492940','NULL');
INSERT INTO overhaulRecord
VALUES ('O1921316647','FC1006476989','NULL',20371029191930,'SF1634053800','NULL');
INSERT INTO overhaulRecord
VALUES ('O1922724537','FC127011668','NULL',20560316160230,'SF1983128491','NULL');
INSERT INTO overhaulRecord
VALUES ('O192739333','FC1762177146','NULL',20370415173914,'SF611175310','NULL');
INSERT INTO overhaulRecord
VALUES ('O1929266164','FC1256126499','NULL',20300901051511,'SF1521338764','NULL');
INSERT INTO overhaulRecord
VALUES ('O1929626355','FC421462163','NULL',20561030122649,'SF20363079','NULL');
INSERT INTO overhaulRecord
VALUES ('O1931715572','FC1298543043','NULL',20531202075719,'SF467523236','NULL');
INSERT INTO overhaulRecord
VALUES ('O1932234406','FC1522418468','NULL',20670315224053,'SF1357729340','NULL');
INSERT INTO overhaulRecord
VALUES ('O1935624923','FC748211405','NULL',20950412060832,'SF850843869','NULL');
INSERT INTO overhaulRecord
VALUES ('O1936590809','FC1248620016','NULL',2000804064530,'SF792368880','NULL');
INSERT INTO overhaulRecord
VALUES ('O1936941438','FC1199691321','NULL',2000923153605,'SF997128370','NULL');
INSERT INTO overhaulRecord
VALUES ('O194162278','FC79865958','NULL',20391019061010,'SF591746655','NULL');
INSERT INTO overhaulRecord
VALUES ('O1941725167','FC601946955','NULL',20741110085556,'SF1638761958','NULL');
INSERT INTO overhaulRecord
VALUES ('O1942363235','FC1862341607','NULL',20940312133034,'SF1983128491','NULL');
INSERT INTO overhaulRecord
VALUES ('O19432328','FC1149995715','NULL',20190305141148,'SF1160017263','NULL');
INSERT INTO overhaulRecord
VALUES ('O1943261085','FC412643394','NULL',2040130080522,'SF1634053800','NULL');
INSERT INTO overhaulRecord
VALUES ('O1944119857','FC179192968','NULL',20281028224208,'SF467523236','NULL');
INSERT INTO overhaulRecord
VALUES ('O1944738357','FC1793991052','NULL',20550114082703,'SF1342709477','NULL');
INSERT INTO overhaulRecord
VALUES ('O1946112894','FC2077706828','NULL',20321227202833,'SF1983128491','NULL');
INSERT INTO overhaulRecord
VALUES ('O1946238755','FC1437467386','NULL',20710316062222,'SF1160017263','NULL');
INSERT INTO overhaulRecord
VALUES ('O1946559376','FC351014599','NULL',20900920225037,'SF1037720193','NULL');
INSERT INTO overhaulRecord
VALUES ('O1951482910','FC1653230297','NULL',20980320080526,'SF205103753','NULL');
INSERT INTO overhaulRecord
VALUES ('O1956681403','FC565040932','NULL',20700526125920,'SF1867704366','NULL');
INSERT INTO overhaulRecord
VALUES ('O195730916','FC501140775','NULL',20760927043841,'SF1865471617','NULL');
INSERT INTO overhaulRecord
VALUES ('O1963101081','FC792726243','NULL',2030412091321,'SF2110782199','NULL');
INSERT INTO overhaulRecord
VALUES ('O1963767646','FC109330061','NULL',20440906141653,'SF609151569','NULL');
INSERT INTO overhaulRecord
VALUES ('O1964932876','FC1764807751','NULL',2050203073341,'SF1929985611','NULL');
INSERT INTO overhaulRecord
VALUES ('O1965796105','FC1945536518','NULL',20610504221103,'SF1248586464','NULL');
INSERT INTO overhaulRecord
VALUES ('O1967834838','FC1077732988','NULL',20641025185359,'SF797671113','NULL');
INSERT INTO overhaulRecord
VALUES ('O1968797066','FC1067040992','NULL',20760221113840,'SF300255333','NULL');
INSERT INTO overhaulRecord
VALUES ('O1972063460','FC61866605','NULL',20250422230051,'SF792368880','NULL');
INSERT INTO overhaulRecord
VALUES ('O1972308975','FC1369999817','NULL',2050414233317,'SF1675159789','NULL');
INSERT INTO overhaulRecord
VALUES ('O1973521961','FC2052359337','NULL',20580320065149,'SF1037720193','NULL');
INSERT INTO overhaulRecord
VALUES ('O1974527282','FC656865866','NULL',20850410043703,'SF926495450','NULL');
INSERT INTO overhaulRecord
VALUES ('O1975878780','FC1382331208','NULL',20790516105244,'SF1737007784','NULL');
INSERT INTO overhaulRecord
VALUES ('O1979303595','FC818117252','NULL',20520310211825,'SF591746655','NULL');
INSERT INTO overhaulRecord
VALUES ('O197980620','FC1426554751','NULL',20200319221912,'SF20363079','NULL');
INSERT INTO overhaulRecord
VALUES ('O1981049537','FC1796632072','NULL',20190924122755,'SF797671113','NULL');
INSERT INTO overhaulRecord
VALUES ('O1984866946','FC1796632072','NULL',20390809012336,'SF1521338764','NULL');
INSERT INTO overhaulRecord
VALUES ('O1985876223','FC1021946093','NULL',20210920171121,'SF2018663870','NULL');
INSERT INTO overhaulRecord
VALUES ('O1991425191','FC837806141','NULL',20970111230735,'SF1952294928','NULL');
INSERT INTO overhaulRecord
VALUES ('O1993956260','FC1808575722','NULL',20220606104221,'SF1037720193','NULL');
INSERT INTO overhaulRecord
VALUES ('O1995743589','FC1351819771','NULL',20490529230159,'SF2018663870','NULL');
INSERT INTO overhaulRecord
VALUES ('O1996968817','FC2112219773','NULL',20700914230129,'SF1037720193','NULL');
INSERT INTO overhaulRecord
VALUES ('O1999424339','FC981077953','NULL',20780906073541,'SF1160017263','NULL');
INSERT INTO overhaulRecord
VALUES ('O2002618561','FC1016867554','NULL',20290322074404,'SF609151569','NULL');
INSERT INTO overhaulRecord
VALUES ('O2004014626','FC2080914139','NULL',20420914145528,'SF997128370','NULL');
INSERT INTO overhaulRecord
VALUES ('O2004769837','FC1965818197','NULL',20830509032100,'SF1194455331','NULL');
INSERT INTO overhaulRecord
VALUES ('O2005700609','FC317444836','NULL',20160307121903,'SF70906444','NULL');
INSERT INTO overhaulRecord
VALUES ('O2006279991','FC1560453565','NULL',20830827112641,'SF611175310','NULL');
INSERT INTO overhaulRecord
VALUES ('O2009282764','FC171980448','NULL',20520710234521,'SF868334615','NULL');
INSERT INTO overhaulRecord
VALUES ('O2009491302','FC1628366811','NULL',20810609153542,'SF611175310','NULL');
INSERT INTO overhaulRecord
VALUES ('O2010863529','FC438226754','NULL',20271223234112,'SF1865471617','NULL');
INSERT INTO overhaulRecord
VALUES ('O2012317557','FC1796425720','NULL',20680921092741,'SF611175310','NULL');
INSERT INTO overhaulRecord
VALUES ('O2013178204','FC1293055872','NULL',20100822220515,'SF609151569','NULL');
INSERT INTO overhaulRecord
VALUES ('O2014951797','FC113806295','NULL',20480710062258,'SF602757702','NULL');
INSERT INTO overhaulRecord
VALUES ('O2015196252','FC1498179826','NULL',20451108225503,'SF39300910','NULL');
INSERT INTO overhaulRecord
VALUES ('O2017270261','FC1035900954','NULL',20490717150339,'SF1952294928','NULL');
INSERT INTO overhaulRecord
VALUES ('O2017996236','FC364787084','NULL',2010329094936,'SF609151569','NULL');
INSERT INTO overhaulRecord
VALUES ('O2019670373','FC1835921824','NULL',20600801102201,'SF1675159789','NULL');
INSERT INTO overhaulRecord
VALUES ('O2020161959','FC346999746','NULL',20690307222808,'SF20363079','NULL');
INSERT INTO overhaulRecord
VALUES ('O2021293724','FC1215410496','NULL',20420924212034,'SF1248586464','NULL');
INSERT INTO overhaulRecord
VALUES ('O2024401438','FC1063456637','NULL',20910708070610,'SF997128370','NULL');
INSERT INTO overhaulRecord
VALUES ('O2025894389','FC1339150788','NULL',20670717164342,'SF997128370','NULL');
INSERT INTO overhaulRecord
VALUES ('O2031278672','FC318265725','NULL',20921010015415,'SF64852531','NULL');
INSERT INTO overhaulRecord
VALUES ('O203195128','FC1127530366','NULL',20540614194812,'SF1952294928','NULL');
INSERT INTO overhaulRecord
VALUES ('O2033333412','FC1213487052','NULL',20770812144802,'SF1037720193','NULL');
INSERT INTO overhaulRecord
VALUES ('O2033501025','FC1575803783','NULL',20580114000158,'SF1675159789','NULL');
INSERT INTO overhaulRecord
VALUES ('O2033948268','FC1121038845','NULL',20311103102933,'SF850843869','NULL');
INSERT INTO overhaulRecord
VALUES ('O2036611003','FC1204757710','NULL',20160505082414,'SF489261328','NULL');
INSERT INTO overhaulRecord
VALUES ('O2040361403','FC625159005','NULL',20540921041116,'SF1194455331','NULL');
INSERT INTO overhaulRecord
VALUES ('O2041013643','FC1362519610','NULL',20980316153411,'SF1660893152','NULL');
INSERT INTO overhaulRecord
VALUES ('O204259883','FC217491406','NULL',20330829022354,'SF1202279488','NULL');
INSERT INTO overhaulRecord
VALUES ('O2043050521','FC924140082','NULL',20900410130351,'SF64852531','NULL');
INSERT INTO overhaulRecord
VALUES ('O2043845737','FC707547192','NULL',20120416125146,'SF1037720193','NULL');
INSERT INTO overhaulRecord
VALUES ('O2044428095','FC1426554751','NULL',20330208140745,'SF20363079','NULL');
INSERT INTO overhaulRecord
VALUES ('O2044856950','FC1042361408','NULL',20450125083940,'SF1194455331','NULL');
INSERT INTO overhaulRecord
VALUES ('O2045294454','FC230387280','NULL',20230106013410,'SF1675159789','NULL');
INSERT INTO overhaulRecord
VALUES ('O2047390032','FC454680209','NULL',20180306224413,'SF195784358','NULL');
INSERT INTO overhaulRecord
VALUES ('O2048599506','FC831643895','NULL',20280403161827,'SF609151569','NULL');
INSERT INTO overhaulRecord
VALUES ('O2052760958','FC711987320','NULL',20220125001444,'SF1252914741','NULL');
INSERT INTO overhaulRecord
VALUES ('O2054052343','FC967324401','NULL',20751102220513,'SF1037720193','NULL');
INSERT INTO overhaulRecord
VALUES ('O2054174378','FC2005037210','NULL',20121007041713,'SF926495450','NULL');
INSERT INTO overhaulRecord
VALUES ('O2055021899','FC1949295208','NULL',20950923135137,'SF467523236','NULL');
INSERT INTO overhaulRecord
VALUES ('O2058174622','FC1339150788','NULL',20970322192136,'SF602757702','NULL');
INSERT INTO overhaulRecord
VALUES ('O2058270115','FC323327752','NULL',20240303022751,'SF1248586464','NULL');
INSERT INTO overhaulRecord
VALUES ('O2064684149','FC1387129088','NULL',20941213074515,'SF1553591775','NULL');
INSERT INTO overhaulRecord
VALUES ('O206584991','FC129876731','NULL',20501018234610,'SF850843869','NULL');
INSERT INTO overhaulRecord
VALUES ('O2066775187','FC620207043','NULL',20150225133015,'SF1948492940','NULL');
INSERT INTO overhaulRecord
VALUES ('O2068686972','FC924140082','NULL',20200828022535,'SF467523236','NULL');
INSERT INTO overhaulRecord
VALUES ('O2069237275','FC565040932','NULL',20970912174534,'SF1342709477','NULL');
INSERT INTO overhaulRecord
VALUES ('O207406363','FC116214234','NULL',20350614200914,'SF792368880','NULL');
INSERT INTO overhaulRecord
VALUES ('O2075893023','FC1227744421','NULL',20920110014907,'SF1867704366','NULL');
INSERT INTO overhaulRecord
VALUES ('O2076487732','FC658519360','NULL',20680514023623,'SF1037720193','NULL');
INSERT INTO overhaulRecord
VALUES ('O2077056078','FC361420113','NULL',20950309150243,'SF868334615','NULL');
INSERT INTO overhaulRecord
VALUES ('O2078023622','FC1077732988','NULL',20431207232842,'SF1929985611','NULL');
INSERT INTO overhaulRecord
VALUES ('O207836617','FC737407649','NULL',20790305082142,'SF797671113','NULL');
INSERT INTO overhaulRecord
VALUES ('O2079595138','FC1981441166','NULL',2050120110201,'SF1194455331','NULL');
INSERT INTO overhaulRecord
VALUES ('O207964422','FC460446611','NULL',20770208221832,'SF1675159789','NULL');
INSERT INTO overhaulRecord
VALUES ('O2080162246','FC1932850130','NULL',20711120162510,'SF1252914741','NULL');
INSERT INTO overhaulRecord
VALUES ('O2084716252','FC1843112480','NULL',20230411164152,'SF1202279488','NULL');
INSERT INTO overhaulRecord
VALUES ('O2095814280','FC120654773','NULL',20890126104339,'SF1737007784','NULL');
INSERT INTO overhaulRecord
VALUES ('O2095960639','FC1862341607','NULL',20540702060032,'SF1660893152','NULL');
INSERT INTO overhaulRecord
VALUES ('O2101416811','FC1941525871','NULL',20220724012554,'SF1357729340','NULL');
INSERT INTO overhaulRecord
VALUES ('O2102732085','FC384307361','NULL',20801005014257,'SF1634053800','NULL');
INSERT INTO overhaulRecord
VALUES ('O2105724017','FC1522418468','NULL',20910505033905,'SF818212383','NULL');
INSERT INTO overhaulRecord
VALUES ('O2107781382','FC787657300','NULL',2090414054924,'SF899961553','NULL');
INSERT INTO overhaulRecord
VALUES ('O2110808488','FC2005829902','NULL',20341027172403,'SF591746655','NULL');
INSERT INTO overhaulRecord
VALUES ('O2111135643','FC1883545381','NULL',20701226104920,'SF1867704366','NULL');
INSERT INTO overhaulRecord
VALUES ('O2111327828','FC1204757710','NULL',20460215204804,'SF1921617049','NULL');
INSERT INTO overhaulRecord
VALUES ('O211512605','FC442497371','NULL',20341006201054,'SF797671113','NULL');
INSERT INTO overhaulRecord
VALUES ('O2122166151','FC109330061','NULL',20920506060020,'SF1202279488','NULL');
INSERT INTO overhaulRecord
VALUES ('O2125843842','FC1225434870','NULL',20690525084450,'SF1357729340','NULL');
INSERT INTO overhaulRecord
VALUES ('O2125880366','FC548182486','NULL',20240412115704,'SF467523236','NULL');
INSERT INTO overhaulRecord
VALUES ('O2129105363','FC1945536518','NULL',20431022040207,'SF1160017263','NULL');
INSERT INTO overhaulRecord
VALUES ('O2135977465','FC967324401','NULL',20570607043952,'SF64852531','NULL');
INSERT INTO overhaulRecord
VALUES ('O2140944986','FC130264983','NULL',20560321200723,'SF1638761958','NULL');
INSERT INTO overhaulRecord
VALUES ('O2143465648','FC348509739','NULL',20471212114458,'SF1948492940','NULL');
INSERT INTO overhaulRecord
VALUES ('O2144751361','FC462716126','NULL',20770420201357,'SF64852531','NULL');
INSERT INTO overhaulRecord
VALUES ('O2147171339','FC1622386541','NULL',20220430235133,'SF70906444','NULL');
INSERT INTO overhaulRecord
VALUES ('O2147274023','FC1172986724','NULL',20400906115903,'SF665365514','NULL');
INSERT INTO overhaulRecord
VALUES ('O218307590','FC1042361408','NULL',20310716145132,'SF1200305366','NULL');
INSERT INTO overhaulRecord
VALUES ('O221665209','FC1653230297','NULL',20560608105631,'SF1948492940','NULL');
INSERT INTO overhaulRecord
VALUES ('O223781807','FC1346544393','NULL',20520301234044,'SF20363079','NULL');
INSERT INTO overhaulRecord
VALUES ('O226861980','FC709373864','NULL',20150902233744,'SF665365514','NULL');
INSERT INTO overhaulRecord
VALUES ('O228525255','FC1478673356','NULL',20621114033419,'SF1921617049','NULL');
INSERT INTO overhaulRecord
VALUES ('O228947098','FC1793991052','NULL',20161206103252,'SF1737007784','NULL');
INSERT INTO overhaulRecord
VALUES ('O229295350','FC470257090','NULL',20240504144556,'SF1357729340','NULL');
INSERT INTO overhaulRecord
VALUES ('O231423108','FC1754816362','NULL',2010426134634,'SF926495450','NULL');
INSERT INTO overhaulRecord
VALUES ('O232519393','FC2038170084','NULL',20290917164831,'SF1553591775','NULL');
INSERT INTO overhaulRecord
VALUES ('O232994215','FC886812878','NULL',20560620184321,'SF205103753','NULL');
INSERT INTO overhaulRecord
VALUES ('O236228408','FC784872308','NULL',2000410085459,'SF591746655','NULL');
INSERT INTO overhaulRecord
VALUES ('O239269145','FC1172986724','NULL',2051226155644,'SF1252914741','NULL');
INSERT INTO overhaulRecord
VALUES ('O239814226','FC554414958','NULL',20751124184028,'SF926495450','NULL');
INSERT INTO overhaulRecord
VALUES ('O239968479','FC297226018','NULL',20830505212352,'SF1929985611','NULL');
INSERT INTO overhaulRecord
VALUES ('O251616820','FC55393957','NULL',20570205011535,'SF1521338764','NULL');
INSERT INTO overhaulRecord
VALUES ('O252876599','FC371284160','NULL',20140415210605,'SF64852531','NULL');
INSERT INTO overhaulRecord
VALUES ('O253095362','FC945316440','NULL',20300124060323,'SF1948492940','NULL');
INSERT INTO overhaulRecord
VALUES ('O253412281','FC862209191','NULL',20250719003902,'SF899961553','NULL');
INSERT INTO overhaulRecord
VALUES ('O256900463','FC55393957','NULL',2070602222630,'SF1952294928','NULL');
INSERT INTO overhaulRecord
VALUES ('O257485821','FC1447661627','NULL',20860705002510,'SF665365514','NULL');
INSERT INTO overhaulRecord
VALUES ('O272026714','FC1347100726','NULL',20190117062341,'SF1929985611','NULL');
INSERT INTO overhaulRecord
VALUES ('O276855054','FC1383123664','NULL',20670714165200,'SF591746655','NULL');
INSERT INTO overhaulRecord
VALUES ('O278026907','FC624950513','NULL',20330822214939,'SF39300910','NULL');
INSERT INTO overhaulRecord
VALUES ('O278182469','FC1883545381','NULL',2021031224058,'SF2110782199','NULL');
INSERT INTO overhaulRecord
VALUES ('O278994835','FC1478673356','NULL',20160101143845,'SF300255333','NULL');
INSERT INTO overhaulRecord
VALUES ('O27924510','FC1912449531','NULL',20590916001420,'SF1921617049','NULL');
INSERT INTO overhaulRecord
VALUES ('O279276021','FC2005037210','NULL',20600203021918,'SF1194455331','NULL');
INSERT INTO overhaulRecord
VALUES ('O280168742','FC658158904','NULL',20260702040657,'SF1660893152','NULL');
INSERT INTO overhaulRecord
VALUES ('O287570304','FC1922358306','NULL',20181219192631,'SF792368880','NULL');
INSERT INTO overhaulRecord
VALUES ('O288228309','FC802559494','NULL',20810110042239,'SF467523236','NULL');
INSERT INTO overhaulRecord
VALUES ('O290624634','FC1762177146','NULL',20581029125015,'SF467523236','NULL');
INSERT INTO overhaulRecord
VALUES ('O294453565','FC2046264372','NULL',20340608023933,'SF205103753','NULL');
INSERT INTO overhaulRecord
VALUES ('O295905945','FC748211405','NULL',20410522084724,'SF1865471617','NULL');
INSERT INTO overhaulRecord
VALUES ('O299240537','FC849386574','NULL',20210519023456,'SF1921617049','NULL');
INSERT INTO overhaulRecord
VALUES ('O300201335','FC25556254','NULL',2030814142133,'SF602757702','NULL');
INSERT INTO overhaulRecord
VALUES ('O301223896','FC831158555','NULL',2010811153314,'SF64852531','NULL');
INSERT INTO overhaulRecord
VALUES ('O305300509','FC396140029','NULL',20330628140137,'SF467523236','NULL');
INSERT INTO overhaulRecord
VALUES ('O305982684','FC179192968','NULL',20960513235040,'SF609151569','NULL');
INSERT INTO overhaulRecord
VALUES ('O307058939','FC845030463','NULL',20990327075259,'SF20363079','NULL');
INSERT INTO overhaulRecord
VALUES ('O30783431','FC384307361','NULL',20480616225736,'SF2018663870','NULL');
INSERT INTO overhaulRecord
VALUES ('O314518141','FC1688188237','NULL',20291115074703,'SF205103753','NULL');
INSERT INTO overhaulRecord
VALUES ('O316847594','FC1307945475','NULL',20471130025230,'SF1160017263','NULL');
INSERT INTO overhaulRecord
VALUES ('O31788297','FC470257090','NULL',2000817204454,'SF1921617049','NULL');
INSERT INTO overhaulRecord
VALUES ('O319376587','FC95676487','NULL',20440331113216,'SF1194455331','NULL');
INSERT INTO overhaulRecord
VALUES ('O320832295','FC1290486182','NULL',20450924032645,'SF1660893152','NULL');
INSERT INTO overhaulRecord
VALUES ('O328306248','FC996628618','NULL',20920116023819,'SF2110782199','NULL');
INSERT INTO overhaulRecord
VALUES ('O329041642','FC1417186438','NULL',20881213175629,'SF591746655','NULL');
INSERT INTO overhaulRecord
VALUES ('O32988356','FC297226018','NULL',2091104073034,'SF467523236','NULL');
INSERT INTO overhaulRecord
VALUES ('O331945664','FC2112219773','NULL',20881113205703,'SF665365514','NULL');
INSERT INTO overhaulRecord
VALUES ('O336384032','FC2135917478','NULL',20251017234827,'SF1948492940','NULL');
INSERT INTO overhaulRecord
VALUES ('O33730829','FC917344081','NULL',20460715161424,'SF1202279488','NULL');
INSERT INTO overhaulRecord
VALUES ('O339326671','FC2135917478','NULL',20630226010246,'SF300255333','NULL');
INSERT INTO overhaulRecord
VALUES ('O339765041','FC502339150','NULL',20590731230455,'SF1660893152','NULL');
INSERT INTO overhaulRecord
VALUES ('O340299634','FC1029618659','NULL',20280515121438,'SF665365514','NULL');
INSERT INTO overhaulRecord
VALUES ('O340856964','FC1266766121','NULL',2061118005700,'SF1929985611','NULL');
INSERT INTO overhaulRecord
VALUES ('O342885947','FC690778040','NULL',20300605150149,'SF850843869','NULL');
INSERT INTO overhaulRecord
VALUES ('O345532304','FC871090670','NULL',20860325221417,'SF1202279488','NULL');
INSERT INTO overhaulRecord
VALUES ('O348512999','FC204916069','NULL',20810528011411,'SF1194455331','NULL');
INSERT INTO overhaulRecord
VALUES ('O351054390','FC500529709','NULL',2050810212622,'SF1037720193','NULL');
INSERT INTO overhaulRecord
VALUES ('O353825980','FC2112219773','NULL',20700306070141,'SF1200305366','NULL');
INSERT INTO overhaulRecord
VALUES ('O35600649','FC100559825','NULL',20610626091247,'SF850843869','NULL');
INSERT INTO overhaulRecord
VALUES ('O362151841','FC519965269','NULL',20800516034132,'SF1867704366','NULL');
INSERT INTO overhaulRecord
VALUES ('O365180523','FC1803779530','NULL',20390612121955,'SF797671113','NULL');
INSERT INTO overhaulRecord
VALUES ('O365550907','FC282225650','NULL',20130726085339,'SF20363079','NULL');
INSERT INTO overhaulRecord
VALUES ('O365600367','FC1016867554','NULL',20180406010927,'SF20363079','NULL');
INSERT INTO overhaulRecord
VALUES ('O366174209','FC267261185','NULL',20581214031028,'SF1634053800','NULL');
INSERT INTO overhaulRecord
VALUES ('O366655579','FC1677603371','NULL',20290501055812,'SF1929985611','NULL');
INSERT INTO overhaulRecord
VALUES ('O367126150','FC1805389584','NULL',20131221014958,'SF850843869','NULL');
INSERT INTO overhaulRecord
VALUES ('O368127688','FC502339150','NULL',20790811155828,'SF1952294928','NULL');
INSERT INTO overhaulRecord
VALUES ('O369052511','FC1383123664','NULL',20801122005251,'SF1634053800','NULL');
INSERT INTO overhaulRecord
VALUES ('O369611','FC625159005','NULL',2000122014727,'SF1160017263','NULL');
INSERT INTO overhaulRecord
VALUES ('O369862303','FC967324401','NULL',20590320043926,'SF1948492940','NULL');
INSERT INTO overhaulRecord
VALUES ('O371027317','FC825755095','NULL',2040908142738,'SF1638761958','NULL');
INSERT INTO overhaulRecord
VALUES ('O372935382','FC39348586','NULL',20990815060345,'SF1929985611','NULL');
INSERT INTO overhaulRecord
VALUES ('O373051159','FC2007941952','NULL',20190215175649,'SF1553591775','NULL');
INSERT INTO overhaulRecord
VALUES ('O375224549','FC1113505735','NULL',20940813130821,'SF955874934','NULL');
INSERT INTO overhaulRecord
VALUES ('O378928930','FC66373573','NULL',20170408110358,'SF300255333','NULL');
INSERT INTO overhaulRecord
VALUES ('O384284646','FC208114276','NULL',20170626033915,'SF818212383','NULL');
INSERT INTO overhaulRecord
VALUES ('O384518366','FC1072826795','NULL',20440325182738,'SF1983128491','NULL');
INSERT INTO overhaulRecord
VALUES ('O384644842','FC1437467386','NULL',20150604225825,'SF997128370','NULL');
INSERT INTO overhaulRecord
VALUES ('O387039206','FC787657300','NULL',2070709102024,'SF1952294928','NULL');
INSERT INTO overhaulRecord
VALUES ('O388556024','FC5259131','NULL',20490914215700,'SF955874934','NULL');
INSERT INTO overhaulRecord
VALUES ('O38995732','FC289416889','NULL',20390423000529,'SF1037720193','NULL');
INSERT INTO overhaulRecord
VALUES ('O39367733','FC1501257238','NULL',20720917232855,'SF899961553','NULL');
INSERT INTO overhaulRecord
VALUES ('O394348772','FC1215410496','NULL',20310314172002,'SF300255333','NULL');
INSERT INTO overhaulRecord
VALUES ('O397111774','FC20614712','NULL',20910808213752,'SF1948492940','NULL');
INSERT INTO overhaulRecord
VALUES ('O400983342','FC2036777062','NULL',20550712112615,'SF868334615','NULL');
INSERT INTO overhaulRecord
VALUES ('O401798856','FC1805389584','NULL',20230811093314,'SF1248586464','NULL');
INSERT INTO overhaulRecord
VALUES ('O405818370','FC1063456637','NULL',20270511063104,'SF1252914741','NULL');
INSERT INTO overhaulRecord
VALUES ('O410008601','FC656865866','NULL',20430914050236,'SF1494346797','NULL');
INSERT INTO overhaulRecord
VALUES ('O410637688','FC1885328920','NULL',20110109031837,'SF926495450','NULL');
INSERT INTO overhaulRecord
VALUES ('O411083280','FC1633056854','NULL',20921129025137,'SF195784358','NULL');
INSERT INTO overhaulRecord
VALUES ('O411840877','FC831643895','NULL',20920709113233,'SF1929985611','NULL');
INSERT INTO overhaulRecord
VALUES ('O416625016','FC364787084','NULL',20911126151938,'SF1952294928','NULL');
INSERT INTO overhaulRecord
VALUES ('O417438723','FC130066704','NULL',20440928213510,'SF20363079','NULL');
INSERT INTO overhaulRecord
VALUES ('O418749822','FC1885328920','NULL',20951020063130,'SF955874934','NULL');
INSERT INTO overhaulRecord
VALUES ('O418755389','FC361420113','NULL',20290401153029,'SF1494346797','NULL');
INSERT INTO overhaulRecord
VALUES ('O419613320','FC211297732','NULL',20760811222032,'SF1194455331','NULL');
INSERT INTO overhaulRecord
VALUES ('O4213449','FC1629819083','NULL',20660726195610,'SF64852531','NULL');
INSERT INTO overhaulRecord
VALUES ('O4224050','FC1309705917','NULL',20620610184010,'SF1952294928','NULL');
INSERT INTO overhaulRecord
VALUES ('O424727484','FC580212197','NULL',20300713174032,'SF1867704366','NULL');
INSERT INTO overhaulRecord
VALUES ('O430310194','FC1633056854','NULL',20530316154413,'SF533615961','NULL');
INSERT INTO overhaulRecord
VALUES ('O430838287','FC945979504','NULL',20130507234209,'SF926495450','NULL');
INSERT INTO overhaulRecord
VALUES ('O431062634','FC886812878','NULL',20371112181144,'SF1983128491','NULL');
INSERT INTO overhaulRecord
VALUES ('O432486069','FC546477043','NULL',20120215142220,'SF609151569','NULL');
INSERT INTO overhaulRecord
VALUES ('O435291439','FC840884201','NULL',20591112040752,'SF850843869','NULL');
INSERT INTO overhaulRecord
VALUES ('O437770410','FC598196572','NULL',20640327062811,'SF1037720193','NULL');
INSERT INTO overhaulRecord
VALUES ('O444585239','FC101075690','NULL',20741009184059,'SF489261328','NULL');
INSERT INTO overhaulRecord
VALUES ('O445911348','FC1347100726','NULL',20201123114351,'SF899961553','NULL');
INSERT INTO overhaulRecord
VALUES ('O446125981','FC280952748','NULL',20141012231947,'SF899961553','NULL');
INSERT INTO overhaulRecord
VALUES ('O447305638','FC1211017150','NULL',20740927025611,'SF591746655','NULL');
INSERT INTO overhaulRecord
VALUES ('O4474819','FC1077732988','NULL',20131007061932,'SF1675159789','NULL');
INSERT INTO overhaulRecord
VALUES ('O44996345','FC259940657','NULL',20960404154407,'SF70906444','NULL');
INSERT INTO overhaulRecord
VALUES ('O451564213','FC35681901','NULL',20590606223055,'SF1865471617','NULL');
INSERT INTO overhaulRecord
VALUES ('O453942842','FC689752552','NULL',20830804091945,'SF1948492940','NULL');
INSERT INTO overhaulRecord
VALUES ('O454513307','FC1898533640','NULL',20800707025839,'SF1867704366','NULL');
INSERT INTO overhaulRecord
VALUES ('O45950980','FC2058192250','NULL',20920611111430,'SF1160017263','NULL');
INSERT INTO overhaulRecord
VALUES ('O46355288','FC1225434870','NULL',2010312174903,'SF195784358','NULL');
INSERT INTO overhaulRecord
VALUES ('O464290096','FC294551676','NULL',20791104140716,'SF850843869','NULL');
INSERT INTO overhaulRecord
VALUES ('O464958570','FC438226754','NULL',20881122183038,'SF1202279488','NULL');
INSERT INTO overhaulRecord
VALUES ('O469825458','FC555727341','NULL',20330214104439,'SF467523236','NULL');
INSERT INTO overhaulRecord
VALUES ('O470143593','FC1028409494','NULL',20891103122413,'SF1357729340','NULL');
INSERT INTO overhaulRecord
VALUES ('O470259696','FC818117252','NULL',20780430011600,'SF868334615','NULL');
INSERT INTO overhaulRecord
VALUES ('O470779972','FC1256084987','NULL',20630311184536,'SF1202279488','NULL');
INSERT INTO overhaulRecord
VALUES ('O472961247','FC801233824','NULL',20940509113751,'SF1867704366','NULL');
INSERT INTO overhaulRecord
VALUES ('O483063648','FC1437284112','NULL',20530722085156,'SF850843869','NULL');
INSERT INTO overhaulRecord
VALUES ('O485017273','FC127011668','NULL',20770426033943,'SF1634053800','NULL');
INSERT INTO overhaulRecord
VALUES ('O485544345','FC1215278004','NULL',20471018005606,'SF533615961','NULL');
INSERT INTO overhaulRecord
VALUES ('O486885909','FC927853915','NULL',20450102095605,'SF1865471617','NULL');
INSERT INTO overhaulRecord
VALUES ('O490875490','FC1732882585','NULL',20830331090528,'SF1952294928','NULL');
INSERT INTO overhaulRecord
VALUES ('O492489737','FC1054482867','NULL',20970925142934,'SF1660893152','NULL');
INSERT INTO overhaulRecord
VALUES ('O493150849','FC1720326585','NULL',20760804200925,'SF611175310','NULL');
INSERT INTO overhaulRecord
VALUES ('O494183525','FC831158555','NULL',20641118050828,'SF20363079','NULL');
INSERT INTO overhaulRecord
VALUES ('O498955296','FC1470430418','NULL',20660128085240,'SF1737007784','NULL');
INSERT INTO overhaulRecord
VALUES ('O499240772','FC1037320957','NULL',20340923002312,'SF1194455331','NULL');
INSERT INTO overhaulRecord
VALUES ('O500757317','FC1658490625','NULL',20281004003435,'SF489261328','NULL');
INSERT INTO overhaulRecord
VALUES ('O501203482','FC1127358134','NULL',20590923203018,'SF1252914741','NULL');
INSERT INTO overhaulRecord
VALUES ('O504494935','FC2040225129','NULL',20790126105057,'SF602757702','NULL');
INSERT INTO overhaulRecord
VALUES ('O505169312','FC1522418468','NULL',20130124153616,'SF1660893152','NULL');
INSERT INTO overhaulRecord
VALUES ('O506459609','FC1670433216','NULL',2021202161048,'SF1983128491','NULL');
INSERT INTO overhaulRecord
VALUES ('O512783860','FC384385481','NULL',20920703031553,'SF1948492940','NULL');
INSERT INTO overhaulRecord
VALUES ('O513687845','FC2050637599','NULL',20640803043817,'SF1342709477','NULL');
INSERT INTO overhaulRecord
VALUES ('O516458759','FC945979504','NULL',20390503155924,'SF1521338764','NULL');
INSERT INTO overhaulRecord
VALUES ('O518775665','FC477733069','NULL',20130914092723,'SF1948492940','NULL');
INSERT INTO overhaulRecord
VALUES ('O518980638','FC2077706828','NULL',20620912211554,'SF1202279488','NULL');
INSERT INTO overhaulRecord
VALUES ('O521046175','FC1883545381','NULL',20530724014257,'SF1737007784','NULL');
INSERT INTO overhaulRecord
VALUES ('O523344708','FC377574287','NULL',20220427205548,'SF665365514','NULL');
INSERT INTO overhaulRecord
VALUES ('O528158475','FC1387129088','NULL',20760913044557,'SF665365514','NULL');
INSERT INTO overhaulRecord
VALUES ('O528506583','FC688750144','NULL',2041220055233,'SF1248586464','NULL');
INSERT INTO overhaulRecord
VALUES ('O528592797','FC1204757710','NULL',20910325090218,'SF1867704366','NULL');
INSERT INTO overhaulRecord
VALUES ('O529328544','FC1538008928','NULL',20580627062747,'SF1494346797','NULL');
INSERT INTO overhaulRecord
VALUES ('O529572942','FC1704890701','NULL',20790311055830,'SF1248586464','NULL');
INSERT INTO overhaulRecord
VALUES ('O538246917','FC1119399856','NULL',20290607105226,'SF195784358','NULL');
INSERT INTO overhaulRecord
VALUES ('O539882421','FC409945087','NULL',20211205085831,'SF1675159789','NULL');
INSERT INTO overhaulRecord
VALUES ('O545144603','FC1857759045','NULL',20601227041238,'SF2110782199','NULL');
INSERT INTO overhaulRecord
VALUES ('O545799204','FC454680209','NULL',20890719070150,'SF2110782199','NULL');
INSERT INTO overhaulRecord
VALUES ('O548721575','FC1515685360','NULL',20900731215839,'SF1252914741','NULL');
INSERT INTO overhaulRecord
VALUES ('O555268402','FC427006741','NULL',20950330015842,'SF1675159789','NULL');
INSERT INTO overhaulRecord
VALUES ('O55527739','FC1437284112','NULL',20270515192649,'SF926495450','NULL');
INSERT INTO overhaulRecord
VALUES ('O556002333','FC220584834','NULL',20320629031713,'SF2018663870','NULL');
INSERT INTO overhaulRecord
VALUES ('O560115579','FC79738693','NULL',20370926033926,'SF1252914741','NULL');
INSERT INTO overhaulRecord
VALUES ('O564363876','FC862209191','NULL',20590529011343,'SF1037720193','NULL');
INSERT INTO overhaulRecord
VALUES ('O564500766','FC737407649','NULL',20110316013445,'SF1737007784','NULL');
INSERT INTO overhaulRecord
VALUES ('O565651840','FC1304085475','NULL',20130312085240,'SF64852531','NULL');
INSERT INTO overhaulRecord
VALUES ('O568477064','FC468361508','NULL',20280209053058,'SF1202279488','NULL');
INSERT INTO overhaulRecord
VALUES ('O568685219','FC1316347609','NULL',20451230103952,'SF1921617049','NULL');
INSERT INTO overhaulRecord
VALUES ('O572278386','FC116214234','NULL',20371115154705,'SF1521338764','NULL');
INSERT INTO overhaulRecord
VALUES ('O576351641','FC1012006899','NULL',20961203231520,'SF1948492940','NULL');
INSERT INTO overhaulRecord
VALUES ('O576828653','FC197144120','NULL',20570803105648,'SF467523236','NULL');
INSERT INTO overhaulRecord
VALUES ('O57781613','FC1883545381','NULL',20440104013008,'SF1867704366','NULL');
INSERT INTO overhaulRecord
VALUES ('O579277888','FC1211017150','NULL',20630908082048,'SF489261328','NULL');
INSERT INTO overhaulRecord
VALUES ('O584504430','FC317444836','NULL',20750501190649,'SF195784358','NULL');
INSERT INTO overhaulRecord
VALUES ('O584568390','FC1598264949','NULL',20430714064231,'SF1553591775','NULL');
INSERT INTO overhaulRecord
VALUES ('O586578522','FC1356136791','NULL',2060713214530,'SF850843869','NULL');
INSERT INTO overhaulRecord
VALUES ('O588862244','FC127011668','NULL',20820323184416,'SF899961553','NULL');
INSERT INTO overhaulRecord
VALUES ('O59102587','FC397188800','NULL',20830624153759,'SF1983128491','NULL');
INSERT INTO overhaulRecord
VALUES ('O591446362','FC519965269','NULL',20970721163639,'SF602757702','NULL');
INSERT INTO overhaulRecord
VALUES ('O591683243','FC412643394','NULL',20510912182252,'SF2110782199','NULL');
INSERT INTO overhaulRecord
VALUES ('O591749980','FC371284160','NULL',20780903064348,'SF39300910','NULL');
INSERT INTO overhaulRecord
VALUES ('O591946036','FC812530316','NULL',20540105194408,'SF899961553','NULL');
INSERT INTO overhaulRecord
VALUES ('O5924368','FC737407649','NULL',20250726164340,'SF1660893152','NULL');
INSERT INTO overhaulRecord
VALUES ('O592688881','FC837806141','NULL',20600415173923,'SF1494346797','NULL');
INSERT INTO overhaulRecord
VALUES ('O59273788','FC997168137','NULL',20370301123333,'SF533615961','NULL');
INSERT INTO overhaulRecord
VALUES ('O593173739','FC662574507','NULL',20850831104350,'SF591746655','NULL');
INSERT INTO overhaulRecord
VALUES ('O596317731','FC2135917478','NULL',2000929021839,'SF609151569','NULL');
INSERT INTO overhaulRecord
VALUES ('O596460437','FC2072508664','NULL',20291001145659,'SF1634053800','NULL');
INSERT INTO overhaulRecord
VALUES ('O598467985','FC1113505735','NULL',20510716120214,'SF1737007784','NULL');
INSERT INTO overhaulRecord
VALUES ('O599133598','FC364787084','NULL',20230825113510,'SF1865471617','NULL');
INSERT INTO overhaulRecord
VALUES ('O601517566','FC95676487','NULL',20690903000219,'SF792368880','NULL');
INSERT INTO overhaulRecord
VALUES ('O602115174','FC1557395911','NULL',20151224151530,'SF1867704366','NULL');
INSERT INTO overhaulRecord
VALUES ('O605449741','FC1077732988','NULL',20920122200658,'SF205103753','NULL');
INSERT INTO overhaulRecord
VALUES ('O608117826','FC1063456637','NULL',20931007222657,'SF70906444','NULL');
INSERT INTO overhaulRecord
VALUES ('O609272436','FC249929070','NULL',20331221005801,'SF926495450','NULL');
INSERT INTO overhaulRecord
VALUES ('O611213180','FC1055877693','NULL',20311225070636,'SF1867704366','NULL');
INSERT INTO overhaulRecord
VALUES ('O611821178','FC1386289825','NULL',20520515024640,'SF1948492940','NULL');
INSERT INTO overhaulRecord
VALUES ('O613763746','FC1615365599','NULL',20530719094459,'SF1952294928','NULL');
INSERT INTO overhaulRecord
VALUES ('O616922185','FC258525733','NULL',20300102194126,'SF1194455331','NULL');
INSERT INTO overhaulRecord
VALUES ('O617776489','FC527901094','NULL',20541209193333,'SF300255333','NULL');
INSERT INTO overhaulRecord
VALUES ('O619047312','FC1342860354','NULL',20971210090549,'SF818212383','NULL');
INSERT INTO overhaulRecord
VALUES ('O621794561','FC2058192250','NULL',2031008122630,'SF926495450','NULL');
INSERT INTO overhaulRecord
VALUES ('O623323366','FC625159005','NULL',20470224065922,'SF489261328','NULL');
INSERT INTO overhaulRecord
VALUES ('O624347135','FC1011609949','NULL',20810417182306,'SF792368880','NULL');
INSERT INTO overhaulRecord
VALUES ('O628557688','FC1387129088','NULL',20510228114831,'SF868334615','NULL');
INSERT INTO overhaulRecord
VALUES ('O628974675','FC1351819771','NULL',2091119181130,'SF300255333','NULL');
INSERT INTO overhaulRecord
VALUES ('O62966603','FC1628366811','NULL',20480630162404,'SF2110782199','NULL');
INSERT INTO overhaulRecord
VALUES ('O632297025','FC429395109','NULL',20830122194047,'SF1865471617','NULL');
INSERT INTO overhaulRecord
VALUES ('O632375459','FC347177225','NULL',20191015051657,'SF1865471617','NULL');
INSERT INTO overhaulRecord
VALUES ('O634449082','FC1912449531','NULL',20170814033739,'SF1037720193','NULL');
INSERT INTO overhaulRecord
VALUES ('O63542712','FC135538948','NULL',20770412200710,'SF591746655','NULL');
INSERT INTO overhaulRecord
VALUES ('O637382742','FC703039384','NULL',20900517001854,'SF1553591775','NULL');
INSERT INTO overhaulRecord
VALUES ('O637572057','FC1346544393','NULL',20101013004454,'SF797671113','NULL');
INSERT INTO overhaulRecord
VALUES ('O640134766','FC1383123664','NULL',20620306221242,'SF1521338764','NULL');
INSERT INTO overhaulRecord
VALUES ('O641415748','FC119557053','NULL',20750504160905,'SF611175310','NULL');
INSERT INTO overhaulRecord
VALUES ('O641622042','FC468361508','NULL',20150222023241,'SF1248586464','NULL');
INSERT INTO overhaulRecord
VALUES ('O642148235','FC729467253','NULL',20250509152833,'SF1948492940','NULL');
INSERT INTO overhaulRecord
VALUES ('O644572944','FC224556788','NULL',20540517043740,'SF300255333','NULL');
INSERT INTO overhaulRecord
VALUES ('O645000112','FC280952748','NULL',20581010023756,'SF1921617049','NULL');
INSERT INTO overhaulRecord
VALUES ('O647788924','FC55393957','NULL',20200611165224,'SF1675159789','NULL');
INSERT INTO overhaulRecord
VALUES ('O649866921','FC2050637599','NULL',20890514210832,'SF533615961','NULL');
INSERT INTO overhaulRecord
VALUES ('O652193584','FC554414958','NULL',20200415060424,'SF926495450','NULL');
INSERT INTO overhaulRecord
VALUES ('O661024931','FC1883545381','NULL',20580516120631,'SF850843869','NULL');
INSERT INTO overhaulRecord
VALUES ('O661032000','FC690778040','NULL',20640426060731,'SF1202279488','NULL');
INSERT INTO overhaulRecord
VALUES ('O661693474','FC624950513','NULL',20611205002341,'SF602757702','NULL');
INSERT INTO overhaulRecord
VALUES ('O662139563','FC1849985454','NULL',20950320142559,'SF1921617049','NULL');
INSERT INTO overhaulRecord
VALUES ('O662988025','FC960153632','NULL',20251124152852,'SF611175310','NULL');
INSERT INTO overhaulRecord
VALUES ('O666996677','FC1673259416','NULL',20470123052353,'SF850843869','NULL');
INSERT INTO overhaulRecord
VALUES ('O667349975','FC2006728126','NULL',20150810022513,'SF899961553','NULL');
INSERT INTO overhaulRecord
VALUES ('O668062842','FC1472769791','NULL',20760217020431,'SF300255333','NULL');
INSERT INTO overhaulRecord
VALUES ('O67022168','FC1323002472','NULL',2070811222809,'SF868334615','NULL');
INSERT INTO overhaulRecord
VALUES ('O672535467','FC597714405','NULL',20300122223722,'SF609151569','NULL');
INSERT INTO overhaulRecord
VALUES ('O677867539','FC130066704','NULL',20660913003551,'SF797671113','NULL');
INSERT INTO overhaulRecord
VALUES ('O681986949','FC1593805130','NULL',20251211193123,'SF1194455331','NULL');
INSERT INTO overhaulRecord
VALUES ('O685271963','FC1449058541','NULL',20440215050236,'SF602757702','NULL');
INSERT INTO overhaulRecord
VALUES ('O685276362','FC522215712','NULL',20370902202148,'SF1952294928','NULL');
INSERT INTO overhaulRecord
VALUES ('O685441172','FC1447661627','NULL',20121224120011,'SF850843869','NULL');
INSERT INTO overhaulRecord
VALUES ('O685843258','FC242141891','NULL',20621221204801,'SF792368880','NULL');
INSERT INTO overhaulRecord
VALUES ('O694654102','FC204955543','NULL',20300831193937,'SF591746655','NULL');
INSERT INTO overhaulRecord
VALUES ('O695314139','FC837806141','NULL',20420803111906,'SF64852531','NULL');
INSERT INTO overhaulRecord
VALUES ('O697002623','FC396110184','NULL',20260412174021,'SF792368880','NULL');
INSERT INTO overhaulRecord
VALUES ('O697252630','FC1386289825','NULL',20560223142551,'SF602757702','NULL');
INSERT INTO overhaulRecord
VALUES ('O7001116','FC659164776','NULL',2030127134921,'SF797671113','NULL');
INSERT INTO overhaulRecord
VALUES ('O701692857','FC1449598794','NULL',20291028144053,'SF1357729340','NULL');
INSERT INTO overhaulRecord
VALUES ('O704976829','FC130066704','NULL',20441008035634,'SF1553591775','NULL');
INSERT INTO overhaulRecord
VALUES ('O705308308','FC100559825','NULL',20551110012040,'SF1865471617','NULL');
INSERT INTO overhaulRecord
VALUES ('O711309040','FC1629819083','NULL',20240628162706,'SF1252914741','NULL');
INSERT INTO overhaulRecord
VALUES ('O712862981','FC726597417','NULL',20350908082745,'SF609151569','NULL');
INSERT INTO overhaulRecord
VALUES ('O714899401','FC1362519610','NULL',20340204070610,'SF1202279488','NULL');
INSERT INTO overhaulRecord
VALUES ('O717336089','FC1764807751','NULL',20510512032302,'SF1521338764','NULL');
INSERT INTO overhaulRecord
VALUES ('O717911704','FC675256851','NULL',20170104155251,'SF2110782199','NULL');
INSERT INTO overhaulRecord
VALUES ('O721710421','FC487990808','NULL',20630921105544,'SF39300910','NULL');
INSERT INTO overhaulRecord
VALUES ('O726836810','FC1720326585','NULL',20650311070418,'SF1865471617','NULL');
INSERT INTO overhaulRecord
VALUES ('O732779841','FC360893448','NULL',20950906234436,'SF1037720193','NULL');
INSERT INTO overhaulRecord
VALUES ('O73749025','FC79738693','NULL',20940624172755,'SF1037720193','NULL');
INSERT INTO overhaulRecord
VALUES ('O742577684','FC223709786','NULL',2040103152609,'SF1342709477','NULL');
INSERT INTO overhaulRecord
VALUES ('O74286078','FC2112219773','NULL',20930823053623,'SF899961553','NULL');
INSERT INTO overhaulRecord
VALUES ('O745910719','FC429395109','NULL',20661212001716,'SF665365514','NULL');
INSERT INTO overhaulRecord
VALUES ('O750416208','FC1313541167','NULL',20571021102410,'SF1521338764','NULL');
INSERT INTO overhaulRecord
VALUES ('O753098803','FC1608085542','NULL',20951127124835,'SF868334615','NULL');
INSERT INTO overhaulRecord
VALUES ('O753962346','FC124041413','NULL',20170707120033,'SF1252914741','NULL');
INSERT INTO overhaulRecord
VALUES ('O756385910','FC1570489798','NULL',20780309215549,'SF2110782199','NULL');
INSERT INTO overhaulRecord
VALUES ('O759328504','FC190443741','NULL',20400307135326,'SF899961553','NULL');
INSERT INTO overhaulRecord
VALUES ('O761625509','FC190443741','NULL',20640603054816,'SF1634053800','NULL');
INSERT INTO overhaulRecord
VALUES ('O764864051','FC1313541167','NULL',20101002201231,'SF39300910','NULL');
INSERT INTO overhaulRecord
VALUES ('O76638841','FC1722606974','NULL',20121128105746,'SF1037720193','NULL');
INSERT INTO overhaulRecord
VALUES ('O769775790','FC289416889','NULL',2081122044215,'SF1929985611','NULL');
INSERT INTO overhaulRecord
VALUES ('O770582296','FC1029618659','NULL',20240510214651,'SF850843869','NULL');
INSERT INTO overhaulRecord
VALUES ('O771816726','FC1599925772','NULL',20371217224739,'SF1675159789','NULL');
INSERT INTO overhaulRecord
VALUES ('O772564327','FC1307945475','NULL',20570801055332,'SF70906444','NULL');
INSERT INTO overhaulRecord
VALUES ('O773561792','FC1898533640','NULL',20120807014043,'SF1865471617','NULL');
INSERT INTO overhaulRecord
VALUES ('O773975468','FC1953818683','NULL',20341110183224,'SF1983128491','NULL');
INSERT INTO overhaulRecord
VALUES ('O77626857','FC212001761','NULL',20870916050927,'SF1037720193','NULL');
INSERT INTO overhaulRecord
VALUES ('O77721351','FC197144120','NULL',20740909105202,'SF1342709477','NULL');
INSERT INTO overhaulRecord
VALUES ('O77895519','FC1914836383','NULL',20120403234032,'SF1248586464','NULL');
INSERT INTO overhaulRecord
VALUES ('O7798798','FC849386574','NULL',20660817031606,'SF1634053800','NULL');
INSERT INTO overhaulRecord
VALUES ('O780934189','FC223709786','NULL',20871122122549,'SF64852531','NULL');
INSERT INTO overhaulRecord
VALUES ('O781822469','FC620207043','NULL',20490708171459,'SF489261328','NULL');
INSERT INTO overhaulRecord
VALUES ('O782532917','FC1397267893','NULL',20310625160853,'SF611175310','NULL');
INSERT INTO overhaulRecord
VALUES ('O783133397','FC1149995715','NULL',20900519203911,'SF850843869','NULL');
INSERT INTO overhaulRecord
VALUES ('O785203871','FC116214234','NULL',20660917075751,'SF665365514','NULL');
INSERT INTO overhaulRecord
VALUES ('O786384663','FC197250972','NULL',20891229035820,'SF1248586464','NULL');
INSERT INTO overhaulRecord
VALUES ('O786605214','FC2061679962','NULL',20100522152819,'SF797671113','NULL');
INSERT INTO overhaulRecord
VALUES ('O788003584','FC130264983','NULL',20710421145223,'SF850843869','NULL');
INSERT INTO overhaulRecord
VALUES ('O792433268','FC1722606974','NULL',20140115052340,'SF64852531','NULL');
INSERT INTO overhaulRecord
VALUES ('O794933572','FC689752552','NULL',20220708055549,'SF1867704366','NULL');
INSERT INTO overhaulRecord
VALUES ('O795307500','FC1351819771','NULL',20290912063804,'SF205103753','NULL');
INSERT INTO overhaulRecord
VALUES ('O797177286','FC735968991','NULL',20770130052214,'SF1494346797','NULL');
INSERT INTO overhaulRecord
VALUES ('O797198703','FC19537671','NULL',20950527135129,'SF955874934','NULL');
INSERT INTO overhaulRecord
VALUES ('O79919785','FC487990808','NULL',20360608064825,'SF1737007784','NULL');
INSERT INTO overhaulRecord
VALUES ('O799407491','FC1561988538','NULL',20131209121546,'SF1638761958','NULL');
INSERT INTO overhaulRecord
VALUES ('O800082024','FC298049324','NULL',20361113115117,'SF850843869','NULL');
INSERT INTO overhaulRecord
VALUES ('O802514127','FC554502609','NULL',20221129132208,'SF300255333','NULL');
INSERT INTO overhaulRecord
VALUES ('O802957459','FC95916011','NULL',2080103222911,'SF489261328','NULL');
INSERT INTO overhaulRecord
VALUES ('O803086488','FC249929070','NULL',20880502013537,'SF609151569','NULL');
INSERT INTO overhaulRecord
VALUES ('O803537510','FC100559825','NULL',20941230105049,'SF64852531','NULL');
INSERT INTO overhaulRecord
VALUES ('O806497327','FC1977768416','NULL',20800629134750,'SF1200305366','NULL');
INSERT INTO overhaulRecord
VALUES ('O806784754','FC1383123664','NULL',20401019014306,'SF64852531','NULL');
INSERT INTO overhaulRecord
VALUES ('O806916450','FC1113505735','NULL',20600121042520,'SF1983128491','NULL');
INSERT INTO overhaulRecord
VALUES ('O80786935','FC625159005','NULL',20460414150745,'SF1252914741','NULL');
INSERT INTO overhaulRecord
VALUES ('O809596068','FC306130528','NULL',20881223082404,'SF1252914741','NULL');
INSERT INTO overhaulRecord
VALUES ('O812837421','FC79865958','NULL',20230314184844,'SF1638761958','NULL');
INSERT INTO overhaulRecord
VALUES ('O815231483','FC592006156','NULL',20590719023827,'SF533615961','NULL');
INSERT INTO overhaulRecord
VALUES ('O815951708','FC1342860354','NULL',20520111022947,'SF792368880','NULL');
INSERT INTO overhaulRecord
VALUES ('O816264519','FC500379544','NULL',20201118121726,'SF868334615','NULL');
INSERT INTO overhaulRecord
VALUES ('O816396675','FC690778040','NULL',20580504012322,'SF1983128491','NULL');
INSERT INTO overhaulRecord
VALUES ('O816463793','FC432284161','NULL',20560301144046,'SF899961553','NULL');
INSERT INTO overhaulRecord
VALUES ('O816533742','FC384385481','NULL',20450415084006,'SF1521338764','NULL');
INSERT INTO overhaulRecord
VALUES ('O816555696','FC2007941952','NULL',20120312052649,'SF1929985611','NULL');
INSERT INTO overhaulRecord
VALUES ('O8172169','FC124041413','NULL',20741031235407,'SF2018663870','NULL');
INSERT INTO overhaulRecord
VALUES ('O821883539','FC1121038845','NULL',20260701140134,'SF1160017263','NULL');
INSERT INTO overhaulRecord
VALUES ('O822252366','FC1849985454','NULL',20520110093142,'SF1200305366','NULL');
INSERT INTO overhaulRecord
VALUES ('O82992633','FC438226754','NULL',20620423190436,'SF818212383','NULL');
INSERT INTO overhaulRecord
VALUES ('O830828926','FC1698176793','NULL',20680802100647,'SF1983128491','NULL');
INSERT INTO overhaulRecord
VALUES ('O83197443','FC812530316','NULL',20970426100714,'SF1252914741','NULL');
INSERT INTO overhaulRecord
VALUES ('O832233797','FC347177225','NULL',2050626050015,'SF467523236','NULL');
INSERT INTO overhaulRecord
VALUES ('O832682743','FC95916011','NULL',2040527131525,'SF1952294928','NULL');
INSERT INTO overhaulRecord
VALUES ('O835065473','FC212001761','NULL',20570911204021,'SF818212383','NULL');
INSERT INTO overhaulRecord
VALUES ('O836567642','FC598196572','NULL',20380310180043,'SF1160017263','NULL');
INSERT INTO overhaulRecord
VALUES ('O837412800','FC937207084','NULL',20701228104826,'SF205103753','NULL');
INSERT INTO overhaulRecord
VALUES ('O83777159','FC1011609949','NULL',20390318234916,'SF300255333','NULL');
INSERT INTO overhaulRecord
VALUES ('O838114039','FC137124180','NULL',2080719201723,'SF1357729340','NULL');
INSERT INTO overhaulRecord
VALUES ('O839802956','FC609922598','NULL',20820128075858,'SF1638761958','NULL');
INSERT INTO overhaulRecord
VALUES ('O839807375','FC1720326585','NULL',20420418191906,'SF868334615','NULL');
INSERT INTO overhaulRecord
VALUES ('O840881791','FC1651322323','NULL',20681014011743,'SF899961553','NULL');
INSERT INTO overhaulRecord
VALUES ('O841856286','FC1323002472','NULL',20650223023420,'SF1553591775','NULL');
INSERT INTO overhaulRecord
VALUES ('O842270291','FC1803779530','NULL',2020614085411,'SF1634053800','NULL');
INSERT INTO overhaulRecord
VALUES ('O843313558','FC1680977221','NULL',20540911080013,'SF70906444','NULL');
INSERT INTO overhaulRecord
VALUES ('O843758823','FC1627711498','NULL',20400413151912,'SF1921617049','NULL');
INSERT INTO overhaulRecord
VALUES ('O844977587','FC1688188237','NULL',20290505215750,'SF797671113','NULL');
INSERT INTO overhaulRecord
VALUES ('O845760425','FC71445006','NULL',20890423062759,'SF467523236','NULL');
INSERT INTO overhaulRecord
VALUES ('O847222080','FC2118108038','NULL',20980323204955,'SF195784358','NULL');
INSERT INTO overhaulRecord
VALUES ('O849203344','FC1842441752','NULL',20680226215814,'SF1494346797','NULL');
INSERT INTO overhaulRecord
VALUES ('O851941999','FC1452164035','NULL',20331220175117,'SF1867704366','NULL');
INSERT INTO overhaulRecord
VALUES ('O853772738','FC343385190','NULL',20370504134735,'SF1921617049','NULL');
INSERT INTO overhaulRecord
VALUES ('O854621702','FC1599925772','NULL',20951122192910,'SF300255333','NULL');
INSERT INTO overhaulRecord
VALUES ('O856964352','FC152967753','NULL',20891002030321,'SF797671113','NULL');
INSERT INTO overhaulRecord
VALUES ('O858747494','FC477733069','NULL',20601224123713,'SF467523236','NULL');
INSERT INTO overhaulRecord
VALUES ('O86174718','FC1914836383','NULL',20731224134354,'SF591746655','NULL');
INSERT INTO overhaulRecord
VALUES ('O866793499','FC554502609','NULL',20700903210653,'SF1952294928','NULL');
INSERT INTO overhaulRecord
VALUES ('O869610036','FC27231578','NULL',20180730053559,'SF1494346797','NULL');
INSERT INTO overhaulRecord
VALUES ('O872685816','FC924140082','NULL',20800729151448,'SF1248586464','NULL');
INSERT INTO overhaulRecord
VALUES ('O872927358','FC726597417','NULL',20821122064849,'SF997128370','NULL');
INSERT INTO overhaulRecord
VALUES ('O873034221','FC2001344584','NULL',20150330222512,'SF899961553','NULL');
INSERT INTO overhaulRecord
VALUES ('O87560803','FC717868203','NULL',20130124042813,'SF39300910','NULL');
INSERT INTO overhaulRecord
VALUES ('O877258504','FC1519290879','NULL',20891013174438,'SF1494346797','NULL');
INSERT INTO overhaulRecord
VALUES ('O878284504','FC1990728060','NULL',20130307183829,'SF1638761958','NULL');
INSERT INTO overhaulRecord
VALUES ('O884830855','FC1213487052','NULL',2090821201446,'SF926495450','NULL');
INSERT INTO overhaulRecord
VALUES ('O886726090','FC1012006899','NULL',20191109045652,'SF2018663870','NULL');
INSERT INTO overhaulRecord
VALUES ('O886987870','FC346999746','NULL',20330109032550,'SF1948492940','NULL');
INSERT INTO overhaulRecord
VALUES ('O8905427','FC786918248','NULL',20980622190943,'SF20363079','NULL');
INSERT INTO overhaulRecord
VALUES ('O897240797','FC711987320','NULL',20810324121429,'SF665365514','NULL');
INSERT INTO overhaulRecord
VALUES ('O900348486','FC35681901','NULL',20311120022344,'SF1160017263','NULL');
INSERT INTO overhaulRecord
VALUES ('O900428884','FC137124180','NULL',20350621003453,'SF2110782199','NULL');
INSERT INTO overhaulRecord
VALUES ('O905896042','FC1793991052','NULL',20901225061444,'SF533615961','NULL');
INSERT INTO overhaulRecord
VALUES ('O910227428','FC150885300','NULL',20870914201047,'SF611175310','NULL');
INSERT INTO overhaulRecord
VALUES ('O911519231','FC1170176568','NULL',20500825050300,'SF611175310','NULL');
INSERT INTO overhaulRecord
VALUES ('O912402379','FC202782002','NULL',20270918132450,'SF70906444','NULL');
INSERT INTO overhaulRecord
VALUES ('O913105271','FC364787084','NULL',20450619023635,'SF1929985611','NULL');
INSERT INTO overhaulRecord
VALUES ('O913109386','FC291896379','NULL',20520822233453,'SF1865471617','NULL');
INSERT INTO overhaulRecord
VALUES ('O913195301','FC1109969466','NULL',2001021151743,'SF195784358','NULL');
INSERT INTO overhaulRecord
VALUES ('O914889712','FC1529974602','NULL',20980108074026,'SF1160017263','NULL');
INSERT INTO overhaulRecord
VALUES ('O915417830','FC620207043','NULL',20390806025200,'SF2110782199','NULL');
INSERT INTO overhaulRecord
VALUES ('O918107691','FC1147797706','NULL',20340702161718,'SF2110782199','NULL');
INSERT INTO overhaulRecord
VALUES ('O923847330','FC100559825','NULL',20160223045908,'SF1865471617','NULL');
INSERT INTO overhaulRecord
VALUES ('O927569559','FC530202559','NULL',2080404084153,'SF39300910','NULL');
INSERT INTO overhaulRecord
VALUES ('O928958368','FC429395109','NULL',20261028184346,'SF1202279488','NULL');
INSERT INTO overhaulRecord
VALUES ('O929413819','FC351014599','NULL',20510901111843,'SF70906444','NULL');
INSERT INTO overhaulRecord
VALUES ('O932618250','FC727243353','NULL',20381209025645,'SF1248586464','NULL');
INSERT INTO overhaulRecord
VALUES ('O934507348','FC465155139','NULL',20840801041633,'SF489261328','NULL');
INSERT INTO overhaulRecord
VALUES ('O935904391','FC369288090','NULL',20140304021505,'SF818212383','NULL');
INSERT INTO overhaulRecord
VALUES ('O940550385','FC825755095','NULL',2070403172050,'SF70906444','NULL');
INSERT INTO overhaulRecord
VALUES ('O941041783','FC1224851810','NULL',2020205094332,'SF850843869','NULL');
INSERT INTO overhaulRecord
VALUES ('O943640499','FC1211017150','NULL',20800622012502,'SF602757702','NULL');
INSERT INTO overhaulRecord
VALUES ('O952607677','FC897247401','NULL',20610627020252,'SF997128370','NULL');
INSERT INTO overhaulRecord
VALUES ('O952694038','FC917344081','NULL',20740204063548,'SF1675159789','NULL');
INSERT INTO overhaulRecord
VALUES ('O952776617','FC1397267893','NULL',20970306053330,'SF39300910','NULL');
INSERT INTO overhaulRecord
VALUES ('O955410258','FC201583815','NULL',20170220090128,'SF955874934','NULL');
INSERT INTO overhaulRecord
VALUES ('O957620993','FC862209191','NULL',20800329154746,'SF1929985611','NULL');
INSERT INTO overhaulRecord
VALUES ('O960008401','FC346410428','NULL',20530830061213,'SF1037720193','NULL');
INSERT INTO overhaulRecord
VALUES ('O960248401','FC100559825','NULL',20970711192145,'SF609151569','NULL');
INSERT INTO overhaulRecord
VALUES ('O964630055','FC1805389584','NULL',20930504025822,'SF1948492940','NULL');
INSERT INTO overhaulRecord
VALUES ('O964640665','FC848937547','NULL',20880124204211,'SF955874934','NULL');
INSERT INTO overhaulRecord
VALUES ('O965958942','FC1861739006','NULL',20761014025522,'SF1357729340','NULL');
INSERT INTO overhaulRecord
VALUES ('O968835667','FC1192858172','NULL',20440212125107,'SF1929985611','NULL');
INSERT INTO overhaulRecord
VALUES ('O969042889','FC960153632','NULL',20121218000818,'SF1675159789','NULL');
INSERT INTO overhaulRecord
VALUES ('O972064892','FC1898533640','NULL',20510402070145,'SF850843869','NULL');
INSERT INTO overhaulRecord
VALUES ('O976293119','FC871090670','NULL',2091214203136,'SF1553591775','NULL');
INSERT INTO overhaulRecord
VALUES ('O97658450','FC223709786','NULL',20160504173309,'SF792368880','NULL');
INSERT INTO overhaulRecord
VALUES ('O979368733','FC726597417','NULL',20550730011211,'SF1929985611','NULL');
INSERT INTO overhaulRecord
VALUES ('O984005605','FC150885300','NULL',20580405032320,'SF489261328','NULL');
INSERT INTO overhaulRecord
VALUES ('O985360635','FC659164776','NULL',20840528112435,'SF1867704366','NULL');
INSERT INTO overhaulRecord
VALUES ('O985875569','FC1012948491','NULL',2020701164222,'SF1248586464','NULL');
INSERT INTO overhaulRecord
VALUES ('O986638954','FC1629819083','NULL',20170515093106,'SF792368880','NULL');
INSERT INTO overhaulRecord
VALUES ('O987227440','FC1472769791','NULL',20741020002725,'SF665365514','NULL');
INSERT INTO overhaulRecord
VALUES ('O988296747','FC1861739006','NULL',20660724032322,'SF2018663870','NULL');
INSERT INTO overhaulRecord
VALUES ('O99227640','FC223709786','NULL',20470723105142,'SF609151569','NULL');
INSERT INTO overhaulRecord
VALUES ('O995292921','FC522215712','NULL',20100626102738,'SF533615961','NULL');
INSERT INTO overhaulRecord
VALUES ('O995977721','FC1046248804','NULL',20921015105817,'SF2018663870','NULL');
INSERT INTO overhaulRecord
VALUES ('O996283915','FC2036777062','NULL',20651115093818,'SF1252914741','NULL');
INSERT INTO overhaulRecord
VALUES ('O997328210','FC825755095','NULL',20950408045142,'SF39300910','NULL');
INSERT INTO proprietor
VALUES ('P1005655998','江尉堪','女','269559013',19681030142042,'B52727',773,3);
INSERT INTO proprietor
VALUES ('P1008096140','李景段','男','2128391265',19760102165247,'B26017',419,3);
INSERT INTO proprietor
VALUES ('P1008686012','萧举影','男','127267364',19360404093322,'B98496',611,58);
INSERT INTO proprietor
VALUES ('P1014473867','苏睦壹','女','804762341',19810415034703,'B24524',972,88);
INSERT INTO proprietor
VALUES ('P1016056012','唐退姿','女','1291476518',19970331232847,'B92125',324,82);
INSERT INTO proprietor
VALUES ('P1025808501','张训光','女','1984096760',1940820003756,'B12140',885,21);
INSERT INTO proprietor
VALUES ('P1031245271','汪辛咨','男','1039163356',19880203103058,'B84548',529,84);
INSERT INTO proprietor
VALUES ('P1031671263','钟友离','女','858391662',19880708052251,'B9640',872,36);
INSERT INTO proprietor
VALUES ('P103172963','姜音荣','男','890164887',1970804004111,'B53745',935,25);
INSERT INTO proprietor
VALUES ('P10347599','方璋逸','女','1849046188',19791004141720,'B60603',312,61);
INSERT INTO proprietor
VALUES ('P1038029160','赵隐惠','女','390664333',19521226013128,'B29296',917,40);
INSERT INTO proprietor
VALUES ('P104587823','张敞州','男','1072910756',19801210114750,'B83124',136,48);
INSERT INTO proprietor
VALUES ('P1049772489','吕观昭','女','520838269',19110330221527,'B95796',754,79);
INSERT INTO proprietor
VALUES ('P10499078','汪凝桥','男','435509032',19481113105943,'B53745',491,96);
INSERT INTO proprietor
VALUES ('P1052794598','谭循峻','女','837543842',19560307133458,'B69820',215,79);
INSERT INTO proprietor
VALUES ('P1054980668','韦凉椅','男','595322638',19931004100116,'B98100',666,58);
INSERT INTO proprietor
VALUES ('P1056907174','萧素羊','女','86835476',19190311140857,'B44483',548,26);
INSERT INTO proprietor
VALUES ('P1068722247','彭途确','女','1447353997',19100506230053,'B20054',399,35);
INSERT INTO proprietor
VALUES ('P1076230980','谭渠瑟','女','765893820',19221209134251,'B49997',683,67);
INSERT INTO proprietor
VALUES ('P107780394','钟敞舶','女','1712273885',19950112210108,'B89510',108,90);
INSERT INTO proprietor
VALUES ('P1080402115','马步铸','女','11823636',19280716080541,'B98496',505,37);
INSERT INTO proprietor
VALUES ('P1085769812','马程公','女','108723816',19621101001126,'B33484',434,9);
INSERT INTO proprietor
VALUES ('P1090498916','罗觉竣','女','1683024555',19481109001631,'B14767',54,8);
INSERT INTO proprietor
VALUES ('P1093758416','萧左锐','女','2009811940',19171030234211,'B17141',109,51);
INSERT INTO proprietor
VALUES ('P1094732583','黄善沐','男','1136215800',19760202225631,'B22272',801,77);
INSERT INTO proprietor
VALUES ('P1098218214','邓沛夏','女','473838034',19620913004038,'B6447',318,51);
INSERT INTO proprietor
VALUES ('P1100153147','陈恩谷','女','1897437168',19260127231450,'B12775',689,8);
INSERT INTO proprietor
VALUES ('P1109332183','韩亦影','女','1054434727',19450709085821,'B44901',102,81);
INSERT INTO proprietor
VALUES ('P1113247588','姜镇亦','女','1988221183',19610421170152,'B22272',804,68);
INSERT INTO proprietor
VALUES ('P1119129901','萧凌巍','女','1055952392',19360321235432,'B53745',989,8);
INSERT INTO proprietor
VALUES ('P1122303807','钟鹤晰','男','1735083670',19771126224924,'B40779',912,10);
INSERT INTO proprietor
VALUES ('P1128819343','陈信绩','男','888271052',19671024030222,'B98496',884,45);
INSERT INTO proprietor
VALUES ('P1131000035','林瞻墨','男','2121903796',19901217071916,'B5271',395,74);
INSERT INTO proprietor
VALUES ('P1135915466','贾潜伯','男','1211077708',19900730143213,'B20054',149,86);
INSERT INTO proprietor
VALUES ('P1136367537','罗润青','男','812437472',19780908093115,'B9590',718,18);
INSERT INTO proprietor
VALUES ('P1152924975','崔易咨','女','168868158',19191013064618,'B3205',526,30);
INSERT INTO proprietor
VALUES ('P1156063084','卢韵墨','女','1337763820',19970617000241,'B77924',528,22);
INSERT INTO proprietor
VALUES ('P1156948055','夏士理','女','1384437694',19130714142511,'B17141',91,59);
INSERT INTO proprietor
VALUES ('P1157311697','邱确塘','女','2094552144',19840924014757,'B86866',876,91);
INSERT INTO proprietor
VALUES ('P1158653317','冯羊真','女','489410112',19740402040931,'B22272',57,66);
INSERT INTO proprietor
VALUES ('P116026169','汪松桐','女','1042219524',19360317100842,'B20054',958,80);
INSERT INTO proprietor
VALUES ('P1163072061','陆傅哲','女','1240399992',19151227194100,'B5271',493,84);
INSERT INTO proprietor
VALUES ('P1165917915','夏野戴','男','1335061149',19870818143034,'B53745',346,47);
INSERT INTO proprietor
VALUES ('P1166631631','罗域锡','女','1297397251',19660825100730,'B24524',979,90);
INSERT INTO proprietor
VALUES ('P116668624','周伊域','女','342731175',19710812084327,'B44700',656,40);
INSERT INTO proprietor
VALUES ('P1177097206','唐耘惠','女','135950170',19290703234854,'B99359',129,43);
INSERT INTO proprietor
VALUES ('P1177745277','孙巍资','男','651690792',19440627032649,'B62937',428,52);
INSERT INTO proprietor
VALUES ('P1178300600','萧裕彰','男','194890342',19191114215734,'B5271',404,90);
INSERT INTO proprietor
VALUES ('P1186922500','丁锐奉','男','954253174',19220219205122,'B63159',702,5);
INSERT INTO proprietor
VALUES ('P1189000235','罗循陆','女','435314046',19400527085309,'B49997',526,56);
INSERT INTO proprietor
VALUES ('P1191614310','张觉鹤','男','671020857',1920126225444,'B32019',998,79);
INSERT INTO proprietor
VALUES ('P119541309','田师炫','男','503447265',19750122125439,'B24524',175,96);
INSERT INTO proprietor
VALUES ('P1196160203','金预本','男','1052971732',19440530074053,'B29296',364,72);
INSERT INTO proprietor
VALUES ('P1196222612','陆恩谱','女','216888359',19540717083342,'B73942',664,3);
INSERT INTO proprietor
VALUES ('P1201040953','赵步长','男','686051742',19510715210307,'B44700',789,12);
INSERT INTO proprietor
VALUES ('P1205159087','赵敏儒','女','1400119532',19450320085553,'B40948',493,81);
INSERT INTO proprietor
VALUES ('P1205436460','江河况','女','455184055',19710323161310,'B98100',372,41);
INSERT INTO proprietor
VALUES ('P1211212648','范云世','女','987408879',19841120185040,'B86866',59,23);
INSERT INTO proprietor
VALUES ('P1212049362','孟祝咨','男','1933991142',1920404080142,'B29296',873,9);
INSERT INTO proprietor
VALUES ('P1212647176','魏本萧','男','1117454679',19380817215639,'B18108',724,8);
INSERT INTO proprietor
VALUES ('P1222489122','孙端绵','男','1442715916',19350519215631,'B14767',891,76);
INSERT INTO proprietor
VALUES ('P1222901132','何栗戴','男','231240574',19951231033339,'B63159',270,72);
INSERT INTO proprietor
VALUES ('P1224671869','汪谱玄','女','1466219430',19850313183509,'B26017',754,54);
INSERT INTO proprietor
VALUES ('P1225942811','张桥凝','男','411181960',19740214124811,'B67457',52,11);
INSERT INTO proprietor
VALUES ('P1231502744','黄观始','女','360816404',19470816035426,'B73942',37,50);
INSERT INTO proprietor
VALUES ('P1233570418','郭奉敞','男','1286791920',19500319114843,'B60603',856,38);
INSERT INTO proprietor
VALUES ('P1233812907','姚以晦','女','1039563176',19400516195343,'B95796',161,85);
INSERT INTO proprietor
VALUES ('P1235068586','何阔柴','男','44991621',1931229222336,'B3205',310,21);
INSERT INTO proprietor
VALUES ('P1237111973','邹祝楷','女','631406697',19520622064352,'B53745',950,78);
INSERT INTO proprietor
VALUES ('P1240760514','邹致江','男','250103160',19410905073712,'B29296',610,61);
INSERT INTO proprietor
VALUES ('P1255615114','金让合','男','194964402',19390914120522,'B3205',865,47);
INSERT INTO proprietor
VALUES ('P1256590126','江策俯','女','1835807374',19690419101912,'B40779',481,52);
INSERT INTO proprietor
VALUES ('P1266120305','於衡熙','女','947162163',19770708175424,'B32019',583,58);
INSERT INTO proprietor
VALUES ('P1270112254','谢绘洲','男','2118847928',19420216010150,'B92125',378,90);
INSERT INTO proprietor
VALUES ('P1272340419','夏凝伯','女','1627145508',19581030054144,'B20054',946,19);
INSERT INTO proprietor
VALUES ('P1274538850','萧松萧','男','744829798',19230303172914,'B19594',801,66);
INSERT INTO proprietor
VALUES ('P1276087627','林如越','男','216042830',19800725125306,'B60603',202,91);
INSERT INTO proprietor
VALUES ('P1276686327','卢殊惜','女','1282961628',19161117230658,'B92125',230,10);
INSERT INTO proprietor
VALUES ('P1282169739','孟自疏','女','441754299',19141115095101,'B86866',193,48);
INSERT INTO proprietor
VALUES ('P1286213191','於柏庄','女','968534992',19840311133633,'B40948',225,30);
INSERT INTO proprietor
VALUES ('P1287635105','熊渤柏','男','1703250858',19960501020229,'B98496',907,92);
INSERT INTO proprietor
VALUES ('P1290918734','崔孝尉','男','1973042564',19210712080850,'B19745',485,38);
INSERT INTO proprietor
VALUES ('P1291167524','彭游云','女','1284182173',19611220215415,'B73942',245,81);
INSERT INTO proprietor
VALUES ('P1293901851','高况铠','女','47999730',19850531221933,'B18108',959,22);
INSERT INTO proprietor
VALUES ('P1299828895','陈澳仁','男','2084880863',19420908003137,'B69820',482,77);
INSERT INTO proprietor
VALUES ('P1301811158','赵端颇','女','1357693289',19480603003649,'B92125',452,10);
INSERT INTO proprietor
VALUES ('P1302122797','吕石跃','女','965724804',1920906083529,'B69820',647,56);
INSERT INTO proprietor
VALUES ('P1306041709','江贯溪','男','1423779600',19790816131246,'B90461',255,92);
INSERT INTO proprietor
VALUES ('P1309596547','卢璧颂','男','1498825145',1950206165302,'B86866',281,84);
INSERT INTO proprietor
VALUES ('P1314965443','马壹江','女','1233253534',19410115045438,'B3205',635,11);
INSERT INTO proprietor
VALUES ('P131576733','胡适宪','女','1043312909',1980616131833,'B29296',768,84);
INSERT INTO proprietor
VALUES ('P1318229393','许律羡','男','439536915',19720912060145,'B9590',729,83);
INSERT INTO proprietor
VALUES ('P1332575091','吴宣蒙','男','1731471884',19911001001630,'B83124',162,63);
INSERT INTO proprietor
VALUES ('P1339828648','程傅新','女','749127989',1990413202730,'B6447',22,97);
INSERT INTO proprietor
VALUES ('P1341277002','吴程筝','男','1363486593',19140830033538,'B12775',121,65);
INSERT INTO proprietor
VALUES ('P1344111420','谭随炫','男','420708883',19570323060718,'B3205',122,5);
INSERT INTO proprietor
VALUES ('P1346339215','汪颂昭','男','6358368',19730613101035,'B49997',367,12);
INSERT INTO proprietor
VALUES ('P1347222106','夏阅遇','女','432224622',1900110194127,'B89510',1,2);
INSERT INTO proprietor
VALUES ('P1348872865','胡奉效','男','868601825',19161208153204,'B44483',593,16);
INSERT INTO proprietor
VALUES ('P1355974233','曹杨钟','男','640497144',19440623114937,'B32019',368,83);
INSERT INTO proprietor
VALUES ('P1356455375','钟康晦','男','117878362',1901011021754,'B18108',216,17);
INSERT INTO proprietor
VALUES ('P1357121588','刘巍道','女','1631787163',19510605192453,'B52727',804,11);
INSERT INTO proprietor
VALUES ('P1364056496','丁卓挺','男','336142924',19580909042801,'B98496',482,92);
INSERT INTO proprietor
VALUES ('P1364681725','熊饶疏','女','690527818',19381218060113,'B88355',967,6);
INSERT INTO proprietor
VALUES ('P136588039','孟稚炫','女','99176768',1940520133608,'B86783',928,30);
INSERT INTO proprietor
VALUES ('P136670907','陈奉威','女','397397006',19720605092537,'B67457',433,59);
INSERT INTO proprietor
VALUES ('P1367506691','卢渝翘','男','461095361',19510503104357,'B9640',921,16);
INSERT INTO proprietor
VALUES ('P1367915306','董适常','男','1684038929',19900124140137,'B5271',992,90);
INSERT INTO proprietor
VALUES ('P137142213','於诺真','女','2117281005',19450601221358,'B83124',647,43);
INSERT INTO proprietor
VALUES ('P1373878872','丁新燕','女','1981171026',19470521204207,'B77739',599,19);
INSERT INTO proprietor
VALUES ('P1375145846','谭乐律','女','1470330931',19880224013424,'B60603',641,61);
INSERT INTO proprietor
VALUES ('P1378210122','范恢薪','男','984572481',19321228123029,'B40948',172,54);
INSERT INTO proprietor
VALUES ('P1388221373','杜澄尉','男','1364573246',1990930151403,'B9640',378,11);
INSERT INTO proprietor
VALUES ('P1389609136','崔铸惠','女','179376813',19500720162709,'B29296',731,71);
INSERT INTO proprietor
VALUES ('P1389837714','郭镇棠','女','10951701',19121227094127,'B98496',697,26);
INSERT INTO proprietor
VALUES ('P1395746428','傅姿束','男','896436361',19221001012900,'B9640',606,97);
INSERT INTO proprietor
VALUES ('P1398622605','何溪栗','男','2047254850',19160111153008,'B18108',952,83);
INSERT INTO proprietor
VALUES ('P1399197563','卢缤荣','女','2044579460',19730816071002,'B22272',48,14);
INSERT INTO proprietor
VALUES ('P1410393950','孟棠南','男','157405051',1901216215205,'B5798',233,78);
INSERT INTO proprietor
VALUES ('P1411208620','熊极先','男','1762553014',19800313162017,'B19745',648,53);
INSERT INTO proprietor
VALUES ('P141266690','朱既殊','女','1311078069',19630327031059,'B63159',208,47);
INSERT INTO proprietor
VALUES ('P1419753915','杜逢都','女','1957643353',19840202160351,'B52727',934,48);
INSERT INTO proprietor
VALUES ('P1421838650','贾江旋','男','801583112',19530226000029,'B77924',12,54);
INSERT INTO proprietor
VALUES ('P1425741343','方朗朝','男','2029394611',19230618081028,'B18108',952,98);
INSERT INTO proprietor
VALUES ('P1426331843','高觉觉','女','1707950924',19191117121500,'B89510',132,24);
INSERT INTO proprietor
VALUES ('P1427255543','朱絮杨','男','257715012',19320711080201,'B84548',220,69);
INSERT INTO proprietor
VALUES ('P1429302247','郑辅昭','男','1888604607',19890418225728,'B90461',889,74);
INSERT INTO proprietor
VALUES ('P1434197220','蒋靖陌','男','463592085',19791124203245,'B53745',707,16);
INSERT INTO proprietor
VALUES ('P1435097444','夏庭陆','女','1722875238',19650103154056,'B77739',94,42);
INSERT INTO proprietor
VALUES ('P1438942075','冯舶弥','男','328913845',19370519045051,'B19594',322,11);
INSERT INTO proprietor
VALUES ('P1439039156','林铠柴','女','1725185975',19781128215541,'B83124',514,21);
INSERT INTO proprietor
VALUES ('P1445796181','金辛弥','男','446947910',19110206173950,'B40948',578,54);
INSERT INTO proprietor
VALUES ('P1462715159','熊济璋','男','1169386216',19680110141954,'B64212',474,77);
INSERT INTO proprietor
VALUES ('P1462816073','江确峻','女','1092729669',19390522000855,'B62937',183,95);
INSERT INTO proprietor
VALUES ('P1464333187','田衍镇','女','1918356508',19451227094136,'B84548',115,24);
INSERT INTO proprietor
VALUES ('P146679069','苏资源','女','484581785',19711024052429,'B69820',258,47);
INSERT INTO proprietor
VALUES ('P1471576674','杨允防','男','65744265',19970924092010,'B99359',403,21);
INSERT INTO proprietor
VALUES ('P1472697991','傅启萧','女','2139165831',19900522160009,'B44901',336,93);
INSERT INTO proprietor
VALUES ('P1474678852','卢壹海','女','1172313283',1930405152742,'B83124',246,56);
INSERT INTO proprietor
VALUES ('P1478821977','李榕矫','男','843289318',19730623000022,'B22272',696,20);
INSERT INTO proprietor
VALUES ('P1479503248','叶遮征','男','1092046079',19910905204608,'B88355',218,45);
INSERT INTO proprietor
VALUES ('P1481562884','邓澳积','男','1598305279',19770130051447,'B12140',142,60);
INSERT INTO proprietor
VALUES ('P1482396070','谢耕竟','女','1636840176',19620524181441,'B9590',354,92);
INSERT INTO proprietor
VALUES ('P1485555462','胡览瞻','女','1031783099',19681024201319,'B53745',695,27);
INSERT INTO proprietor
VALUES ('P1486105658','周赫盛','女','727985565',19960513132418,'B3205',112,76);
INSERT INTO proprietor
VALUES ('P1487684610','叶浦枫','男','892443671',19490615212732,'B67457',698,67);
INSERT INTO proprietor
VALUES ('P1490485383','崔储维','女','501105515',19180329123055,'B22272',279,20);
INSERT INTO proprietor
VALUES ('P1493635625','董放铮','女','537945705',19650617064149,'B44483',364,14);
INSERT INTO proprietor
VALUES ('P1493772674','苏肃确','男','796787664',1930317152602,'B53745',935,60);
INSERT INTO proprietor
VALUES ('P1499673139','吕惜淳','男','400990631',19310406110038,'B33484',41,95);
INSERT INTO proprietor
VALUES ('P1509020447','贾澳左','男','892082978',19391220031955,'B77924',958,74);
INSERT INTO proprietor
VALUES ('P1516195334','於墨宪','男','676635499',19280819145502,'B62937',120,63);
INSERT INTO proprietor
VALUES ('P1519125754','杜临州','女','554549059',19331205052018,'B84548',319,3);
INSERT INTO proprietor
VALUES ('P1532298285','韦慕勉','男','774485121',19800526164415,'B86866',804,10);
INSERT INTO proprietor
VALUES ('P1534919692','戴陌哲','男','440419587',19471018192806,'B86783',640,27);
INSERT INTO proprietor
VALUES ('P1539243148','张羊临','男','1374868256',19720220104634,'B29296',565,80);
INSERT INTO proprietor
VALUES ('P1542800403','韩蒲鹰','男','659556993',19840612235102,'B20054',617,21);
INSERT INTO proprietor
VALUES ('P1547142870','杨方青','男','560828487',19261017092901,'B22272',802,76);
INSERT INTO proprietor
VALUES ('P1551529693','丁仪渤','女','943846926',19400303014734,'B90461',756,70);
INSERT INTO proprietor
VALUES ('P1554324408','金笙益','女','529734232',1990612193932,'B84548',983,63);
INSERT INTO proprietor
VALUES ('P1554465681','唐宛照','女','899546334',19581023081517,'B69820',503,5);
INSERT INTO proprietor
VALUES ('P1557603166','丁德州','男','609070923',19590215015945,'B73942',321,93);
INSERT INTO proprietor
VALUES ('P1571603396','熊筹姿','男','577713817',19321124163235,'B49997',4,98);
INSERT INTO proprietor
VALUES ('P1573333797','郑友梦','女','2006964419',1941219214756,'B9640',78,85);
INSERT INTO proprietor
VALUES ('P1574275003','姚夏谨','女','1542645833',1900613202444,'B9590',952,16);
INSERT INTO proprietor
VALUES ('P1574377686','贾绪翎','男','522276252',19750321153503,'B92125',663,36);
INSERT INTO proprietor
VALUES ('P1575889375','吕遂信','男','665746360',19501227153753,'B83124',122,57);
INSERT INTO proprietor
VALUES ('P1576829435','郑齐观','男','1591661488',19840827152948,'B67457',689,8);
INSERT INTO proprietor
VALUES ('P1577345667','沈沛墨','女','1901467384',19811005100531,'B19594',453,59);
INSERT INTO proprietor
VALUES ('P1588142318','袁稚玄','男','1211204348',19230928014230,'B89510',832,84);
INSERT INTO proprietor
VALUES ('P1590237507','宋临树','男','1267869786',19681030161920,'B60591',347,42);
INSERT INTO proprietor
VALUES ('P1594311442','朱盈枫','女','807498714',1950908112741,'B44483',797,44);
INSERT INTO proprietor
VALUES ('P1597599592','孟渐晦','男','1699069690',19710714131208,'B17141',612,19);
INSERT INTO proprietor
VALUES ('P1601629081','林辞芒','女','250267005',1990616041047,'B40779',357,43);
INSERT INTO proprietor
VALUES ('P1603454572','陆树域','男','1198804284',19340803075838,'B20054',642,5);
INSERT INTO proprietor
VALUES ('P1608370104','傅防渠','男','445049410',19690209063208,'B5798',353,22);
INSERT INTO proprietor
VALUES ('P1613264499','刘柴亦','女','843320061',19270512035714,'B86783',160,61);
INSERT INTO proprietor
VALUES ('P1620441412','杜符絮','男','770769524',19640328235719,'B5798',674,3);
INSERT INTO proprietor
VALUES ('P16208984','朱锡希','男','375652545',19820208191415,'B44483',584,54);
INSERT INTO proprietor
VALUES ('P1624293028','余柏絮','女','656404543',19620506045228,'B86866',806,27);
INSERT INTO proprietor
VALUES ('P1628785940','叶润渤','男','883311176',19211104115520,'B99359',751,19);
INSERT INTO proprietor
VALUES ('P1629027706','汪溯敬','女','1303123035',19390926053727,'B24524',980,87);
INSERT INTO proprietor
VALUES ('P1634420012','周尉愈','女','1281835159',1990922141827,'B60591',288,5);
INSERT INTO proprietor
VALUES ('P1645575813','黄来谷','男','1707108016',19920120123318,'B62937',895,35);
INSERT INTO proprietor
VALUES ('P1646955408','吕启江','女','24626103',19970302191059,'B20054',10,88);
INSERT INTO proprietor
VALUES ('P1649478768','潘鹰常','男','761877054',19640921152955,'B40779',262,74);
INSERT INTO proprietor
VALUES ('P1651994903','李崇悠','女','1544523309',19270513131839,'B33484',736,3);
INSERT INTO proprietor
VALUES ('P1667034823','邹远疏','男','1183238768',19561125011757,'B67457',307,90);
INSERT INTO proprietor
VALUES ('P1667698379','张项堪','男','1004320789',1930127084614,'B5798',386,53);
INSERT INTO proprietor
VALUES ('P1668864323','彭柴源','男','692209755',19860418210452,'B9640',877,59);
INSERT INTO proprietor
VALUES ('P1669432978','宋澄溪','男','339403366',19301126184944,'B20054',405,76);
INSERT INTO proprietor
VALUES ('P1669699620','江庭沛','女','1466182542',19160731042652,'B6447',264,9);
INSERT INTO proprietor
VALUES ('P1672959643','邓锦庄','女','1922982236',19490625084917,'B44483',431,41);
INSERT INTO proprietor
VALUES ('P1677264646','韦宪竟','女','870454474',19540704154507,'B95796',162,37);
INSERT INTO proprietor
VALUES ('P1678118632','傅迈公','女','610425052',19450621104420,'B5798',246,75);
INSERT INTO proprietor
VALUES ('P1680034384','何数敦','男','786999930',19370916093412,'B98100',392,9);
INSERT INTO proprietor
VALUES ('P168517040','崔枫意','女','1213466604',19691026101008,'B83124',998,98);
INSERT INTO proprietor
VALUES ('P1687793234','宋弥潜','男','1191577021',19720306231134,'B53745',826,94);
INSERT INTO proprietor
VALUES ('P1688750762','宋沛晦','女','1013602078',19420207185414,'B90461',995,38);
INSERT INTO proprietor
VALUES ('P1688866487','潘筑婉','女','153503415',19581117230046,'B84548',726,99);
INSERT INTO proprietor
VALUES ('P1690178182','邹棠左','男','63829191',19841023000323,'B29296',603,13);
INSERT INTO proprietor
VALUES ('P1694208479','邹奕添','女','1817051299',19531224235037,'B99359',817,25);
INSERT INTO proprietor
VALUES ('P1696498918','崔蒙信','女','736791752',19620624181810,'B92125',428,60);
INSERT INTO proprietor
VALUES ('P1698193401','孙绩资','女','1902382669',19470211165721,'B52727',645,64);
INSERT INTO proprietor
VALUES ('P1701988904','梁润仪','男','1928859297',19140328131750,'B17141',326,42);
INSERT INTO proprietor
VALUES ('P1710270021','朱柏羡','女','1734749282',1920209074607,'B12140',836,42);
INSERT INTO proprietor
VALUES ('P1713242482','熊康萧','女','1964385723',19830527013203,'B63159',215,62);
INSERT INTO proprietor
VALUES ('P171536670','於渤鹤','男','717524246',19171126105057,'B6447',570,31);
INSERT INTO proprietor
VALUES ('P172403617','崔疏同','女','1157161763',1991005094510,'B40779',990,27);
INSERT INTO proprietor
VALUES ('P1725745970','姚应梦','男','791537018',1980304095029,'B20054',13,17);
INSERT INTO proprietor
VALUES ('P1727562443','张塘植','男','585990821',1950613172041,'B3205',514,57);
INSERT INTO proprietor
VALUES ('P1730748954','赵南诺','女','927046949',19580325150313,'B20054',14,7);
INSERT INTO proprietor
VALUES ('P1732720708','方敬璋','男','1256221915',19480428173704,'B89510',472,88);
INSERT INTO proprietor
VALUES ('P1735205312','周犁锐','男','1916412856',19860928093919,'B77924',278,33);
INSERT INTO proprietor
VALUES ('P1738900235','宋戴防','男','158656213',19640523152611,'B69820',79,34);
INSERT INTO proprietor
VALUES ('P1740106807','李令瑟','男','282833186',19911012023544,'B44700',218,76);
INSERT INTO proprietor
VALUES ('P1742979396','石羊桥','男','359115232',19540820163038,'B52727',676,94);
INSERT INTO proprietor
VALUES ('P1745637656','孟段耕','女','1058277707',19950810234049,'B32019',181,87);
INSERT INTO proprietor
VALUES ('P1751475213','吴枢云','女','1836425923',19770413051501,'B44700',86,66);
INSERT INTO proprietor
VALUES ('P1753148361','胡石舶','男','2116240773',19971213230037,'B33484',823,29);
INSERT INTO proprietor
VALUES ('P1753498488','冯巍觉','男','1947502343',19740625120940,'B90461',132,62);
INSERT INTO proprietor
VALUES ('P1757980712','杨悟适','男','546934304',19680102183418,'B44700',465,10);
INSERT INTO proprietor
VALUES ('P1766134812','於缘戴','女','449142337',19541112101644,'B32019',291,26);
INSERT INTO proprietor
VALUES ('P1768874550','江真北','女','1110949848',19180626225358,'B86866',406,18);
INSERT INTO proprietor
VALUES ('P1782611399','姜陶凉','男','2009019256',19111023185445,'B67457',432,15);
INSERT INTO proprietor
VALUES ('P1782835019','彭宛榛','女','1654057107',19340101040518,'B12775',123,52);
INSERT INTO proprietor
VALUES ('P1791650381','余盈祝','男','261857979',19500312182618,'B12140',688,16);
INSERT INTO proprietor
VALUES ('P1792081152','罗善遵','男','2131346764',19881207103157,'B83124',93,60);
INSERT INTO proprietor
VALUES ('P1802346622','吴陵滨','女','1927055803',19140123041806,'B69820',810,9);
INSERT INTO proprietor
VALUES ('P1806974291','韩陵萧','男','459350984',19230130050209,'B40948',727,48);
INSERT INTO proprietor
VALUES ('P1808924448','黄晚辛','女','2125463724',19700626170819,'B67457',809,56);
INSERT INTO proprietor
VALUES ('P1811104830','周纬焕','女','1692727806',19330210194851,'B12775',914,80);
INSERT INTO proprietor
VALUES ('P1813108377','范索光','女','1722151568',19100905112954,'B44901',112,74);
INSERT INTO proprietor
VALUES ('P181942936','徐蒲戴','女','760073998',19300309031228,'B64212',151,9);
INSERT INTO proprietor
VALUES ('P1821695680','贾饶朗','男','575322702',19200602135854,'B92125',255,25);
INSERT INTO proprietor
VALUES ('P1822717240','林阁士','男','91271844',19500516190452,'B6447',634,67);
INSERT INTO proprietor
VALUES ('P1824110065','冯雁城','女','598746828',19541023154910,'B5798',519,48);
INSERT INTO proprietor
VALUES ('P1825893594','曾湘退','女','1107205949',19880712201237,'B88355',931,40);
INSERT INTO proprietor
VALUES ('P183447173','林防绵','男','956684296',19830521023707,'B24524',77,67);
INSERT INTO proprietor
VALUES ('P1835431788','曹辙枫','女','475020467',19700122132306,'B3205',828,76);
INSERT INTO proprietor
VALUES ('P1837276909','潘挺歧','男','188828994',19391119233314,'B98100',105,30);
INSERT INTO proprietor
VALUES ('P1840218992','蒋瑾之','男','1828275996',19960128102304,'B12140',786,44);
INSERT INTO proprietor
VALUES ('P1841444381','许羊俯','女','1736061559',19240111133046,'B92125',916,38);
INSERT INTO proprietor
VALUES ('P1841454566','王筑仁','男','215231614',19500523201615,'B6447',336,55);
INSERT INTO proprietor
VALUES ('P1841533495','朱经基','男','318282671',19670216113714,'B69820',13,55);
INSERT INTO proprietor
VALUES ('P1841845221','余冲绘','女','1461980341',19600622142117,'B40948',508,66);
INSERT INTO proprietor
VALUES ('P1843657583','任星千','男','2014399307',19940105013933,'B77739',641,38);
INSERT INTO proprietor
VALUES ('P1849395786','谢边晋','女','1048070249',19491210071312,'B90461',558,36);
INSERT INTO proprietor
VALUES ('P1858436429','姜衡潭','女','1050059458',19600920082848,'B77739',672,29);
INSERT INTO proprietor
VALUES ('P1877425259','陈澄杨','男','1379505399',19810411115035,'B32019',648,4);
INSERT INTO proprietor
VALUES ('P1880823734','傅循素','女','273713547',19550224084039,'B32019',823,65);
INSERT INTO proprietor
VALUES ('P1881925827','姜权巨','男','2146941436',19580404042149,'B86866',678,81);
INSERT INTO proprietor
VALUES ('P1881993911','罗慕辙','女','1334400800',19790609141109,'B44901',613,51);
INSERT INTO proprietor
VALUES ('P1882444534','范絮玖','男','2030516603',19440204170335,'B18108',968,59);
INSERT INTO proprietor
VALUES ('P1886103062','卢绩度','女','916463458',19221103011225,'B40779',989,83);
INSERT INTO proprietor
VALUES ('P1893198973','戴晚厚','男','2070937711',19480118044900,'B89510',584,32);
INSERT INTO proprietor
VALUES ('P1898283025','吕影山','女','945279373',1950711233002,'B62937',483,19);
INSERT INTO proprietor
VALUES ('P1907724030','傅诺举','女','2067351272',19911013212500,'B24524',571,20);
INSERT INTO proprietor
VALUES ('P1910486701','宋书瑶','女','1448847112',19510515150956,'B9640',288,31);
INSERT INTO proprietor
VALUES ('P191089826','江席厚','女','1059691510',19990812065410,'B6447',908,32);
INSERT INTO proprietor
VALUES ('P1916554800','蔡长防','男','18752936',19900403043743,'B19745',26,34);
INSERT INTO proprietor
VALUES ('P1919486249','蒋雁源','女','1237179096',19181004111716,'B44901',596,97);
INSERT INTO proprietor
VALUES ('P1932811957','许泉涉','女','964599908',19531127110446,'B98496',803,34);
INSERT INTO proprietor
VALUES ('P1932916777','程极元','男','1361837798',19601024171304,'B49997',387,67);
INSERT INTO proprietor
VALUES ('P1937584582','高渠右','女','1874604434',1911124140521,'B77739',276,44);
INSERT INTO proprietor
VALUES ('P1940053845','卢棠萧','男','1476432171',19120206161430,'B60603',709,84);
INSERT INTO proprietor
VALUES ('P1941602177','黄然齐','女','434031910',19580414201349,'B69820',977,78);
INSERT INTO proprietor
VALUES ('P1946238407','程舒得','男','354260067',19850531085132,'B69820',806,11);
INSERT INTO proprietor
VALUES ('P1947181263','高庭洲','女','411865668',19951115182259,'B63159',214,15);
INSERT INTO proprietor
VALUES ('P1947211280','郑墨阅','女','851612001',19521204223942,'B5271',545,86);
INSERT INTO proprietor
VALUES ('P1948062518','汪宽士','女','483365514',19440131121735,'B12775',868,90);
INSERT INTO proprietor
VALUES ('P1948905576','田秦奕','女','2094164233',19480521075924,'B22272',351,67);
INSERT INTO proprietor
VALUES ('P1951008359','程企青','男','699934767',19500313034655,'B77739',427,4);
INSERT INTO proprietor
VALUES ('P1951489864','邱渤朗','女','272165580',19501101035229,'B9590',217,40);
INSERT INTO proprietor
VALUES ('P195170083','萧盛枫','女','1102798674',1980506014648,'B60603',249,77);
INSERT INTO proprietor
VALUES ('P1958686036','萧渊纪','女','1389563489',19980520074358,'B24524',614,46);
INSERT INTO proprietor
VALUES ('P1961057485','刘澳路','女','1130935664',19511207231724,'B44700',599,15);
INSERT INTO proprietor
VALUES ('P1965492905','田介勉','女','1664849584',19250828170938,'B53745',25,46);
INSERT INTO proprietor
VALUES ('P196993857','何殊易','男','1781651667',19480708185851,'B14767',888,10);
INSERT INTO proprietor
VALUES ('P1973983822','程弥壹','男','757975688',19120220014943,'B98100',414,4);
INSERT INTO proprietor
VALUES ('P1989589031','任勉左','女','564068003',19630108135346,'B44700',979,20);
INSERT INTO proprietor
VALUES ('P1990419575','沈塘渐','女','740281539',1920408074027,'B9640',243,61);
INSERT INTO proprietor
VALUES ('P199718190','程湘得','女','403184173',19261208200410,'B95796',571,6);
INSERT INTO proprietor
VALUES ('P2000755527','姚溯随','女','1700547497',19560201152652,'B6447',701,37);
INSERT INTO proprietor
VALUES ('P2002403402','冯远纪','女','50427022',19360111044531,'B60591',794,88);
INSERT INTO proprietor
VALUES ('P201615232','姜瑟宪','女','1241577828',19970203025706,'B86783',124,12);
INSERT INTO proprietor
VALUES ('P2019932869','李咨澄','女','1928572421',19761226135036,'B5271',448,72);
INSERT INTO proprietor
VALUES ('P2020580981','高易仲','女','1930643436',19290821103727,'B5271',85,19);
INSERT INTO proprietor
VALUES ('P2024940448','魏芒耘','女','555145866',19940609165743,'B60603',521,41);
INSERT INTO proprietor
VALUES ('P2030260615','张承黎','男','511563464',1971111104955,'B77739',650,38);
INSERT INTO proprietor
VALUES ('P2031235339','范山渊','男','1329762772',19751008223446,'B19594',347,19);
INSERT INTO proprietor
VALUES ('P2035481713','袁允得','男','1135777289',19401002055451,'B77739',573,37);
INSERT INTO proprietor
VALUES ('P2036902119','金钟燕','男','2082819739',19730528022423,'B67457',538,83);
INSERT INTO proprietor
VALUES ('P2038888066','周渠陵','女','484228360',19370416174531,'B12775',524,32);
INSERT INTO proprietor
VALUES ('P2040105699','丁来鹿','男','821308108',19870824160331,'B5798',712,69);
INSERT INTO proprietor
VALUES ('P204259957','戴翘添','男','1475055498',19180407182619,'B44901',193,48);
INSERT INTO proprietor
VALUES ('P2044583071','吴铮储','男','1526851609',19600901131953,'B84548',507,37);
INSERT INTO proprietor
VALUES ('P2045616646','熊乐巨','女','1257094724',19820814131909,'B49997',981,83);
INSERT INTO proprietor
VALUES ('P2045695671','苏愈尊','男','1592609609',19551106170320,'B44483',965,6);
INSERT INTO proprietor
VALUES ('P2051151083','程黎恩','男','922226453',19720109143745,'B99359',381,61);
INSERT INTO proprietor
VALUES ('P2053805379','於珞絮','女','1856423868',19130227111523,'B83124',143,97);
INSERT INTO proprietor
VALUES ('P2055363280','谢星碧','男','322795779',19310204044541,'B77924',707,53);
INSERT INTO proprietor
VALUES ('P2058506005','邓梦逢','男','750300761',19431213092904,'B44483',847,33);
INSERT INTO proprietor
VALUES ('P2061619886','於常秉','女','1799871402',19720627112225,'B40779',673,68);
INSERT INTO proprietor
VALUES ('P2063341489','贾衡燕','男','96982493',19780807195227,'B18108',30,13);
INSERT INTO proprietor
VALUES ('P2071369574','孟仲肃','男','1003357523',19170912022514,'B44901',254,56);
INSERT INTO proprietor
VALUES ('P2089439336','邓棠燕','女','394526977',19500331122109,'B98496',538,92);
INSERT INTO proprietor
VALUES ('P209237544','张燕秉','女','547413424',19201111234149,'B44700',899,15);
INSERT INTO proprietor
VALUES ('P2104068608','杨缘放','女','856296469',19360107024242,'B12140',809,76);
INSERT INTO proprietor
VALUES ('P2105478992','许衍以','女','366238226',19800506141111,'B14767',205,28);
INSERT INTO proprietor
VALUES ('P2106805826','谭遵咨','男','920526176',19441020205118,'B95796',101,14);
INSERT INTO proprietor
VALUES ('P2113404633','孟慕如','男','1503439188',19140601054609,'B64212',818,32);
INSERT INTO proprietor
VALUES ('P2116416310','徐麟桐','女','1672573841',19570512060223,'B83124',949,37);
INSERT INTO proprietor
VALUES ('P2122636477','曹顺景','男','1495491993',19631014173113,'B6447',898,94);
INSERT INTO proprietor
VALUES ('P2134048141','宋厚龄','女','1019903548',19820909003539,'B52727',293,46);
INSERT INTO proprietor
VALUES ('P2138365981','张绘壹','男','405457970',19591121114611,'B52727',490,83);
INSERT INTO proprietor
VALUES ('P214021913','徐企郁','男','1617227301',19280409200321,'B19594',487,99);
INSERT INTO proprietor
VALUES ('P2141467985','杜遮意','女','2143618522',19821020175435,'B98496',609,27);
INSERT INTO proprietor
VALUES ('P2144263304','潘湘段','女','1012103772',19171227161018,'B44483',436,18);
INSERT INTO proprietor
VALUES ('P2146427539','夏经颇','女','1011131163',19301214151804,'B17141',424,41);
INSERT INTO proprietor
VALUES ('P2146817487','何雁长','男','697924960',1961002065653,'B53745',270,28);
INSERT INTO proprietor
VALUES ('P219997419','韦巨白','女','1840380834',19970731205645,'B60603',641,87);
INSERT INTO proprietor
VALUES ('P220793000','吕绪惠','男','1300665725',19620202205544,'B20054',907,31);
INSERT INTO proprietor
VALUES ('P228739728','刘路允','男','438045377',19230524033531,'B40948',156,21);
INSERT INTO proprietor
VALUES ('P25073125','高宁绘','男','407350843',19650820194933,'B77739',396,28);
INSERT INTO proprietor
VALUES ('P252255233','陈恢儒','男','789523640',19671011094409,'B44700',846,30);
INSERT INTO proprietor
VALUES ('P252318728','任薪预','男','1172791674',19520518192058,'B22272',883,6);
INSERT INTO proprietor
VALUES ('P259091073','彭凉沐','女','814357007',19180730180615,'B95796',160,72);
INSERT INTO proprietor
VALUES ('P262262658','潘竞谦','男','976711414',19300619223316,'B19594',193,31);
INSERT INTO proprietor
VALUES ('P268508012','郭渠敦','男','2057807210',19351108164656,'B88355',304,3);
INSERT INTO proprietor
VALUES ('P268837742','戴镇桥','男','662127334',19841124173034,'B5798',657,36);
INSERT INTO proprietor
VALUES ('P271233851','袁植积','女','803806095',19350723170644,'B62937',151,8);
INSERT INTO proprietor
VALUES ('P279982828','戴弥宁','女','341422359',19290901154821,'B9590',531,50);
INSERT INTO proprietor
VALUES ('P285564400','卢卓以','男','1142235001',19741129193510,'B40779',998,13);
INSERT INTO proprietor
VALUES ('P29216248','李铮饶','男','1509481364',19371205022811,'B64212',806,17);
INSERT INTO proprietor
VALUES ('P294122173','杜溯始','男','1192607756',19411130004731,'B83124',846,74);
INSERT INTO proprietor
VALUES ('P297940523','戴猛谦','男','335737103',19520308165402,'B12775',203,40);
INSERT INTO proprietor
VALUES ('P307416183','冯锐归','女','500547746',19230629054723,'B14767',647,10);
INSERT INTO proprietor
VALUES ('P311454918','贾师荣','女','2145301155',1920820074735,'B62937',223,57);
INSERT INTO proprietor
VALUES ('P31183066','朱青澈','男','1385880074',19561008101437,'B95796',624,11);
INSERT INTO proprietor
VALUES ('P315983628','韦辙易','女','206447155',19801016201033,'B12775',307,95);
INSERT INTO proprietor
VALUES ('P318763194','李晰观','女','1848424999',19910302073057,'B86783',211,51);
INSERT INTO proprietor
VALUES ('P322271075','沈真宛','女','788450367',19790112222954,'B6447',881,41);
INSERT INTO proprietor
VALUES ('P324781659','田椅穗','男','501097143',19140516203042,'B22272',564,53);
INSERT INTO proprietor
VALUES ('P327079052','戴深桑','男','1745455711',19570318025118,'B40948',99,76);
INSERT INTO proprietor
VALUES ('P330322933','蔡舒枫','女','1635267573',1950923024137,'B44483',415,31);
INSERT INTO proprietor
VALUES ('P337679392','沈杉鼎','男','592124869',19850513154015,'B98100',375,22);
INSERT INTO proprietor
VALUES ('P340241871','田遥蒲','男','895772616',19420513041311,'B86783',167,22);
INSERT INTO proprietor
VALUES ('P341317883','杨寒汇','女','1906590269',19961208002037,'B20054',821,88);
INSERT INTO proprietor
VALUES ('P343633242','罗希显','男','1096183995',19521023032435,'B9590',471,76);
INSERT INTO proprietor
VALUES ('P363138249','陈逊川','男','501596872',19290819152710,'B33484',170,12);
INSERT INTO proprietor
VALUES ('P364344892','苏晋瑟','男','1071622110',19280908024345,'B88355',900,21);
INSERT INTO proprietor
VALUES ('P371200230','潘始玫','女','65694634',19800503162407,'B6447',109,66);
INSERT INTO proprietor
VALUES ('P374493763','沈素正','男','317202934',19840706035036,'B40948',339,18);
INSERT INTO proprietor
VALUES ('P385025514','石乔迈','女','1919599250',19690618211717,'B6447',453,13);
INSERT INTO proprietor
VALUES ('P396139796','邓熙巨','女','943673241',19920423185517,'B86866',449,63);
INSERT INTO proprietor
VALUES ('P409857422','宋奉遵','女','1266284697',1990610215702,'B99359',672,10);
INSERT INTO proprietor
VALUES ('P410196242','沈宽笙','女','1082153576',19891218002350,'B89510',368,50);
INSERT INTO proprietor
VALUES ('P411647763','石哲乐','男','79799741',19590714110130,'B98496',82,24);
INSERT INTO proprietor
VALUES ('P419228622','崔沐镇','女','1000544407',19391030141721,'B86866',481,68);
INSERT INTO proprietor
VALUES ('P424806214','董广济','女','1774760737',19760325163242,'B86866',171,68);
INSERT INTO proprietor
VALUES ('P428392908','彭翘熙','男','771726026',19490117072638,'B19745',38,93);
INSERT INTO proprietor
VALUES ('P429329730','蒋凝稼','男','1004572633',19171210120834,'B12775',122,93);
INSERT INTO proprietor
VALUES ('P43016705','邓书渤','女','216764774',1960124203742,'B12775',40,45);
INSERT INTO proprietor
VALUES ('P430279845','卢阔睦','女','1557329803',19850118211854,'B63159',49,30);
INSERT INTO proprietor
VALUES ('P432880366','袁厚永','男','165411560',1921106170700,'B24524',743,14);
INSERT INTO proprietor
VALUES ('P439627852','崔慈笙','男','1578056498',19360419082054,'B98496',825,25);
INSERT INTO proprietor
VALUES ('P439740959','夏增戴','男','1433305195',19660704064727,'B19745',935,36);
INSERT INTO proprietor
VALUES ('P443876697','李杉敞','女','1333855095',19320420131238,'B73942',243,48);
INSERT INTO proprietor
VALUES ('P445649350','任信觉','男','1657766295',19871111070747,'B44483',248,90);
INSERT INTO proprietor
VALUES ('P446483833','苏塘随','女','1244338477',19531218004644,'B40948',717,86);
INSERT INTO proprietor
VALUES ('P45213498','张积宛','女','773989705',19560318023848,'B33484',243,87);
INSERT INTO proprietor
VALUES ('P456199791','余遂添','女','1349429931',19501227215859,'B17141',322,19);
INSERT INTO proprietor
VALUES ('P459836500','李企敬','女','1553912022',19870525131527,'B12140',848,9);
INSERT INTO proprietor
VALUES ('P461581821','陈傅渊','女','374811278',19950130225752,'B86783',740,56);
INSERT INTO proprietor
VALUES ('P465107944','孟训培','女','1997063324',1950525053048,'B84548',756,66);
INSERT INTO proprietor
VALUES ('P467879507','陆洲愈','男','2078050237',19980916012901,'B17141',791,72);
INSERT INTO proprietor
VALUES ('P482547773','谭绩裕','男','1020444400',19580807141955,'B9590',594,89);
INSERT INTO proprietor
VALUES ('P482599874','贾寒预','男','1253978148',19780411112958,'B52727',504,48);
INSERT INTO proprietor
VALUES ('P488705401','彭预秉','女','282775079',19421202015141,'B29296',481,99);
INSERT INTO proprietor
VALUES ('P488982343','贾凝轩','女','613320561',19270424225022,'B5798',422,59);
INSERT INTO proprietor
VALUES ('P491574211','朱企崇','男','480299020',19140304082626,'B64212',34,54);
INSERT INTO proprietor
VALUES ('P492307436','钟陵松','女','1730166190',19500414193333,'B52727',160,92);
INSERT INTO proprietor
VALUES ('P497217063','钟巨阁','男','1613956068',19190820115507,'B5271',341,32);
INSERT INTO proprietor
VALUES ('P50095209','王荷舶','男','1222697907',1961030020858,'B44483',550,90);
INSERT INTO proprietor
VALUES ('P501114450','郭数阔','女','391915285',19460311070903,'B14767',904,87);
INSERT INTO proprietor
VALUES ('P50336506','罗洲晰','男','1182021284',19381026172202,'B20054',384,9);
INSERT INTO proprietor
VALUES ('P513468295','廖铸榕','女','1022760338',19781107150739,'B53745',935,87);
INSERT INTO proprietor
VALUES ('P515951363','陈施羊','男','963017195',19730724010053,'B14767',645,92);
INSERT INTO proprietor
VALUES ('P518174268','姜同珞','男','1944301398',19340805005252,'B12775',598,57);
INSERT INTO proprietor
VALUES ('P520981853','朱崇芒','男','1783171222',19690126002551,'B73942',94,12);
INSERT INTO proprietor
VALUES ('P530789987','姚致乐','女','1237750500',19110406220226,'B89510',126,45);
INSERT INTO proprietor
VALUES ('P534719619','叶照凝','男','196324391',19450821050936,'B44901',104,2);
INSERT INTO proprietor
VALUES ('P542046566','李歌原','女','1170139266',19830930045245,'B26017',681,59);
INSERT INTO proprietor
VALUES ('P549883278','朱朝善','男','78758124',19161019070450,'B89510',55,82);
INSERT INTO proprietor
VALUES ('P551004188','邓遇卓','女','1219477610',1920617182125,'B22272',246,51);
INSERT INTO proprietor
VALUES ('P551057864','冯祝恩','男','1543363262',19680825231336,'B5798',675,74);
INSERT INTO proprietor
VALUES ('P554428225','石冲巨','女','596758729',19130506153713,'B67457',147,94);
INSERT INTO proprietor
VALUES ('P554504423','苏蒙璋','女','1583158042',19640623080812,'B77739',531,17);
INSERT INTO proprietor
VALUES ('P554976580','杨右培','男','1740457006',19550307235029,'B20054',24,2);
INSERT INTO proprietor
VALUES ('P55591355','彭方辛','男','2103946915',1930329085552,'B77924',448,26);
INSERT INTO proprietor
VALUES ('P559275609','吴筹盈','男','621248835',19310924183527,'B64212',772,5);
INSERT INTO proprietor
VALUES ('P560481977','袁宛观','女','834676769',19791004121826,'B6447',806,24);
INSERT INTO proprietor
VALUES ('P564938481','潘资荣','男','1100740859',19550105102854,'B86866',445,34);
INSERT INTO proprietor
VALUES ('P566622064','郭如起','男','1373188780',19511101075641,'B84548',276,46);
INSERT INTO proprietor
VALUES ('P582346247','任柴玫','女','595346762',19610318181710,'B19594',619,21);
INSERT INTO proprietor
VALUES ('P582888707','周北储','男','124619086',19770125123821,'B19594',8,19);
INSERT INTO proprietor
VALUES ('P587407938','邹稼辙','女','1750249044',1920830103146,'B44700',945,64);
INSERT INTO proprietor
VALUES ('P591297622','谭北澳','男','858460307',1930108192854,'B3205',335,14);
INSERT INTO proprietor
VALUES ('P591432517','王边润','男','1325088646',19320805222115,'B69820',772,20);
INSERT INTO proprietor
VALUES ('P600838444','许离积','女','275299315',19670203170542,'B26017',393,0);
INSERT INTO proprietor
VALUES ('P601288842','赵梦中','男','743704564',1980601043846,'B12775',356,33);
INSERT INTO proprietor
VALUES ('P612145451','孙遮绍','男','829756596',1910419043709,'B33484',316,77);
INSERT INTO proprietor
VALUES ('P614751665','吴潮贯','男','1605892940',19840209162543,'B29296',88,26);
INSERT INTO proprietor
VALUES ('P629390615','魏秦渠','男','465896604',19660922185801,'B18108',710,56);
INSERT INTO proprietor
VALUES ('P630860517','邹符犀','男','1906658252',19300603021731,'B17141',198,37);
INSERT INTO proprietor
VALUES ('P632151116','汪登桐','男','1774337831',19750918222203,'B88355',815,96);
INSERT INTO proprietor
VALUES ('P63432740','罗适存','女','1302208761',19500604142202,'B44483',251,93);
INSERT INTO proprietor
VALUES ('P649744854','彭左山','女','461968027',19840429142723,'B32019',635,81);
INSERT INTO proprietor
VALUES ('P651028701','田犁勉','女','1480898911',19471108062352,'B95796',565,24);
INSERT INTO proprietor
VALUES ('P651576422','戴齐歧','男','1784750662',19380118182740,'B19594',192,56);
INSERT INTO proprietor
VALUES ('P654023236','刘鹿戴','女','323462545',19580916204835,'B92125',587,67);
INSERT INTO proprietor
VALUES ('P667206957','傅谦公','女','1840895936',19231206112620,'B26017',2,4);
INSERT INTO proprietor
VALUES ('P669683670','丁清儒','男','1651300233',19500602234931,'B20054',719,48);
INSERT INTO proprietor
VALUES ('P677446366','孙魁威','女','363566488',1910414012922,'B20054',844,48);
INSERT INTO proprietor
VALUES ('P680800932','任跃谷','男','1733485276',19300326105357,'B89510',151,49);
INSERT INTO proprietor
VALUES ('P68701318','田本处','男','1201729724',19330216080514,'B9590',196,98);
INSERT INTO proprietor
VALUES ('P698381408','吴绅瑶','男','1808747604',19430803233207,'B77739',602,30);
INSERT INTO proprietor
VALUES ('P699220660','谢归玄','男','175597734',19600815230756,'B6447',517,59);
INSERT INTO proprietor
VALUES ('P706730055','朱观悉','女','575997580',19310827224753,'B60591',442,45);
INSERT INTO proprietor
VALUES ('P70940674','孙湘鹰','男','2146002563',19761023121811,'B49997',280,80);
INSERT INTO proprietor
VALUES ('P713381171','熊颇荣','男','1718527107',19461011181745,'B14767',147,72);
INSERT INTO proprietor
VALUES ('P717008523','赵宽玫','男','188210971',19660607003725,'B26017',349,41);
INSERT INTO proprietor
VALUES ('P718714729','冯绍钦','男','1056331832',19750102222338,'B73942',226,84);
INSERT INTO proprietor
VALUES ('P718948262','戴石庭','男','1824458804',19620429234823,'B44700',189,16);
INSERT INTO proprietor
VALUES ('P722245672','董段益','女','912010791',19980207194712,'B9590',789,49);
INSERT INTO proprietor
VALUES ('P728049667','丁钦奕','男','1865496583',19811030031005,'B32019',451,28);
INSERT INTO proprietor
VALUES ('P745732424','董桑起','女','120425848',19620212191801,'B53745',771,89);
INSERT INTO proprietor
VALUES ('P745918613','罗殊钟','男','1562120991',19620325044205,'B12140',970,15);
INSERT INTO proprietor
VALUES ('P745943980','江渤元','女','1198552729',19430801174858,'B77924',189,0);
INSERT INTO proprietor
VALUES ('P749894266','胡河语','女','901897059',19870819114226,'B99359',925,47);
INSERT INTO proprietor
VALUES ('P755585387','余经仪','女','1735468330',19561209225109,'B92125',988,37);
INSERT INTO proprietor
VALUES ('P762472067','苏载友','女','1979268966',19320401002738,'B98496',846,0);
INSERT INTO proprietor
VALUES ('P764758191','徐乔羡','女','979523837',19570404031410,'B95796',602,64);
INSERT INTO proprietor
VALUES ('P767752524','郭资右','男','766752872',1940917093716,'B12140',879,66);
INSERT INTO proprietor
VALUES ('P771116236','唐庭声','女','81674169',19500504222345,'B53745',365,44);
INSERT INTO proprietor
VALUES ('P772190608','傅阔南','男','854497842',1950713072220,'B44483',831,2);
INSERT INTO proprietor
VALUES ('P777901852','潘锡锐','女','1801956293',19571115051815,'B44700',698,88);
INSERT INTO proprietor
VALUES ('P789201798','高衡崇','男','273268802',19280809001226,'B3205',247,41);
INSERT INTO proprietor
VALUES ('P7907671','郑仪州','男','486299771',19620822125518,'B69820',806,91);
INSERT INTO proprietor
VALUES ('P793954027','周本周','女','928767759',19171205133904,'B32019',735,57);
INSERT INTO proprietor
VALUES ('P799639139','梁翘棠','男','1328198611',19590704102223,'B3205',880,79);
INSERT INTO proprietor
VALUES ('P805423696','何枫愈','男','390654699',19140327194223,'B19745',645,73);
INSERT INTO proprietor
VALUES ('P805665232','谢猛谦','女','927498579',19270729150530,'B44700',542,20);
INSERT INTO proprietor
VALUES ('P810286276','曹桦施','女','831616117',19431007190348,'B67457',893,58);
INSERT INTO proprietor
VALUES ('P810754032','冯壹况','男','672897486',1900912122230,'B92125',141,57);
INSERT INTO proprietor
VALUES ('P810887188','吕卓新','男','557578970',19290315165101,'B95796',877,80);
INSERT INTO proprietor
VALUES ('P812218575','高绅悉','女','1672091133',19891127205905,'B20054',343,47);
INSERT INTO proprietor
VALUES ('P814710435','郑观筝','女','992275393',19961201173732,'B84548',863,63);
INSERT INTO proprietor
VALUES ('P81604147','郑公希','女','1203613568',19831116013547,'B19745',456,74);
INSERT INTO proprietor
VALUES ('P818695537','蔡尉培','女','655515589',19130812174715,'B17141',754,46);
INSERT INTO proprietor
VALUES ('P818903912','徐歧易','男','849076359',19981001142852,'B24524',848,11);
INSERT INTO proprietor
VALUES ('P822830779','曹潭曼','男','1566809511',19630114021247,'B88355',993,10);
INSERT INTO proprietor
VALUES ('P823620114','邹玖宪','女','1266521045',19510612144441,'B44700',360,64);
INSERT INTO proprietor
VALUES ('P829267326','罗寒绩','男','1187764555',19200623073040,'B12775',434,94);
INSERT INTO proprietor
VALUES ('P833108420','许正璋','男','1022333341',19400423032740,'B89510',400,35);
INSERT INTO proprietor
VALUES ('P833267547','傅芒常','男','560409335',19501211053936,'B40948',902,96);
INSERT INTO proprietor
VALUES ('P833690063','魏昭钦','女','1009835219',19920713143709,'B40948',782,39);
INSERT INTO proprietor
VALUES ('P845331488','沈齐乔','男','1730423500',19260419061133,'B62937',27,92);
INSERT INTO proprietor
VALUES ('P851174552','赵挺萧','男','1076569376',19570724225634,'B53745',420,19);
INSERT INTO proprietor
VALUES ('P853385078','郭宣桑','男','982585867',19390729153137,'B53745',454,32);
INSERT INTO proprietor
VALUES ('P853485023','金润友','女','422293065',19200505194705,'B19594',356,28);
INSERT INTO proprietor
VALUES ('P857224708','曹宽晚','男','1112741116',19361031031029,'B86783',594,88);
INSERT INTO proprietor
VALUES ('P859382189','彭允楚','男','1827085096',19190512204717,'B60591',206,22);
INSERT INTO proprietor
VALUES ('P860371511','罗晋宣','女','1894058043',19200105171327,'B89510',235,2);
INSERT INTO proprietor
VALUES ('P86768807','蔡绵咨','女','17229958',1980131142137,'B6447',54,78);
INSERT INTO proprietor
VALUES ('P868304303','董焕维','男','26541864',19191102131540,'B44901',494,48);
INSERT INTO proprietor
VALUES ('P868307364','於璋右','女','549353912',19310721125829,'B20054',147,37);
INSERT INTO proprietor
VALUES ('P869989224','蒋启敞','女','352954676',19181006205136,'B9590',556,74);
INSERT INTO proprietor
VALUES ('P885279289','邱弥绘','男','150015356',19140122101852,'B19745',164,64);
INSERT INTO proprietor
VALUES ('P888164030','彭尊泰','男','1005985443',19700827183538,'B86866',720,24);
INSERT INTO proprietor
VALUES ('P895846780','陆逸熙','女','1985162373',19190103181937,'B40779',770,71);
INSERT INTO proprietor
VALUES ('P908733691','张右敬','男','2092322622',19290808101918,'B26017',528,14);
INSERT INTO proprietor
VALUES ('P908816450','卢姿絮','女','2033434948',19780831074729,'B26017',64,7);
INSERT INTO proprietor
VALUES ('P909102642','杨善修','女','1659272177',19971016043949,'B18108',14,49);
INSERT INTO proprietor
VALUES ('P916933607','吕铮章','男','211281407',19580825191316,'B33484',22,61);
INSERT INTO proprietor
VALUES ('P923254653','冯玄桐','女','333292826',1960428021417,'B92125',95,52);
INSERT INTO proprietor
VALUES ('P926653681','唐数晚','男','898683200',19490905084506,'B44700',148,51);
INSERT INTO proprietor
VALUES ('P92976427','崔汇修','男','1974767422',19690929065915,'B92125',394,42);
INSERT INTO proprietor
VALUES ('P931159889','程照桐','男','1244282305',19490823050813,'B44901',752,56);
INSERT INTO proprietor
VALUES ('P951015337','郑登防','男','807076955',19330902211729,'B9590',494,87);
INSERT INTO proprietor
VALUES ('P95355361','周哲秦','女','1486975719',19940929073537,'B90461',832,70);
INSERT INTO proprietor
VALUES ('P962172268','杨澈俯','男','1951889662',19621105220600,'B63159',2,69);
INSERT INTO proprietor
VALUES ('P962204903','何紫竞','男','283625389',19300617161200,'B20054',499,18);
INSERT INTO proprietor
VALUES ('P963869835','王旋鼎','女','637592722',19240727060943,'B6447',222,38);
INSERT INTO proprietor
VALUES ('P969901139','姚千然','男','121309202',19110723210436,'B49997',917,58);
INSERT INTO proprietor
VALUES ('P970262378','田谷逸','女','299664479',19380227061858,'B60603',835,76);
INSERT INTO proprietor
VALUES ('P976736870','冯准肃','女','1050424767',19821028070320,'B86783',562,45);
INSERT INTO proprietor
VALUES ('P9776765','林新承','男','312473767',19541226121557,'B52727',921,59);
INSERT INTO proprietor
VALUES ('P986800342','江施始','女','1309226795',1930819163609,'B9640',591,53);
INSERT INTO carpark
VALUES ('C12016','SA29072','P963869835','沪I97471',20550220030143);
INSERT INTO carpark
VALUES ('C12632','SA14542','P1841444381','沪C46526',20751008064903);
INSERT INTO carpark
VALUES ('C13363','SA29072','P1680034384','沪A22962',20260503162500);
INSERT INTO carpark
VALUES ('C17398','SA65715','P81604147','沪E78979',20421003063607);
INSERT INTO carpark
VALUES ('C25974','SA65715','P699220660','沪P90041',20841210173506);
INSERT INTO carpark
VALUES ('C27043','SA24986','P141266690','沪S71277',2060523034400);
INSERT INTO carpark
VALUES ('C27080','SA93194','P1910486701','沪P39651',20330227063220);
INSERT INTO carpark
VALUES ('C28414','SA44512','P1225942811','沪G64054',20471004031325);
INSERT INTO carpark
VALUES ('C29262','SA29072','P822830779','沪M64088',20970121204256);
INSERT INTO carpark
VALUES ('C33766','SA54941','P1677264646','沪Q95049',20861024122414);
INSERT INTO carpark
VALUES ('C35797','SA17950','P969901139','沪E62661',2020626052010);
INSERT INTO carpark
VALUES ('C37558','SA53789','P2031235339','沪C11243',20800814113054);
INSERT INTO carpark
VALUES ('C38859','SA65715','P793954027','沪N68177',20220612173302);
INSERT INTO carpark
VALUES ('C39132','SA98606','P1299828895','沪O77182',20250907192516);
INSERT INTO carpark
VALUES ('C39648','SA49771','P970262378','沪P96624',20121226015225);
INSERT INTO carpark
VALUES ('C41052','SA44512','P1742979396','沪N21134',20980830113746);
INSERT INTO carpark
VALUES ('C43428','SA65715','P1049772489','沪C55939',20650813160413);
INSERT INTO carpark
VALUES ('C44805','SA84369','P823620114','沪R66124',20460418111857);
INSERT INTO carpark
VALUES ('C45141','SA54941','P1824110065','沪Y62380',20750205180003);
INSERT INTO carpark
VALUES ('C54065','SA75872','P432880366','沪O99253',20360409013734);
INSERT INTO carpark
VALUES ('C54979','SA24986','P279982828','沪I43733',2040109023639);
INSERT INTO carpark
VALUES ('C57361','SA49771','P432880366','沪F35280',20290310213859);
INSERT INTO carpark
VALUES ('C58683','SA82267','P409857422','沪T96601',20710830091931);
INSERT INTO carpark
VALUES ('C60414','SA98606','P1282169739','沪F57611',20200809151751);
INSERT INTO carpark
VALUES ('C60479','SA17950','P141266690','沪R45342',20880428132113);
INSERT INTO carpark
VALUES ('C62021','SA84369','P95355361','沪W27790',20400413225842);
INSERT INTO carpark
VALUES ('C62033','SA14542','P1318229393','沪J93568',20671113044407);
INSERT INTO carpark
VALUES ('C63630','SA17950','P677446366','沪J90696',20250620003704);
INSERT INTO carpark
VALUES ('C67487','SA44512','P497217063','沪F80182',20460517035443);
INSERT INTO carpark
VALUES ('C68284','SA2208','P805665232','沪V63753',20840511123539);
INSERT INTO carpark
VALUES ('C68349','SA2208','P1306041709','沪P28352',20430518084650);
INSERT INTO carpark
VALUES ('C69434','SA84369','P220793000','沪O27481',20910410013136);
INSERT INTO carpark
VALUES ('C69823','SA82267','P1965492905','沪R97954',20710328062331);
INSERT INTO carpark
VALUES ('C72757','SA50741','P1156063084','沪Q86102',20501120132138);
INSERT INTO carpark
VALUES ('C76007','SA2208','P2030260615','沪O44442',20420831034839);
INSERT INTO carpark
VALUES ('C77254','SA53789','P1274538850','沪B70048',20580313111257);
INSERT INTO carpark
VALUES ('C7767','SA29072','P970262378','沪V85532',20721007192239);
INSERT INTO carpark
VALUES ('C78550','SA14542','P396139796','沪G50220',20560730183538);
INSERT INTO carpark
VALUES ('C79501','SA56515','P698381408','沪D97161',20340112195931);
INSERT INTO carpark
VALUES ('C80940','SA2208','P1332575091','沪I27240',20920405075055);
INSERT INTO carpark
VALUES ('C81635','SA15338','P1474678852','沪C85852',20730927054018);
INSERT INTO carpark
VALUES ('C83139','SA65715','P95355361','沪H87382',20320511110637);
INSERT INTO carpark
VALUES ('C85418','SA75872','P1486105658','沪J24729',20260814122525);
INSERT INTO carpark
VALUES ('C85871','SA2208','P582346247','沪Z89990',20320215010838);
INSERT INTO carpark
VALUES ('C87457','SA44512','P259091073','沪K41389',2081023160202);
INSERT INTO carpark
VALUES ('C89186','SA98606','P1341277002','沪V70173',20670123131958);
INSERT INTO carpark
VALUES ('C90515','SA14542','P1158653317','沪W98741',20480729070645);
INSERT INTO carpark
VALUES ('C95052','SA2208','P829267326','沪A43440',2010106053654);
INSERT INTO carpark
VALUES ('C98426','SA14542','P1090498916','沪E49663',20920921154310);
INSERT INTO carpark
VALUES ('C99028','SA17950','P1574377686','沪D18542',20621214015719);
INSERT INTO ticket
VALUES ('T100872031','NULL',20800509010757,'P1426331843','SF467523236','SA17950','B19594',96,93,'NULL','SF792368880',2060716193340,'NULL',5);
INSERT INTO ticket
VALUES ('T1009956727','NULL',20291229034320,'P16208984','SF1194455331','SA49771','B12140',206,13,'NULL','SF1194455331',20421227211804,'NULL',0);
INSERT INTO ticket
VALUES ('T1014507822','NULL',20180316173022,'P2044583071','SF899961553','SA98606','B98496',515,48,'NULL','SF1948492940',20790515142541,'NULL',5);
INSERT INTO ticket
VALUES ('T1021212833','NULL',20790901092612,'P2061619886','SF850843869','SA31031','B62937',689,20,'NULL','SF602757702',20521027015712,'NULL',3);
INSERT INTO ticket
VALUES ('T1022625542','NULL',20260905150621,'P1211212648','SF1194455331','SA53789','B12140',675,37,'NULL','SF195784358',20460910175733,'NULL',2);
INSERT INTO ticket
VALUES ('T1022783090','NULL',20450121102401,'P718714729','SF1983128491','SA24986','B5798',843,16,'NULL','SF792368880',20331226014829,'NULL',8);
INSERT INTO ticket
VALUES ('T1026320167','NULL',20820127194828,'P1701988904','SF467523236','SA49771','B17141',275,84,'NULL','SF1865471617',2040412194622,'NULL',3);
INSERT INTO ticket
VALUES ('T1030124208','NULL',20270923124235,'P1588142318','SF195784358','SA98606','B99359',700,95,'NULL','SF1867704366',20901228182228,'NULL',1);
INSERT INTO ticket
VALUES ('T1032660586','NULL',20870101195614,'P1434197220','SF2110782199','SA84369','B44901',301,22,'NULL','SF1952294928',20491008152422,'NULL',6);
INSERT INTO ticket
VALUES ('T1033491557','NULL',20411028100425,'P718714729','SF1252914741','SA17950','B19594',636,92,'NULL','SF1867704366',20831024043859,'NULL',9);
INSERT INTO ticket
VALUES ('T1034227924','NULL',20790914113406,'P916933607','SF39300910','SA14542','B77924',790,4,'NULL','SF1252914741',2040802000705,'NULL',2);
INSERT INTO ticket
VALUES ('T1035159597','NULL',2030801032230,'P1519125754','SF1194455331','SA75872','B5271',333,43,'NULL','SF797671113',20330301072737,'NULL',8);
INSERT INTO ticket
VALUES ('T1039254583','NULL',20380718181205,'P1571603396','SF1252914741','SA75872','B17141',238,17,'NULL','SF2110782199',20360212125235,'NULL',7);
INSERT INTO ticket
VALUES ('T1039859642','NULL',20560329192514,'P271233851','SF1494346797','SA75872','B67457',79,65,'NULL','SF533615961',2080323123455,'NULL',2);
INSERT INTO ticket
VALUES ('T10440029','NULL',20950127201449,'P728049667','SF1865471617','SA98606','B89510',373,96,'NULL','SF1638761958',20830813214927,'NULL',4);
INSERT INTO ticket
VALUES ('T1044861563','NULL',20960215223003,'P141266690','SF1252914741','SA54941','B77924',951,64,'NULL','SF1634053800',20430325131441,'NULL',4);
INSERT INTO ticket
VALUES ('T1047024524','NULL',20540509074417,'P2146817487','SF1494346797','SA98606','B98496',164,43,'NULL','SF39300910',20710518053836,'NULL',7);
INSERT INTO ticket
VALUES ('T105392750','NULL',20720929120307,'P767752524','SF467523236','SA56515','B19594',455,67,'NULL','SF899961553',20320501010626,'NULL',2);
INSERT INTO ticket
VALUES ('T1063656214','NULL',20610813155606,'P1346339215','SF489261328','SA93194','B44700',388,74,'NULL','SF467523236',20521128191019,'NULL',9);
INSERT INTO ticket
VALUES ('T1071875909','NULL',20431013123803,'P1698193401','SF1867704366','SA93194','B14767',648,49,'NULL','SF39300910',20300311230434,'NULL',0);
INSERT INTO ticket
VALUES ('T1075573227','NULL',20371228234019,'P1348872865','SF1865471617','SA14542','B64212',717,56,'NULL','SF1867704366',20460827093545,'NULL',4);
INSERT INTO ticket
VALUES ('T1075910926','NULL',20960819053702,'P1196222612','SF1660893152','SA75872','B92125',521,38,'NULL','SF609151569',20240220101503,'NULL',1);
INSERT INTO ticket
VALUES ('T1082379406','NULL',20360914224227,'P1574377686','SF1948492940','SA75872','B44901',844,17,'NULL','SF1983128491',20601024234741,'NULL',9);
INSERT INTO ticket
VALUES ('T1093807876','NULL',20241011091553,'P1782835019','SF1634053800','SA56515','B60591',698,38,'NULL','SF899961553',20240704030449,'NULL',0);
INSERT INTO ticket
VALUES ('T1095997021','NULL',20480523211818,'P818903912','SF1921617049','SA56515','B90461',315,99,'NULL','SF1737007784',20450103092446,'NULL',6);
INSERT INTO ticket
VALUES ('T109788930','NULL',20811025154459,'P1947211280','SF602757702','SA56515','B98496',62,58,'NULL','SF1634053800',20770923214749,'NULL',8);
INSERT INTO ticket
VALUES ('T1099337055','NULL',20660311082029,'P2030260615','SF797671113','SA50741','B26017',781,12,'NULL','SF1921617049',20510928103053,'NULL',6);
INSERT INTO ticket
VALUES ('T1101519470','NULL',20811026014004,'P445649350','SF205103753','SA17950','B19594',142,2,'NULL','SF997128370',20560205193739,'NULL',6);
INSERT INTO ticket
VALUES ('T1102977203','NULL',2071212191846,'P1881925827','SF1634053800','SA24986','B5798',840,36,'NULL','SF868334615',2061109184600,'NULL',0);
INSERT INTO ticket
VALUES ('T1114393150','NULL',20241025012549,'P1808924448','SF2018663870','SA54941','B9640',14,69,'NULL','SF70906444',20430218140423,'NULL',4);
INSERT INTO ticket
VALUES ('T1125319297','NULL',20180729184845,'P931159889','SF926495450','SA82267','B77739',896,37,'NULL','SF195784358',20371010155554,'NULL',0);
INSERT INTO ticket
VALUES ('T1125515717','NULL',20620915004351,'P722245672','SF1357729340','SA98606','B49997',101,12,'NULL','SF1867704366',20180120002126,'NULL',7);
INSERT INTO ticket
VALUES ('T1130455826','NULL',20191123093242,'P424806214','SF1194455331','SA31031','B60603',341,28,'NULL','SF1865471617',20280529101953,'NULL',5);
INSERT INTO ticket
VALUES ('T1130998066','NULL',2011122111236,'P183447173','SF609151569','SA15338','B12775',994,91,'NULL','SF611175310',20490317220447,'NULL',0);
INSERT INTO ticket
VALUES ('T1134336818','NULL',20650909054450,'P1301811158','SF300255333','SA56515','B19745',110,67,'NULL','SF868334615',20400707063535,'NULL',6);
INSERT INTO ticket
VALUES ('T1146888148','NULL',20370103050751,'P467879507','SF797671113','SA14542','B44901',587,19,'NULL','SF1200305366',20580622072305,'NULL',3);
INSERT INTO ticket
VALUES ('T115539494','NULL',20250425070016,'P1590237507','SF70906444','SA90973','B20054',615,18,'NULL','SF70906444',20160204192054,'NULL',8);
INSERT INTO ticket
VALUES ('T1158682858','NULL',20741005192508,'P68701318','SF1342709477','SA50741','B29296',2,77,'NULL','SF1357729340',20911122040538,'NULL',7);
INSERT INTO ticket
VALUES ('T1162322432','NULL',20790331174942,'P1932916777','SF797671113','SA75872','B86866',967,93,'NULL','SF868334615',20470915151533,'NULL',2);
INSERT INTO ticket
VALUES ('T1166653904','NULL',20401104172228,'P95355361','SF39300910','SA53789','B53745',662,82,'NULL','SF850843869',20940807172855,'NULL',0);
INSERT INTO ticket
VALUES ('T1168953612','NULL',20840120050312,'P777901852','SF1675159789','SA56515','B98496',289,30,'NULL','SF1675159789',20401008135237,'NULL',0);
INSERT INTO ticket
VALUES ('T1173234805','NULL',20140918071932,'P1840218992','SF591746655','SA17950','B24524',38,6,'NULL','SF850843869',20441109173815,'NULL',8);
INSERT INTO ticket
VALUES ('T1180358815','NULL',20440307210800,'P767752524','SF591746655','SA49771','B62937',784,32,'NULL','SF64852531',20230824120055,'NULL',1);
INSERT INTO ticket
VALUES ('T1182582192','NULL',20190628192916,'P2122636477','SF1202279488','SA44512','B12140',286,94,'NULL','SF1867704366',2070315192119,'NULL',9);
INSERT INTO ticket
VALUES ('T1185514050','NULL',2060414140325,'P439627852','SF797671113','SA15338','B9640',282,21,'NULL','SF2018663870',20631110211554,'NULL',5);
INSERT INTO ticket
VALUES ('T1187581850','NULL',20430911205501,'P1961057485','SF1494346797','SA65715','B40948',588,1,'NULL','SF955874934',20430812093127,'NULL',4);
INSERT INTO ticket
VALUES ('T1187898152','NULL',20420505100740,'P888164030','SF997128370','SA54941','B44901',599,6,'NULL','SF489261328',20960804004519,'NULL',8);
INSERT INTO ticket
VALUES ('T119623060','NULL',20670430183747,'P430279845','SF818212383','SA65715','B84548',497,52,'NULL','SF2018663870',20900828123238,'NULL',2);
INSERT INTO ticket
VALUES ('T1200139785','NULL',20490827022643,'P1389609136','SF1921617049','SA24986','B63159',233,91,'NULL','SF533615961',20400626234956,'NULL',6);
INSERT INTO ticket
VALUES ('T120385386','NULL',20610225005541,'P1235068586','SF868334615','SA50741','B19594',290,29,'NULL','SF1194455331',20821215181052,'NULL',6);
INSERT INTO ticket
VALUES ('T1207611814','NULL',20231122200228,'P1156948055','SF818212383','SA24986','B22272',924,15,'NULL','SF1638761958',20460823193149,'NULL',1);
INSERT INTO ticket
VALUES ('T1212136304','NULL',20150325200039,'P810887188','SF868334615','SA15338','B84548',664,58,'NULL','SF926495450',20240103030401,'NULL',4);
INSERT INTO ticket
VALUES ('T1212846516','NULL',20670516101727,'P1678118632','SF797671113','SA53789','B88355',860,34,'NULL','SF926495450',20421018170935,'NULL',7);
INSERT INTO ticket
VALUES ('T1216111070','NULL',20691212193459,'P1025808501','SF1929985611','SA24986','B99359',676,25,'NULL','SF1252914741',20550927143143,'NULL',8);
INSERT INTO ticket
VALUES ('T1221253999','NULL',20290721141805,'P818903912','SF205103753','SA15338','B3205',136,42,'NULL','SF1948492940',20150505103322,'NULL',6);
INSERT INTO ticket
VALUES ('T1226269629','NULL',20430629000335,'P1367506691','SF1160017263','SA56515','B22272',947,58,'NULL','SF533615961',2071219000024,'NULL',5);
INSERT INTO ticket
VALUES ('T1230592130','NULL',20340405163138,'P810754032','SF850843869','SA31031','B6447',882,54,'NULL','SF39300910',20560406040430,'NULL',3);
INSERT INTO ticket
VALUES ('T1232673315','NULL',2091007060638,'P1008686012','SF1948492940','SA53789','B49997',193,11,'NULL','SF1248586464',20591017040625,'NULL',4);
INSERT INTO ticket
VALUES ('T1239891314','NULL',2010221013123,'P1031245271','SF609151569','SA82267','B3205',678,84,'NULL','SF1675159789',20490423013113,'NULL',3);
INSERT INTO ticket
VALUES ('T1257194004','NULL',20831016165214,'P1481562884','SF611175310','SA54941','B6447',720,85,'NULL','SF997128370',20611102133240,'NULL',2);
INSERT INTO ticket
VALUES ('T1259930423','NULL',20370322141139,'P534719619','SF1867704366','SA31031','B5798',463,62,'NULL','SF1634053800',20930529013929,'NULL',6);
INSERT INTO ticket
VALUES ('T1261972611','NULL',20281208151033,'P1411208620','SF2110782199','SA24986','B95796',507,85,'NULL','SF1634053800',20181111064655,'NULL',2);
INSERT INTO ticket
VALUES ('T1264998635','NULL',20820709024426,'P172403617','SF2110782199','SA31031','B3205',342,10,'NULL','SF850843869',20531124003053,'NULL',9);
INSERT INTO ticket
VALUES ('T1267275430','NULL',20330420035208,'P204259957','SF1737007784','SA98606','B69820',758,63,'NULL','SF1921617049',20571204214830,'NULL',3);
INSERT INTO ticket
VALUES ('T1269221380','NULL',20620725080948,'P1882444534','SF2018663870','SA75872','B49997',571,33,'NULL','SF899961553',20440606150956,'NULL',4);
INSERT INTO ticket
VALUES ('T1269602968','NULL',20750110005643,'P1841533495','SF1638761958','SA93194','B84548',702,38,'NULL','SF602757702',20191129112205,'NULL',6);
INSERT INTO ticket
VALUES ('T1275169789','NULL',2050217074226,'P551057864','SF1634053800','SA2208','B77924',967,88,'NULL','SF1248586464',20500526090301,'NULL',0);
INSERT INTO ticket
VALUES ('T1276984792','NULL',2031003073418,'P2030260615','SF1037720193','SA50741','B92125',570,0,'NULL','SF1037720193',20280114055558,'NULL',8);
INSERT INTO ticket
VALUES ('T1277751217','NULL',20840722003158,'P1378210122','SF1357729340','SA65715','B6447',908,58,'NULL','SF1865471617',20660222103456,'NULL',4);
INSERT INTO ticket
VALUES ('T128176200','NULL',20201010033852,'P1332575091','SF64852531','SA50741','B44901',730,32,'NULL','SF1865471617',20781219181106,'NULL',1);
INSERT INTO ticket
VALUES ('T1288524725','NULL',20920614185125,'P1481562884','SF533615961','SA15338','B44901',622,48,'NULL','SF1200305366',20210713225234,'NULL',4);
INSERT INTO ticket
VALUES ('T1299801871','NULL',2010909153219,'P439740959','SF205103753','SA50741','B9640',986,72,'NULL','SF1948492940',20170125092528,'NULL',0);
INSERT INTO ticket
VALUES ('T130459218','NULL',2070810170454,'P1701988904','SF899961553','SA17950','B92125',765,32,'NULL','SF1553591775',20150420141342,'NULL',7);
INSERT INTO ticket
VALUES ('T1306735665','NULL',20880823170227,'P1725745970','SF205103753','SA90973','B26017',598,54,'NULL','SF1521338764',20740726135045,'NULL',8);
INSERT INTO ticket
VALUES ('T1316440315','NULL',20560325111110,'P1346339215','SF1202279488','SA53789','B20054',262,33,'NULL','SF1865471617',20490619144937,'NULL',9);
INSERT INTO ticket
VALUES ('T1320602666','NULL',2020701190046,'P534719619','SF792368880','SA50741','B44901',171,77,'NULL','SF611175310',20880816080603,'NULL',9);
INSERT INTO ticket
VALUES ('T132906592','NULL',2050225095654,'P591432517','SF1553591775','SA90973','B44483',813,55,'NULL','SF70906444',20840215001132,'NULL',4);
INSERT INTO ticket
VALUES ('T1331865958','NULL',20790215115225,'P1688866487','SF1342709477','SA65715','B5798',510,88,'NULL','SF467523236',20981030070435,'NULL',1);
INSERT INTO ticket
VALUES ('T1334355243','NULL',20161208160222,'P285564400','SF868334615','SA24986','B17141',895,4,'NULL','SF611175310',20131226043008,'NULL',0);
INSERT INTO ticket
VALUES ('T1344985886','NULL',20720123020705,'P488982343','SF997128370','SA2208','B86866',278,28,'NULL','SF868334615',20190728023152,'NULL',5);
INSERT INTO ticket
VALUES ('T1346054252','NULL',20920610050652,'P45213498','SF611175310','SA84369','B89510',728,64,'NULL','SF955874934',20641125213146,'NULL',2);
INSERT INTO ticket
VALUES ('T1346606745','NULL',20540530041237,'P50095209','SF1342709477','SA50741','B12775',483,90,'NULL','SF926495450',20660414024023,'NULL',9);
INSERT INTO ticket
VALUES ('T1353813725','NULL',20570819120046,'P1668864323','SF1929985611','SA93194','B77924',356,79,'NULL','SF868334615',20370213124909,'NULL',3);
INSERT INTO ticket
VALUES ('T135547251','NULL',20720927002741,'P1782611399','SF205103753','SA2208','B77739',815,46,'NULL','SF1634053800',20310612222750,'NULL',0);
INSERT INTO ticket
VALUES ('T1357171912','NULL',20320111032135,'P1177097206','SF868334615','SA31031','B52727',810,89,'NULL','SF1194455331',20171221155913,'NULL',5);
INSERT INTO ticket
VALUES ('T1363686400','NULL',20510428202512,'P1539243148','SF899961553','SA65715','B60591',197,96,'NULL','SF1921617049',20950808204139,'NULL',0);
INSERT INTO ticket
VALUES ('T1370222211','NULL',2051105155227,'P600838444','SF1553591775','SA2208','B33484',519,88,'NULL','SF818212383',2040914155813,'NULL',5);
INSERT INTO ticket
VALUES ('T13702701','NULL',20851007201729,'P1054980668','SF955874934','SA98606','B64212',86,70,'NULL','SF1948492940',20741219202351,'NULL',2);
INSERT INTO ticket
VALUES ('T1371216187','NULL',20160404085655,'P492307436','SF1737007784','SA14542','B60603',959,92,'NULL','SF1194455331',20720721191817,'NULL',4);
INSERT INTO ticket
VALUES ('T1383438952','NULL',20130416172359,'P7907671','SF1865471617','SA75872','B5271',204,33,'NULL','SF1660893152',20310731211924,'NULL',7);
INSERT INTO ticket
VALUES ('T1385094653','NULL',20980728113556,'P1840218992','SF1553591775','SA65715','B95796',470,57,'NULL','SF1494346797',20260504022120,'NULL',5);
INSERT INTO ticket
VALUES ('T1400058733','NULL',20490427222321,'P68701318','SF39300910','SA15338','B5271',775,13,'NULL','SF1638761958',20441005035843,'NULL',8);
INSERT INTO ticket
VALUES ('T1400786563','NULL',20820602030643,'P1364681725','SF2110782199','SA53789','B52727',926,68,'NULL','SF20363079',20560219230853,'NULL',2);
INSERT INTO ticket
VALUES ('T1406507440','NULL',20850108214145,'P1098218214','SF1948492940','SA50741','B84548',535,50,'NULL','SF1737007784',20800715125418,'NULL',4);
INSERT INTO ticket
VALUES ('T1417289197','NULL',20820415172139,'P459836500','SF609151569','SA15338','B12775',276,87,'NULL','SF2018663870',20281227013458,'NULL',1);
INSERT INTO ticket
VALUES ('T1422954128','NULL',20921018162504,'P1434197220','SF797671113','SA75872','B63159',137,85,'NULL','SF1737007784',20610209235934,'NULL',5);
INSERT INTO ticket
VALUES ('T1425175305','NULL',20560727101812,'P1782611399','SF533615961','SA56515','B64212',840,0,'NULL','SF1357729340',20551112185348,'NULL',4);
INSERT INTO ticket
VALUES ('T1426467418','NULL',20951129112528,'P767752524','SF1342709477','SA84369','B9640',361,79,'NULL','SF1865471617',20200211174233,'NULL',9);
INSERT INTO ticket
VALUES ('T1427018141','NULL',20660604064234,'P1973983822','SF1921617049','SA49771','B14767',755,47,'NULL','SF1494346797',20100901220245,'NULL',3);
INSERT INTO ticket
VALUES ('T1429796903','NULL',20380719064741,'P1608370104','SF899961553','SA90973','B17141',166,77,'NULL','SF2110782199',20870525215948,'NULL',9);
INSERT INTO ticket
VALUES ('T1446065770','NULL',2091011024456,'P1620441412','SF1737007784','SA50741','B98100',559,58,'NULL','SF533615961',2090607074323,'NULL',6);
INSERT INTO ticket
VALUES ('T1449103425','NULL',20270222182530,'P1557603166','SF1494346797','SA54941','B92125',684,70,'NULL','SF1921617049',20650419130531,'NULL',8);
INSERT INTO ticket
VALUES ('T1454691628','NULL',20521118115745,'P1474678852','SF1342709477','SA29072','B12775',633,97,'NULL','SF611175310',20500712131812,'NULL',8);
INSERT INTO ticket
VALUES ('T1456283042','NULL',20430131180110,'P1886103062','SF1342709477','SA14542','B90461',851,74,'NULL','SF1948492940',20550514141900,'NULL',5);
INSERT INTO ticket
VALUES ('T1456916908','NULL',20410920043151,'P136670907','SF1929985611','SA75872','B12140',111,26,'NULL','SF39300910',20510513204508,'NULL',7);
INSERT INTO ticket
VALUES ('T1458440449','NULL',20130520063843,'P482599874','SF818212383','SA49771','B49997',547,40,'NULL','SF868334615',20750426093137,'NULL',9);
INSERT INTO ticket
VALUES ('T1461218232','NULL',20140912142423,'P551004188','SF1737007784','SA2208','B89510',153,45,'NULL','SF1248586464',20470227184443,'NULL',7);
INSERT INTO ticket
VALUES ('T1461859941','NULL',20590212075442,'P2105478992','SF1952294928','SA24986','B62937',983,99,'NULL','SF64852531',20640110064251,'NULL',0);
INSERT INTO ticket
VALUES ('T1467507481','NULL',20820224152712,'P1346339215','SF1983128491','SA49771','B69820',379,76,'NULL','SF1948492940',20331210174708,'NULL',5);
INSERT INTO ticket
VALUES ('T146924653','NULL',20970914022748,'P31183066','SF1660893152','SA56515','B95796',769,62,'NULL','SF1638761958',20980306161944,'NULL',4);
INSERT INTO ticket
VALUES ('T1479760266','NULL',20130531165948,'P1603454572','SF997128370','SA75872','B44483',592,29,'NULL','SF2018663870',20330711194234,'NULL',9);
INSERT INTO ticket
VALUES ('T1480082653','NULL',2000601021050,'P491574211','SF1948492940','SA2208','B26017',115,65,'NULL','SF1983128491',20901117183051,'NULL',3);
INSERT INTO ticket
VALUES ('T1484501994','NULL',20630811121559,'P330322933','SF20363079','SA24986','B64212',480,22,'NULL','SF611175310',20700304062940,'NULL',3);
INSERT INTO ticket
VALUES ('T148808519','NULL',20980220115151,'P55591355','SF1634053800','SA14542','B49997',32,52,'NULL','SF1553591775',2010731165002,'NULL',6);
INSERT INTO ticket
VALUES ('T1490149635','NULL',20820512062258,'P1547142870','SF64852531','SA24986','B99359',157,26,'NULL','SF39300910',20100310154624,'NULL',7);
INSERT INTO ticket
VALUES ('T1493382591','NULL',20261120030753,'P1688750762','SF1867704366','SA54941','B53745',486,67,'NULL','SF1037720193',20341130092612,'NULL',1);
INSERT INTO ticket
VALUES ('T1506692843','NULL',20931212010658,'P10347599','SF195784358','SA98606','B90461',517,63,'NULL','SF850843869',20761020015630,'NULL',8);
INSERT INTO ticket
VALUES ('T1519391996','NULL',20701019030848,'P1840218992','SF1200305366','SA50741','B86866',407,51,'NULL','SF591746655',20840708102225,'NULL',3);
INSERT INTO ticket
VALUES ('T1519535645','NULL',2010729174740,'P1651994903','SF489261328','SA75872','B49997',223,57,'NULL','SF1660893152',20721112092601,'NULL',3);
INSERT INTO ticket
VALUES ('T1521852212','NULL',20200412023804,'P1573333797','SF997128370','SA84369','B83124',5,46,'NULL','SF1660893152',20130705145842,'NULL',0);
INSERT INTO ticket
VALUES ('T1523373160','NULL',20380209034649,'P396139796','SF1248586464','SA98606','B20054',431,91,'NULL','SF1202279488',20370514161044,'NULL',3);
INSERT INTO ticket
VALUES ('T1528345683','NULL',20250217143302,'P1113247588','SF533615961','SA65715','B67457',815,90,'NULL','SF926495450',20650927034756,'NULL',9);
INSERT INTO ticket
VALUES ('T1531536822','NULL',20650904180817,'P1346339215','SF1638761958','SA17950','B69820',789,27,'NULL','SF792368880',20920719105110,'NULL',1);
INSERT INTO ticket
VALUES ('T1531844016','NULL',20670418084821,'P699220660','SF797671113','SA17950','B5271',236,52,'NULL','SF533615961',20910222161508,'NULL',7);
INSERT INTO ticket
VALUES ('T1532922401','NULL',20620908035048,'P1299828895','SF1252914741','SA65715','B92125',969,42,'NULL','SF300255333',20230630124646,'NULL',5);
INSERT INTO ticket
VALUES ('T1538419479','NULL',20430502154122,'P1588142318','SF850843869','SA54941','B86866',629,79,'NULL','SF1921617049',20660122104451,'NULL',7);
INSERT INTO ticket
VALUES ('T1538705563','NULL',20550812184035,'P1434197220','SF2110782199','SA56515','B73942',532,74,'NULL','SF602757702',20830226170046,'NULL',6);
INSERT INTO ticket
VALUES ('T1539380840','NULL',20871225075558,'P559275609','SF818212383','SA65715','B3205',976,80,'NULL','SF609151569',20320221212622,'NULL',4);
INSERT INTO ticket
VALUES ('T1539721575','NULL',20271119053354,'P698381408','SF1194455331','SA50741','B9640',783,59,'NULL','SF533615961',20920531024848,'NULL',9);
INSERT INTO ticket
VALUES ('T1541075866','NULL',20501017061424,'P268837742','SF850843869','SA54941','B88355',352,61,'NULL','SF1194455331',20570330084532,'NULL',6);
INSERT INTO ticket
VALUES ('T154157728','NULL',20670817191536,'P1667034823','SF1952294928','SA49771','B44700',99,15,'NULL','SF609151569',20580617115641,'NULL',0);
INSERT INTO ticket
VALUES ('T1543899360','NULL',20410418210514,'P2053805379','SF2018663870','SA90973','B26017',360,95,'NULL','SF602757702',20800508150404,'NULL',7);
INSERT INTO ticket
VALUES ('T1551035147','NULL',20471231041741,'P1389837714','SF1867704366','SA93194','B90461',495,38,'NULL','SF797671113',20760219234836,'NULL',5);
INSERT INTO ticket
VALUES ('T1553311996','NULL',20491106075956,'P1727562443','SF300255333','SA54941','B19594',514,53,'NULL','SF1638761958',2020207053802,'NULL',5);
INSERT INTO ticket
VALUES ('T1558803831','NULL',20550925174453,'P1136367537','SF300255333','SA49771','B18108',810,42,'NULL','SF611175310',20420802233108,'NULL',3);
INSERT INTO ticket
VALUES ('T1564510197','NULL',20741202220449,'P1178300600','SF1342709477','SA29072','B14767',836,79,'NULL','SF1494346797',20791009015030,'NULL',4);
INSERT INTO ticket
VALUES ('T156542280','NULL',20440211074902,'P564938481','SF1357729340','SA31031','B32019',450,89,'NULL','SF467523236',2020627002146,'NULL',7);
INSERT INTO ticket
VALUES ('T1566388613','NULL',20570417004015,'P2040105699','SF1160017263','SA90973','B44700',809,68,'NULL','SF1553591775',20891121170208,'NULL',3);
INSERT INTO ticket
VALUES ('T156736590','NULL',20761005090432,'P2038888066','SF868334615','SA75872','B9590',84,97,'NULL','SF20363079',20520422164804,'NULL',4);
INSERT INTO ticket
VALUES ('T1569656244','NULL',20220207012204,'P1551529693','SF792368880','SA44512','B98100',353,0,'NULL','SF591746655',20820303140807,'NULL',0);
INSERT INTO ticket
VALUES ('T1571285033','NULL',20110624225505,'P518174268','SF1660893152','SA15338','B40948',277,62,'NULL','SF997128370',20561201050657,'NULL',0);
INSERT INTO ticket
VALUES ('T1576884991','NULL',2030815140313,'P10347599','SF1867704366','SA98606','B9590',750,33,'NULL','SF1357729340',20880620024747,'NULL',7);
INSERT INTO ticket
VALUES ('T1580480721','NULL',2051028083355,'P315983628','SF1929985611','SA90973','B49997',193,25,'NULL','SF205103753',2081104100933,'NULL',2);
INSERT INTO ticket
VALUES ('T1582349454','NULL',20800202175139,'P501114450','SF39300910','SA24986','B62937',433,24,'NULL','SF899961553',20500223011244,'NULL',7);
INSERT INTO ticket
VALUES ('T1582953871','NULL',20751014160555,'P1367506691','SF1638761958','SA84369','B6447',198,47,'NULL','SF64852531',2031016085828,'NULL',5);
INSERT INTO ticket
VALUES ('T1586565707','NULL',20980711114425,'P1309596547','SF1634053800','SA29072','B9640',565,17,'NULL','SF64852531',20160108131050,'NULL',6);
INSERT INTO ticket
VALUES ('T1589972746','NULL',20450729110955,'P424806214','SF300255333','SA75872','B24524',26,71,'NULL','SF1865471617',20330709114322,'NULL',2);
INSERT INTO ticket
VALUES ('T1603287303','NULL',20550424094006,'P1212647176','SF1521338764','SA54941','B86866',23,19,'NULL','SF1521338764',20601214170752,'NULL',1);
INSERT INTO ticket
VALUES ('T1606316626','NULL',20990307031403,'P396139796','SF868334615','SA56515','B89510',424,66,'NULL','SF1983128491',20740827202637,'NULL',1);
INSERT INTO ticket
VALUES ('T1617892713','NULL',20520315124656,'P409857422','SF195784358','SA17950','B62937',786,52,'NULL','SF591746655',20560424212310,'NULL',5);
INSERT INTO ticket
VALUES ('T1618630283','NULL',20680526193644,'P814710435','SF1553591775','SA82267','B20054',2,2,'NULL','SF1634053800',20330811161243,'NULL',4);
INSERT INTO ticket
VALUES ('T162188824','NULL',20600902234841,'P311454918','SF1737007784','SA31031','B40779',137,20,'NULL','SF1037720193',20630823035947,'NULL',0);
INSERT INTO ticket
VALUES ('T1627410202','NULL',20720221021239,'P1191614310','SF591746655','SA93194','B33484',483,69,'NULL','SF1248586464',20961116190659,'NULL',2);
INSERT INTO ticket
VALUES ('T1630581645','NULL',20860327061617,'P818903912','SF1357729340','SA75872','B9590',198,59,'NULL','SF2110782199',2070226164506,'NULL',8);
INSERT INTO ticket
VALUES ('T1635306423','NULL',20980915004654,'P963869835','SF39300910','SA53789','B22272',256,80,'NULL','SF533615961',20381121201754,'NULL',4);
INSERT INTO ticket
VALUES ('T1638282471','NULL',20460609024247,'P1574275003','SF1983128491','SA90973','B86783',85,87,'NULL','SF899961553',20170816162727,'NULL',9);
INSERT INTO ticket
VALUES ('T1639824448','NULL',20760103084041,'P1677264646','SF1248586464','SA31031','B77924',438,90,'NULL','SF39300910',20140710025136,'NULL',6);
INSERT INTO ticket
VALUES ('T164173154','NULL',20570106073054,'P371200230','SF1037720193','SA49771','B12140',536,81,'NULL','SF602757702',20130906062724,'NULL',3);
INSERT INTO ticket
VALUES ('T1641861512','NULL',20590119045028,'P95355361','SF1952294928','SA2208','B83124',131,59,'NULL','SF2110782199',20321030031727,'NULL',7);
INSERT INTO ticket
VALUES ('T1642282304','NULL',20520714073856,'P86768807','SF1929985611','SA24986','B95796',461,22,'NULL','SF1634053800',20791226230515,'NULL',3);
INSERT INTO ticket
VALUES ('T1649398608','NULL',20360228172414,'P1388221373','SF609151569','SA90973','B88355',387,78,'NULL','SF489261328',20160501143015,'NULL',1);
INSERT INTO ticket
VALUES ('T1650251966','NULL',20740314015918,'P717008523','SF792368880','SA31031','B29296',36,45,'NULL','SF591746655',20590127211230,'NULL',9);
INSERT INTO ticket
VALUES ('T1650382023','NULL',20800416105356,'P1109332183','SF1357729340','SA65715','B49997',728,49,'NULL','SF1634053800',20840227145214,'NULL',3);
INSERT INTO ticket
VALUES ('T1656539423','NULL',20610210074813,'P1841444381','SF1202279488','SA44512','B92125',488,15,'NULL','SF1952294928',20170515160052,'NULL',9);
INSERT INTO ticket
VALUES ('T1657266177','NULL',20370413092823,'P1225942811','SF868334615','SA17950','B14767',799,86,'NULL','SF1160017263',20401119021956,'NULL',8);
INSERT INTO ticket
VALUES ('T1662977864','NULL',20160620015653,'P1346339215','SF1634053800','SA93194','B89510',13,74,'NULL','SF1494346797',2000718014930,'NULL',3);
INSERT INTO ticket
VALUES ('T1663128264','NULL',20540313092141,'P2105478992','SF489261328','SA2208','B24524',364,77,'NULL','SF1952294928',20931231084408,'NULL',9);
INSERT INTO ticket
VALUES ('T1663919589','NULL',20141213012021,'P1266120305','SF1160017263','SA98606','B44700',53,56,'NULL','SF20363079',20820122133748,'NULL',1);
INSERT INTO ticket
VALUES ('T1668416676','NULL',2041116023243,'P1576829435','SF205103753','SA17950','B62937',631,67,'NULL','SF489261328',20240929173750,'NULL',7);
INSERT INTO ticket
VALUES ('T1668981195','NULL',20510216112742,'P755585387','SF1248586464','SA44512','B64212',57,35,'NULL','SF300255333',20670723102511,'NULL',8);
INSERT INTO ticket
VALUES ('T1676393742','NULL',20161103030147,'P1669432978','SF195784358','SA98606','B17141',225,36,'NULL','SF997128370',20120706171653,'NULL',9);
INSERT INTO ticket
VALUES ('T1678290861','NULL',20360406110719,'P1272340419','SF2018663870','SA65715','B40948',948,94,'NULL','SF997128370',20810415031745,'NULL',9);
INSERT INTO ticket
VALUES ('T1682085238','NULL',20861017092911,'P963869835','SF1160017263','SA17950','B95796',59,56,'NULL','SF1948492940',20320323130743,'NULL',8);
INSERT INTO ticket
VALUES ('T1685516630','NULL',20970814054428,'P1205159087','SF955874934','SA2208','B44901',408,93,'NULL','SF611175310',20541104084252,'NULL',0);
INSERT INTO ticket
VALUES ('T1692151467','NULL',20370517130109,'P1651994903','SF591746655','SA14542','B62937',586,82,'NULL','SF1865471617',20440102075505,'NULL',6);
INSERT INTO ticket
VALUES ('T169294543','NULL',20930724082630,'P1355974233','SF205103753','SA93194','B73942',574,2,'NULL','SF1660893152',2000807004815,'NULL',8);
INSERT INTO ticket
VALUES ('T1695345048','NULL',20570528082313,'P951015337','SF195784358','SA14542','B77924',504,70,'NULL','SF850843869',2090118003959,'NULL',1);
INSERT INTO ticket
VALUES ('T1703503840','NULL',20821125234730,'P1196160203','SF792368880','SA2208','B64212',990,83,'NULL','SF300255333',20540916092147,'NULL',8);
INSERT INTO ticket
VALUES ('T1717957391','NULL',20800429083608,'P2071369574','SF1634053800','SA98606','B5271',385,51,'NULL','SF1634053800',20130111032656,'NULL',4);
INSERT INTO ticket
VALUES ('T1721837597','NULL',20721211003806,'P181942936','SF926495450','SA29072','B98496',601,11,'NULL','SF1867704366',20990806142656,'NULL',7);
INSERT INTO ticket
VALUES ('T1723660180','NULL',20690116084714,'P1910486701','SF1037720193','SA24986','B24524',505,81,'NULL','SF1675159789',20550723165601,'NULL',5);
INSERT INTO ticket
VALUES ('T1724689858','NULL',20600812203052,'P1485555462','SF1521338764','SA17950','B77924',103,52,'NULL','SF818212383',20420214074202,'NULL',0);
INSERT INTO ticket
VALUES ('T1725322513','NULL',20830531114821,'P45213498','SF2018663870','SA65715','B52727',304,68,'NULL','SF467523236',20190101202352,'NULL',6);
INSERT INTO ticket
VALUES ('T1725651910','NULL',20230613023456,'P1052794598','SF1248586464','SA82267','B19594',986,81,'NULL','SF2110782199',20560701080805,'NULL',7);
INSERT INTO ticket
VALUES ('T1726573711','NULL',2050131183210,'P25073125','SF792368880','SA65715','B6447',662,0,'NULL','SF797671113',20860204004811,'NULL',1);
INSERT INTO ticket
VALUES ('T1726678222','NULL',20711117174827,'P1410393950','SF1202279488','SA65715','B98100',47,37,'NULL','SF792368880',20621030214421,'NULL',5);
INSERT INTO ticket
VALUES ('T1734949205','NULL',20581020204452,'P793954027','SF205103753','SA44512','B14767',47,66,'NULL','SF489261328',20230223121348,'NULL',9);
INSERT INTO ticket
VALUES ('T1740652276','NULL',20260311035559,'P764758191','SF899961553','SA93194','B6447',396,46,'NULL','SF602757702',20540215231432,'NULL',8);
INSERT INTO ticket
VALUES ('T1749051881','NULL',2071229101909,'P749894266','SF300255333','SA14542','B6447',619,39,'NULL','SF792368880',20271215150138,'NULL',4);
INSERT INTO ticket
VALUES ('T1750825295','NULL',20450306073614,'P1479503248','SF1929985611','SA15338','B17141',125,37,'NULL','SF489261328',20590819182145,'NULL',0);
INSERT INTO ticket
VALUES ('T1756068244','NULL',20240503075300,'P2036902119','SF2110782199','SA49771','B53745',593,81,'NULL','SF489261328',20950228005751,'NULL',8);
INSERT INTO ticket
VALUES ('T1762591416','NULL',20150207210958,'P1286213191','SF1983128491','SA75872','B92125',877,39,'NULL','SF1202279488',20300801224458,'NULL',8);
INSERT INTO ticket
VALUES ('T1773248700','NULL',20441030225354,'P1649478768','SF1660893152','SA53789','B9640',596,47,'NULL','SF1952294928',20270218040943,'NULL',9);
INSERT INTO ticket
VALUES ('T1773273783','NULL',20621124185947,'P680800932','SF1634053800','SA56515','B12140',144,7,'NULL','SF1865471617',20551210091740,'NULL',1);
INSERT INTO ticket
VALUES ('T1774031837','NULL',20501003084517,'P812218575','SF205103753','SA49771','B22272',688,10,'NULL','SF797671113',20990501061007,'NULL',5);
INSERT INTO ticket
VALUES ('T1784605953','NULL',2020816124825,'P582346247','SF533615961','SA84369','B29296',612,99,'NULL','SF467523236',2060114192420,'NULL',2);
INSERT INTO ticket
VALUES ('T1788872192','NULL',20410722033109,'P1119129901','SF665365514','SA75872','B84548',72,49,'NULL','SF70906444',20190410223846,'NULL',0);
INSERT INTO ticket
VALUES ('T1788963219','NULL',20491017153736,'P713381171','SF1248586464','SA29072','B53745',729,71,'NULL','SF818212383',20880317154220,'NULL',1);
INSERT INTO ticket
VALUES ('T1789234293','NULL',20680817074212,'P1516195334','SF64852531','SA14542','B62937',489,93,'NULL','SF1737007784',20720724143841,'NULL',8);
INSERT INTO ticket
VALUES ('T1789369390','NULL',20290608102554,'P1212049362','SF797671113','SA31031','B19745',361,86,'NULL','SF300255333',2041205052750,'NULL',4);
INSERT INTO ticket
VALUES ('T1796365567','NULL',20140531102819,'P2051151083','SF2110782199','SA53789','B6447',546,69,'NULL','SF533615961',20281121172351,'NULL',8);
INSERT INTO ticket
VALUES ('T1803006579','NULL',20220909185216,'P1738900235','SF64852531','SA54941','B98496',19,78,'NULL','SF1037720193',20290719005052,'NULL',1);
INSERT INTO ticket
VALUES ('T180314782','NULL',20110823232128,'P1624293028','SF1357729340','SA14542','B3205',626,52,'NULL','SF1921617049',20210216185226,'NULL',7);
INSERT INTO ticket
VALUES ('T1805079907','NULL',20741205212042,'P1735205312','SF1983128491','SA65715','B86866',355,88,'NULL','SF195784358',20410101101714,'NULL',4);
INSERT INTO ticket
VALUES ('T1805166389','NULL',20100426051921,'P1990419575','SF602757702','SA98606','B73942',913,50,'NULL','SF39300910',20100604081044,'NULL',5);
INSERT INTO ticket
VALUES ('T1805624183','NULL',20231104124008,'P1357121588','SF797671113','SA84369','B64212',968,30,'NULL','SF1248586464',20450610031548,'NULL',9);
INSERT INTO ticket
VALUES ('T1805748675','NULL',20850903091110,'P396139796','SF1248586464','SA56515','B44483',265,16,'NULL','SF533615961',20200927190358,'NULL',1);
INSERT INTO ticket
VALUES ('T1809151851','NULL',20130625010159,'P1031245271','SF2018663870','SA93194','B32019',735,83,'NULL','SF1952294928',2080530102503,'NULL',3);
INSERT INTO ticket
VALUES ('T1809424122','NULL',20300917070440,'P1808924448','SF20363079','SA14542','B52727',386,20,'NULL','SF868334615',20450907205327,'NULL',2);
INSERT INTO ticket
VALUES ('T1809981737','NULL',20850513002101,'P805665232','SF20363079','SA2208','B67457',484,76,'NULL','SF533615961',20740801121448,'NULL',7);
INSERT INTO ticket
VALUES ('T1810863218','NULL',20880212073454,'P1008686012','SF1921617049','SA50741','B14767',342,54,'NULL','SF1202279488',20711203170507,'NULL',1);
INSERT INTO ticket
VALUES ('T1818041551','NULL',20460208231429,'P1464333187','SF1037720193','SA29072','B5798',219,21,'NULL','SF1948492940',2020219063134,'NULL',8);
INSERT INTO ticket
VALUES ('T1819487557','NULL',20770612071237,'P146679069','SF1865471617','SA50741','B52727',998,2,'NULL','SF868334615',2070131080902,'NULL',0);
INSERT INTO ticket
VALUES ('T1827924187','NULL',20240124131624,'P10347599','SF1660893152','SA84369','B32019',242,34,'NULL','SF899961553',20240725164332,'NULL',6);
INSERT INTO ticket
VALUES ('T1833320341','NULL',20820622024419,'P311454918','SF1737007784','SA17950','B24524',780,73,'NULL','SF1494346797',20480402113714,'NULL',3);
INSERT INTO ticket
VALUES ('T1836076834','NULL',20121122005139,'P1052794598','SF611175310','SA17950','B44700',749,23,'NULL','SF1248586464',20110613022758,'NULL',4);
INSERT INTO ticket
VALUES ('T1857553496','NULL',20990422022022,'P2040105699','SF1200305366','SA17950','B69820',800,58,'NULL','SF609151569',20541213161219,'NULL',8);
INSERT INTO ticket
VALUES ('T186280086','NULL',2010311025302,'P1940053845','SF20363079','SA56515','B60603',970,0,'NULL','SF899961553',20301123093257,'NULL',2);
INSERT INTO ticket
VALUES ('T1867486388','NULL',20300524051150,'P1157311697','SF205103753','SA2208','B40779',657,93,'NULL','SF1948492940',20260311233752,'NULL',4);
INSERT INTO ticket
VALUES ('T1869777740','NULL',20470409225150,'P1490485383','SF1948492940','SA29072','B17141',869,25,'NULL','SF39300910',20951229041439,'NULL',6);
INSERT INTO ticket
VALUES ('T1871855585','NULL',20770803215443,'P745943980','SF899961553','SA98606','B49997',945,1,'NULL','SF602757702',20220830192850,'NULL',3);
INSERT INTO ticket
VALUES ('T1873242698','NULL',20870616222656,'P1054980668','SF665365514','SA31031','B49997',265,15,'NULL','SF1553591775',20461001035644,'NULL',3);
INSERT INTO ticket
VALUES ('T1880657358','NULL',20270416160352,'P1624293028','SF997128370','SA84369','B26017',480,82,'NULL','SF1638761958',20270515081333,'NULL',9);
INSERT INTO ticket
VALUES ('T1883009341','NULL',20760904130857,'P219997419','SF1200305366','SA44512','B60591',927,89,'NULL','SF1160017263',20740121204221,'NULL',2);
INSERT INTO ticket
VALUES ('T1888330076','NULL',20970525222410,'P1462816073','SF1952294928','SA82267','B92125',126,26,'NULL','SF489261328',20261222075910,'NULL',0);
INSERT INTO ticket
VALUES ('T1889196530','NULL',20780115204015,'P1286213191','SF489261328','SA44512','B60591',276,16,'NULL','SF1248586464',20320530043934,'NULL',9);
INSERT INTO ticket
VALUES ('T1892832537','NULL',20390511000041,'P969901139','SF792368880','SA29072','B29296',672,68,'NULL','SF64852531',20640227102011,'NULL',7);
INSERT INTO ticket
VALUES ('T1897680471','NULL',20750207201044,'P1235068586','SF1948492940','SA31031','B22272',225,68,'NULL','SF1248586464',20970322080551,'NULL',3);
INSERT INTO ticket
VALUES ('T1903932568','NULL',20940404120629,'P1119129901','SF1952294928','SA65715','B52727',566,18,'NULL','SF611175310',20400317014059,'NULL',4);
INSERT INTO ticket
VALUES ('T1918533011','NULL',20100525000324,'P285564400','SF1660893152','SA49771','B6447',753,72,'NULL','SF2018663870',20800514143757,'NULL',8);
INSERT INTO ticket
VALUES ('T1922737806','NULL',2060930191759,'P534719619','SF1865471617','SA90973','B9590',794,97,'NULL','SF1252914741',20451212170711,'NULL',8);
INSERT INTO ticket
VALUES ('T1923404595','NULL',20580104062119,'P1356455375','SF2110782199','SA84369','B77739',799,40,'NULL','SF997128370',20840830151817,'NULL',2);
INSERT INTO ticket
VALUES ('T1924212814','NULL',20911106223338,'P1266120305','SF1983128491','SA90973','B40948',422,30,'NULL','SF1634053800',20590329143105,'NULL',8);
INSERT INTO ticket
VALUES ('T1925571527','NULL',20581009145140,'P1898283025','SF1948492940','SA49771','B44901',604,83,'NULL','SF591746655',20821017220003,'NULL',2);
INSERT INTO ticket
VALUES ('T1925731723','NULL',20900202013449,'P713381171','SF1553591775','SA2208','B64212',957,37,'NULL','SF205103753',2031024020721,'NULL',9);
INSERT INTO ticket
VALUES ('T1928695150','NULL',20770730175643,'P195170083','SF2110782199','SA15338','B77739',379,56,'NULL','SF1867704366',20971120110412,'NULL',8);
INSERT INTO ticket
VALUES ('T1930018754','NULL',20281102035855,'P1603454572','SF926495450','SA29072','B86866',556,87,'NULL','SF797671113',20241008213827,'NULL',4);
INSERT INTO ticket
VALUES ('T1931830833','NULL',20541202173319,'P1435097444','SF997128370','SA98606','B44483',464,41,'NULL','SF1867704366',20580923082050,'NULL',1);
INSERT INTO ticket
VALUES ('T193568195','NULL',20130831082726,'P116668624','SF1494346797','SA82267','B69820',260,16,'NULL','SF2018663870',20780816125002,'NULL',7);
INSERT INTO ticket
VALUES ('T194201884','NULL',20920910130102,'P823620114','SF1037720193','SA90973','B64212',292,34,'NULL','SF1675159789',20591005072906,'NULL',0);
INSERT INTO ticket
VALUES ('T1948439686','NULL',20230119034920,'P1668864323','SF1921617049','SA84369','B99359',813,6,'NULL','SF1037720193',20740816002928,'NULL',3);
INSERT INTO ticket
VALUES ('T1960290821','NULL',20171108185007,'P1881993911','SF1342709477','SA75872','B29296',110,18,'NULL','SF1675159789',2090213010054,'NULL',1);
INSERT INTO ticket
VALUES ('T1968265627','NULL',20420810173340,'P183447173','SF926495450','SA84369','B19594',646,40,'NULL','SF1634053800',20521120170725,'NULL',6);
INSERT INTO ticket
VALUES ('T1972382612','NULL',20341227070102,'P745918613','SF1675159789','SA50741','B5271',599,60,'NULL','SF64852531',20490312104226,'NULL',8);
INSERT INTO ticket
VALUES ('T1977760421','NULL',20140102083654,'P1256590126','SF1929985611','SA53789','B62937',688,42,'NULL','SF609151569',20710823233505,'NULL',1);
INSERT INTO ticket
VALUES ('T1984156366','NULL',20570304133820,'P428392908','SF868334615','SA15338','B17141',663,31,'NULL','SF609151569',20690523200541,'NULL',1);
INSERT INTO ticket
VALUES ('T1984281129','NULL',20530408075151,'P1594311442','SF792368880','SA14542','B67457',44,94,'NULL','SF665365514',20371126234335,'NULL',1);
INSERT INTO ticket
VALUES ('T1996258152','NULL',20920506044247,'P1557603166','SF602757702','SA54941','B73942',878,86,'NULL','SF792368880',20410409131649,'NULL',2);
INSERT INTO ticket
VALUES ('T1997267058','NULL',20670513183727,'P2020580981','SF1252914741','SA2208','B14767',915,90,'NULL','SF955874934',20241001161154,'NULL',3);
INSERT INTO ticket
VALUES ('T20065554','NULL',20490528123330,'P341317883','SF1675159789','SA65715','B98496',147,8,'NULL','SF818212383',20220802233605,'NULL',8);
INSERT INTO ticket
VALUES ('T2006905132','NULL',20800627202422,'P600838444','SF926495450','SA17950','B90461',24,46,'NULL','SF792368880',20160511113033,'NULL',6);
INSERT INTO ticket
VALUES ('T2006930524','NULL',2030909014257,'P1628785940','SF1521338764','SA49771','B49997',662,77,'NULL','SF1202279488',20651206063852,'NULL',3);
INSERT INTO ticket
VALUES ('T2010411807','NULL',20370325225459,'P1364681725','SF1494346797','SA24986','B98496',927,31,'NULL','SF611175310',2001201035636,'NULL',4);
INSERT INTO ticket
VALUES ('T2018025221','NULL',2050310132359,'P201615232','SF1521338764','SA44512','B64212',630,82,'NULL','SF665365514',20470221140008,'NULL',2);
INSERT INTO ticket
VALUES ('T2026996234','NULL',20630830070138,'P1031671263','SF1675159789','SA31031','B60591',62,32,'NULL','SF1342709477',20700823150444,'NULL',7);
INSERT INTO ticket
VALUES ('T2027999211','NULL',20640809065519,'P1464333187','SF1248586464','SA75872','B33484',693,17,'NULL','SF1248586464',20900330020100,'NULL',4);
INSERT INTO ticket
VALUES ('T2030651948','NULL',20371102064913,'P492307436','SF997128370','SA29072','B86783',357,16,'NULL','SF1494346797',20890813100624,'NULL',0);
INSERT INTO ticket
VALUES ('T2035842811','NULL',20590325101649,'P1713242482','SF533615961','SA31031','B73942',337,41,'NULL','SF1921617049',20770416001244,'NULL',4);
INSERT INTO ticket
VALUES ('T2036034500','NULL',20400725140839,'P1840218992','SF489261328','SA24986','B89510',989,86,'NULL','SF1921617049',20821215081137,'NULL',6);
INSERT INTO ticket
VALUES ('T2036236144','NULL',20360124035331,'P860371511','SF20363079','SA54941','B64212',969,5,'NULL','SF1357729340',20100818234400,'NULL',0);
INSERT INTO ticket
VALUES ('T2038212544','NULL',2010304082111,'P1177097206','SF997128370','SA53789','B60603',953,91,'NULL','SF1252914741',20620514030137,'NULL',6);
INSERT INTO ticket
VALUES ('T2039330310','NULL',2090525084432,'P1620441412','SF602757702','SA65715','B77924',220,97,'NULL','SF1634053800',20111202234533,'NULL',9);
INSERT INTO ticket
VALUES ('T2039351385','NULL',20451121185756,'P1395746428','SF489261328','SA53789','B18108',128,44,'NULL','SF818212383',20490921104343,'NULL',1);
INSERT INTO ticket
VALUES ('T2048354348','NULL',2010528151718,'P822830779','SF1342709477','SA65715','B19594',186,0,'NULL','SF1921617049',20950905061945,'NULL',4);
INSERT INTO ticket
VALUES ('T2049335161','NULL',20630212202112,'P1907724030','SF899961553','SA29072','B77924',445,7,'NULL','SF997128370',20901215040208,'NULL',3);
INSERT INTO ticket
VALUES ('T2061199920','NULL',2020131100936,'P116026169','SF609151569','SA93194','B83124',550,90,'NULL','SF205103753',20620712033213,'NULL',9);
INSERT INTO ticket
VALUES ('T2065035573','NULL',20430203151606,'P1038029160','SF591746655','SA17950','B5798',577,30,'NULL','SF1929985611',2070618071235,'NULL',5);
INSERT INTO ticket
VALUES ('T2075424185','NULL',20960429230422,'P171536670','SF1521338764','SA31031','B44700',426,58,'NULL','SF665365514',20200630023413,'NULL',2);
INSERT INTO ticket
VALUES ('T20756927','NULL',20990803134206,'P1196222612','SF1357729340','SA82267','B99359',770,37,'NULL','SF1634053800',20740114162013,'NULL',1);
INSERT INTO ticket
VALUES ('T2083371611','NULL',20580531221614,'P1768874550','SF1929985611','SA98606','B86783',96,98,'NULL','SF665365514',20290706112418,'NULL',1);
INSERT INTO ticket
VALUES ('T2091208343','NULL',20760520005201,'P45213498','SF1357729340','SA82267','B86866',69,49,'NULL','SF792368880',20791202073553,'NULL',6);
INSERT INTO ticket
VALUES ('T2095921887','NULL',20250818182106,'P885279289','SF1948492940','SA50741','B24524',852,28,'NULL','SF591746655',20750317133955,'NULL',2);
INSERT INTO ticket
VALUES ('T2101542830','NULL',20781122174517,'P1429302247','SF1037720193','SA98606','B52727',68,87,'NULL','SF1200305366',20580923071135,'NULL',3);
INSERT INTO ticket
VALUES ('T2103157086','NULL',20351230085520,'P1824110065','SF1867704366','SA29072','B44700',952,45,'NULL','SF2110782199',20490520135812,'NULL',4);
INSERT INTO ticket
VALUES ('T2106954515','NULL',20580703123635,'P853385078','SF1634053800','SA65715','B84548',539,16,'NULL','SF611175310',2090902171428,'NULL',4);
INSERT INTO ticket
VALUES ('T2107720866','NULL',20811127132325,'P2030260615','SF1948492940','SA29072','B32019',421,33,'NULL','SF533615961',20360219175824,'NULL',6);
INSERT INTO ticket
VALUES ('T2108771578','NULL',20201011132154,'P728049667','SF1867704366','SA98606','B95796',576,11,'NULL','SF665365514',20980830013715,'NULL',1);
INSERT INTO ticket
VALUES ('T2111117495','NULL',20451008020022,'P439740959','SF1037720193','SA2208','B69820',469,97,'NULL','SF195784358',20910710074330,'NULL',5);
INSERT INTO ticket
VALUES ('T2114746814','NULL',20190328133957,'P1434197220','SF665365514','SA17950','B49997',248,28,'NULL','SF1675159789',20800206045640,'NULL',5);
INSERT INTO ticket
VALUES ('T2115638069','NULL',20481112190751,'P1668864323','SF1553591775','SA29072','B92125',591,80,'NULL','SF792368880',2000422205816,'NULL',3);
INSERT INTO ticket
VALUES ('T2120563298','NULL',20600601193604,'P168517040','SF489261328','SA15338','B24524',187,51,'NULL','SF797671113',20521120130707,'NULL',1);
INSERT INTO ticket
VALUES ('T2120890952','NULL',2020212005730,'P1166631631','SF602757702','SA93194','B64212',824,18,'NULL','SF1521338764',20130529085659,'NULL',9);
INSERT INTO ticket
VALUES ('T2124327536','NULL',20531118231451,'P1757980712','SF1252914741','SA65715','B95796',696,88,'NULL','SF1638761958',20380816005131,'NULL',4);
INSERT INTO ticket
VALUES ('T2125775992','NULL',20281004233506,'P1272340419','SF1342709477','SA56515','B86866',920,43,'NULL','SF64852531',20951203181048,'NULL',4);
INSERT INTO ticket
VALUES ('T2126538173','NULL',20421203214454,'P810286276','SF1494346797','SA31031','B44700',766,62,'NULL','SF64852531',20481130184527,'NULL',6);
INSERT INTO ticket
VALUES ('T212847834','NULL',20600123022442,'P859382189','SF300255333','SA15338','B44483',528,38,'NULL','SF868334615',20541019074839,'NULL',5);
INSERT INTO ticket
VALUES ('T2137314083','NULL',20850612135813,'P10499078','SF1202279488','SA84369','B33484',975,66,'NULL','SF2018663870',20950908133839,'NULL',9);
INSERT INTO ticket
VALUES ('T2138547433','NULL',20850716234500,'P385025514','SF1357729340','SA44512','B64212',172,51,'NULL','SF1983128491',20180527073153,'NULL',3);
INSERT INTO ticket
VALUES ('T2140942670','NULL',20961028235441,'P823620114','SF1675159789','SA82267','B14767',172,50,'NULL','SF39300910',20930701070527,'NULL',3);
INSERT INTO ticket
VALUES ('T214322460','NULL',20881003200546,'P1880823734','SF1494346797','SA2208','B19745',449,16,'NULL','SF195784358',20660916204633,'NULL',7);
INSERT INTO ticket
VALUES ('T2143809832','NULL',20821016062353,'P1479503248','SF1634053800','SA15338','B32019',141,34,'NULL','SF868334615',20810812234431,'NULL',3);
INSERT INTO ticket
VALUES ('T216702905','NULL',20490315001203,'P513468295','SF818212383','SA44512','B73942',967,60,'NULL','SF1553591775',20980630190146,'NULL',0);
INSERT INTO ticket
VALUES ('T2247230','NULL',2030814161006,'P1076230980','SF591746655','SA56515','B62937',950,61,'NULL','SF1638761958',20240113173713,'NULL',0);
INSERT INTO ticket
VALUES ('T231368437','NULL',20121002090700,'P542046566','SF955874934','SA54941','B33484',203,6,'NULL','SF489261328',20480727013212,'NULL',5);
INSERT INTO ticket
VALUES ('T231662405','NULL',20970626013328,'P50095209','SF1983128491','SA24986','B73942',842,6,'NULL','SF1037720193',2090127050240,'NULL',7);
INSERT INTO ticket
VALUES ('T23790550','NULL',20990321071057,'P810754032','SF1521338764','SA14542','B40948',97,85,'NULL','SF850843869',20520601052205,'NULL',2);
INSERT INTO ticket
VALUES ('T246035513','NULL',2070628064813,'P1478821977','SF20363079','SA75872','B92125',321,83,'NULL','SF611175310',20900913172420,'NULL',0);
INSERT INTO ticket
VALUES ('T254538791','NULL',20111105180025,'P50095209','SF1867704366','SA54941','B12775',385,83,'NULL','SF792368880',20880227185211,'NULL',2);
INSERT INTO ticket
VALUES ('T271488348','NULL',20810205130526,'P1757980712','SF1865471617','SA93194','B44483',547,85,'NULL','SF1983128491',20620328023140,'NULL',2);
INSERT INTO ticket
VALUES ('T271636819','NULL',20690314004117,'P632151116','SF1983128491','SA49771','B9640',977,61,'NULL','SF850843869',20260527091901,'NULL',7);
INSERT INTO ticket
VALUES ('T278734872','NULL',20830923171745,'P195170083','SF1952294928','SA75872','B49997',785,59,'NULL','SF926495450',20190626211741,'NULL',6);
INSERT INTO ticket
VALUES ('T280681413','NULL',20850204220328,'P2024940448','SF1865471617','SA90973','B40948',482,80,'NULL','SF1929985611',20160811175446,'NULL',7);
INSERT INTO ticket
VALUES ('T284401742','NULL',20130501161013,'P2040105699','SF955874934','SA54941','B86866',549,5,'NULL','SF1194455331',20180410024955,'NULL',4);
INSERT INTO ticket
VALUES ('T284722411','NULL',20220216125131,'P1031671263','SF1357729340','SA49771','B92125',560,83,'NULL','SF602757702',20750524063201,'NULL',3);
INSERT INTO ticket
VALUES ('T288384633','NULL',20270719105238,'P1735205312','SF955874934','SA98606','B98100',501,62,'NULL','SF39300910',20221206040711,'NULL',3);
INSERT INTO ticket
VALUES ('T291390118','NULL',20460702140107,'P195170083','SF1983128491','SA53789','B40779',72,97,'NULL','SF2018663870',20350429055408,'NULL',6);
INSERT INTO ticket
VALUES ('T293842800','NULL',20560428105722,'P1701988904','SF300255333','SA15338','B20054',571,12,'NULL','SF1952294928',20710927230840,'NULL',1);
INSERT INTO ticket
VALUES ('T301783565','NULL',20170211141549,'P962172268','SF533615961','SA93194','B67457',658,57,'NULL','SF1983128491',20140415125640,'NULL',3);
INSERT INTO ticket
VALUES ('T303495775','NULL',20230526160625,'P1233570418','SF1342709477','SA49771','B53745',265,22,'NULL','SF1929985611',20350514132633,'NULL',2);
INSERT INTO ticket
VALUES ('T308637283','NULL',20670626170826,'P551004188','SF899961553','SA82267','B5271',702,89,'NULL','SF1357729340',20181118081629,'NULL',0);
INSERT INTO ticket
VALUES ('T309446242','NULL',2030819104026,'P1782835019','SF591746655','SA98606','B33484',976,91,'NULL','SF1638761958',2080526180654,'NULL',7);
INSERT INTO ticket
VALUES ('T317356172','NULL',2030420123040,'P1233570418','SF1494346797','SA49771','B32019',919,92,'NULL','SF70906444',20370710180414,'NULL',3);
INSERT INTO ticket
VALUES ('T31793299','NULL',20871112195308,'P1645575813','SF70906444','SA44512','B62937',239,10,'NULL','SF1948492940',20571210053457,'NULL',9);
INSERT INTO ticket
VALUES ('T322674755','NULL',20200408154106,'P1782611399','SF1634053800','SA65715','B60591',493,63,'NULL','SF1948492940',20780408095648,'NULL',4);
INSERT INTO ticket
VALUES ('T328234119','NULL',20910705160329,'P1898283025','SF591746655','SA90973','B40948',431,2,'NULL','SF533615961',20640908223915,'NULL',4);
INSERT INTO ticket
VALUES ('T328505438','NULL',20171214161651,'P2138365981','SF818212383','SA24986','B95796',580,62,'NULL','SF611175310',20221222170647,'NULL',0);
INSERT INTO ticket
VALUES ('T331295459','NULL',20660502041859,'P1493635625','SF70906444','SA75872','B40948',412,55,'NULL','SF195784358',20781023154635,'NULL',8);
INSERT INTO ticket
VALUES ('T331831026','NULL',20450313050516,'P845331488','SF591746655','SA75872','B62937',97,55,'NULL','SF300255333',20161128170410,'NULL',4);
INSERT INTO ticket
VALUES ('T336843480','NULL',20231016181838,'P560481977','SF1634053800','SA84369','B3205',436,82,'NULL','SF602757702',20620325040323,'NULL',0);
INSERT INTO ticket
VALUES ('T338385667','NULL',20360504043738,'P456199791','SF1867704366','SA53789','B12140',72,44,'NULL','SF70906444',20490620221030,'NULL',3);
INSERT INTO ticket
VALUES ('T338632385','NULL',20430120024545,'P1961057485','SF591746655','SA24986','B69820',414,27,'NULL','SF70906444',20211005004858,'NULL',3);
INSERT INTO ticket
VALUES ('T352945550','NULL',20580101160720,'P1841444381','SF591746655','SA2208','B9590',460,73,'NULL','SF797671113',20680825171724,'NULL',7);
INSERT INTO ticket
VALUES ('T355341064','NULL',20270602060538,'P762472067','SF489261328','SA98606','B6447',148,77,'NULL','SF1867704366',2010927222612,'NULL',8);
INSERT INTO ticket
VALUES ('T362520881','NULL',2040611123426,'P908816450','SF591746655','SA54941','B9590',912,67,'NULL','SF467523236',20300823054613,'NULL',0);
INSERT INTO ticket
VALUES ('T366148703','NULL',20620725093128,'P1375145846','SF467523236','SA50741','B77924',755,78,'NULL','SF955874934',20350420162928,'NULL',0);
INSERT INTO ticket
VALUES ('T366264857','NULL',20711203190639,'P1348872865','SF611175310','SA54941','B98100',613,96,'NULL','SF489261328',20980526214157,'NULL',2);
INSERT INTO ticket
VALUES ('T370213216','NULL',20420212065147,'P1841533495','SF591746655','SA44512','B22272',267,49,'NULL','SF1638761958',20420527131411,'NULL',0);
INSERT INTO ticket
VALUES ('T371372844','NULL',20210819231009,'P829267326','SF602757702','SA54941','B12775',451,51,'NULL','SF1194455331',20510521130951,'NULL',9);
INSERT INTO ticket
VALUES ('T376780808','NULL',20370103140756,'P136670907','SF997128370','SA49771','B63159',704,19,'NULL','SF2018663870',20870721074822,'NULL',5);
INSERT INTO ticket
VALUES ('T378098864','NULL',20411205015613,'P810286276','SF300255333','SA75872','B17141',914,3,'NULL','SF818212383',20530323142734,'NULL',9);
INSERT INTO ticket
VALUES ('T379095289','NULL',20411204193212,'P1373878872','SF1867704366','SA93194','B86866',928,9,'NULL','SF1948492940',20931014203543,'NULL',4);
INSERT INTO ticket
VALUES ('T381181779','NULL',20550201222953,'P324781659','SF489261328','SA53789','B98496',100,90,'NULL','SF797671113',2010702162119,'NULL',7);
INSERT INTO ticket
VALUES ('T381671207','NULL',20830303153028,'P1858436429','SF609151569','SA49771','B5271',454,75,'NULL','SF1660893152',20150614093452,'NULL',3);
INSERT INTO ticket
VALUES ('T387587028','NULL',20160512043918,'P1014473867','SF1494346797','SA98606','B98100',233,47,'NULL','SF1248586464',20800307165724,'NULL',4);
INSERT INTO ticket
VALUES ('T396617088','NULL',20211111024344,'P677446366','SF1952294928','SA90973','B18108',10,12,'NULL','SF1160017263',20940109211730,'NULL',1);
INSERT INTO ticket
VALUES ('T39967846','NULL',20540703170843,'P669683670','SF1252914741','SA56515','B32019',119,82,'NULL','SF1675159789',20610617232329,'NULL',8);
INSERT INTO ticket
VALUES ('T403909350','NULL',20750627004628,'P1821695680','SF868334615','SA2208','B67457',554,60,'NULL','SF926495450',20531225000439,'NULL',3);
INSERT INTO ticket
VALUES ('T406128341','NULL',20350812194130,'P1054980668','SF1252914741','SA82267','B95796',62,2,'NULL','SF1952294928',20870707064851,'NULL',7);
INSERT INTO ticket
VALUES ('T4070213','NULL',20360923054017,'P1907724030','SF1202279488','SA56515','B22272',658,33,'NULL','SF1248586464',20750723201235,'NULL',7);
INSERT INTO ticket
VALUES ('T415815508','NULL',20580925195152,'P1947211280','SF609151569','SA14542','B67457',718,26,'NULL','SF300255333',20300425142258,'NULL',6);
INSERT INTO ticket
VALUES ('T418518419','NULL',2020717141426,'P1811104830','SF926495450','SA24986','B19594',90,23,'NULL','SF955874934',20511226151658,'NULL',8);
INSERT INTO ticket
VALUES ('T423736081','NULL',20490731100640,'P916933607','SF1660893152','SA50741','B5271',159,38,'NULL','SF1983128491',20501225033827,'NULL',4);
INSERT INTO ticket
VALUES ('T425088048','NULL',20581116131219,'P1651994903','SF818212383','SA75872','B77739',14,23,'NULL','SF39300910',2061023053650,'NULL',6);
INSERT INTO ticket
VALUES ('T43491396','NULL',20680731101908,'P446483833','SF1638761958','SA44512','B62937',41,10,'NULL','SF1675159789',20370227071810,'NULL',5);
INSERT INTO ticket
VALUES ('T444507991','NULL',2001030053812,'P1287635105','SF1252914741','SA29072','B64212',884,55,'NULL','SF1948492940',20920528140007,'NULL',7);
INSERT INTO ticket
VALUES ('T447253510','NULL',20691222075556,'P1588142318','SF205103753','SA44512','B9640',221,6,'NULL','SF609151569',20351101081340,'NULL',8);
INSERT INTO ticket
VALUES ('T447669499','NULL',20940402220725,'P2106805826','SF1553591775','SA54941','B44700',674,15,'NULL','SF792368880',20740813024025,'NULL',4);
INSERT INTO ticket
VALUES ('T451115157','NULL',20880801210702,'P1233812907','SF300255333','SA56515','B44901',839,58,'NULL','SF300255333',20960413032606,'NULL',0);
INSERT INTO ticket
VALUES ('T45128830','NULL',20390806090902,'P2113404633','SF1638761958','SA2208','B12775',672,69,'NULL','SF39300910',20510223085639,'NULL',7);
INSERT INTO ticket
VALUES ('T460075828','NULL',20490312182357,'P396139796','SF1921617049','SA17950','B12140',928,4,'NULL','SF1929985611',20431018145852,'NULL',0);
INSERT INTO ticket
VALUES ('T463810101','NULL',20900819082558,'P1211212648','SF792368880','SA14542','B60591',398,22,'NULL','SF70906444',20630622202323,'NULL',3);
INSERT INTO ticket
VALUES ('T464936087','NULL',20570716174219,'P2106805826','SF533615961','SA31031','B86866',639,97,'NULL','SF70906444',20410407122641,'NULL',9);
INSERT INTO ticket
VALUES ('T465480548','NULL',20870103202329,'P851174552','SF2110782199','SA98606','B92125',166,73,'NULL','SF1357729340',20390713191053,'NULL',3);
INSERT INTO ticket
VALUES ('T469223348','NULL',20770201020211,'P1740106807','SF1160017263','SA15338','B44483',594,40,'NULL','SF39300910',20190904094733,'NULL',2);
INSERT INTO ticket
VALUES ('T47273339','NULL',20600626085857,'P1290918734','SF868334615','SA65715','B62937',986,88,'NULL','SF611175310',20610423203549,'NULL',0);
INSERT INTO ticket
VALUES ('T475293287','NULL',20270317195223,'P728049667','SF1200305366','SA65715','B3205',763,18,'NULL','SF1521338764',20270320151349,'NULL',8);
INSERT INTO ticket
VALUES ('T475551238','NULL',20740110171947,'P833108420','SF1494346797','SA53789','B77924',426,67,'NULL','SF1865471617',20470206134855,'NULL',0);
INSERT INTO ticket
VALUES ('T476515780','NULL',20360301154042,'P1687793234','SF1160017263','SA65715','B92125',417,77,'NULL','SF195784358',20651102012350,'NULL',4);
INSERT INTO ticket
VALUES ('T477340428','NULL',20260228140349,'P1753498488','SF955874934','SA84369','B6447',869,48,'NULL','SF489261328',20830330133041,'NULL',4);
INSERT INTO ticket
VALUES ('T483538351','NULL',20110815093728,'P1710270021','SF850843869','SA54941','B3205',775,69,'NULL','SF1342709477',2080323235154,'NULL',3);
INSERT INTO ticket
VALUES ('T484889077','NULL',20350816024708,'P1990419575','SF1638761958','SA2208','B6447',976,30,'NULL','SF1865471617',20230813143727,'NULL',5);
INSERT INTO ticket
VALUES ('T48644215','NULL',20701030045856,'P1339828648','SF955874934','SA93194','B29296',692,54,'NULL','SF850843869',20151016221003,'NULL',2);
INSERT INTO ticket
VALUES ('T490129511','NULL',20610829034725,'P1608370104','SF205103753','SA31031','B40779',492,59,'NULL','SF611175310',2040711191058,'NULL',1);
INSERT INTO ticket
VALUES ('T490921455','NULL',20480303075921,'P1677264646','SF955874934','SA93194','B33484',632,95,'NULL','SF792368880',20350728153417,'NULL',3);
INSERT INTO ticket
VALUES ('T495465430','NULL',2090823190839,'P845331488','SF850843869','SA53789','B9590',802,54,'NULL','SF64852531',20330105151939,'NULL',3);
INSERT INTO ticket
VALUES ('T497674910','NULL',2070327173727,'P1881925827','SF1660893152','SA49771','B18108',790,96,'NULL','SF926495450',20960326081306,'NULL',4);
INSERT INTO ticket
VALUES ('T502093999','NULL',20520531084714,'P549883278','SF1342709477','SA24986','B86783',696,55,'NULL','SF1202279488',2091020131517,'NULL',3);
INSERT INTO ticket
VALUES ('T504006318','NULL',20880326174430,'P554504423','SF1357729340','SA56515','B90461',354,79,'NULL','SF955874934',20340430053728,'NULL',1);
INSERT INTO ticket
VALUES ('T505801742','NULL',20370423011813,'P1690178182','SF467523236','SA44512','B17141',289,45,'NULL','SF1521338764',20540121041126,'NULL',1);
INSERT INTO ticket
VALUES ('T513073673','NULL',20201201004259,'P2020580981','SF602757702','SA93194','B64212',89,81,'NULL','SF1200305366',20161126174843,'NULL',6);
INSERT INTO ticket
VALUES ('T513094344','NULL',20390913192821,'P1677264646','SF1948492940','SA24986','B44483',510,13,'NULL','SF1521338764',20870811094921,'NULL',4);
INSERT INTO ticket
VALUES ('T517440336','NULL',20421113022942,'P1677264646','SF1553591775','SA56515','B86783',414,93,'NULL','SF533615961',20640508093825,'NULL',6);
INSERT INTO ticket
VALUES ('T519604031','NULL',20411119112237,'P2058506005','SF797671113','SA49771','B6447',852,26,'NULL','SF955874934',2020407155433,'NULL',9);
INSERT INTO ticket
VALUES ('T520545478','NULL',20560828000622,'P1211212648','SF1494346797','SA56515','B77739',312,2,'NULL','SF926495450',20541009012722,'NULL',7);
INSERT INTO ticket
VALUES ('T522389643','NULL',20371015122307,'P1085769812','SF1194455331','SA90973','B44700',117,99,'NULL','SF899961553',20180724171553,'NULL',5);
INSERT INTO ticket
VALUES ('T526012925','NULL',20621008115213,'P1156948055','SF1952294928','SA50741','B83124',614,80,'NULL','SF602757702',20651105024840,'NULL',9);
INSERT INTO ticket
VALUES ('T52712908','NULL',20240708215825,'P1166631631','SF609151569','SA14542','B69820',187,90,'NULL','SF1952294928',20491020163531,'NULL',7);
INSERT INTO ticket
VALUES ('T531217058','NULL',20311117075906,'P364344892','SF489261328','SA17950','B18108',847,51,'NULL','SF2018663870',20480103051032,'NULL',2);
INSERT INTO ticket
VALUES ('T534093737','NULL',20100918125518,'P1068722247','SF997128370','SA56515','B99359',311,79,'NULL','SF1357729340',20560412073124,'NULL',8);
INSERT INTO ticket
VALUES ('T536079850','NULL',20510412011647,'P1669432978','SF2018663870','SA84369','B12140',276,14,'NULL','SF1521338764',20420112090222,'NULL',9);
INSERT INTO ticket
VALUES ('T537057076','NULL',20771217121333,'P268837742','SF926495450','SA84369','B92125',584,10,'NULL','SF1037720193',20660119074910,'NULL',8);
INSERT INTO ticket
VALUES ('T53801358','NULL',20840705181956,'P330322933','SF1634053800','SA2208','B49997',871,88,'NULL','SF1342709477',20820609085326,'NULL',1);
INSERT INTO ticket
VALUES ('T547058770','NULL',20490623052022,'P2146427539','SF39300910','SA93194','B86866',672,44,'NULL','SF611175310',2080401123900,'NULL',8);
INSERT INTO ticket
VALUES ('T547783708','NULL',20400523190745,'P1478821977','SF533615961','SA65715','B44901',565,14,'NULL','SF611175310',20511122192210,'NULL',1);
INSERT INTO ticket
VALUES ('T548547372','NULL',20421016203620,'P1687793234','SF850843869','SA93194','B9640',431,12,'NULL','SF899961553',20140106110324,'NULL',1);
INSERT INTO ticket
VALUES ('T549583696','NULL',20841022071031,'P1080402115','SF1660893152','SA90973','B40948',904,97,'NULL','SF533615961',20390127115924,'NULL',7);
INSERT INTO ticket
VALUES ('T55177676','NULL',20590410144254,'P1849395786','SF1160017263','SA65715','B52727',950,17,'NULL','SF1194455331',20200613131715,'NULL',5);
INSERT INTO ticket
VALUES ('T553176826','NULL',20500926181554,'P718948262','SF20363079','SA50741','B84548',316,39,'NULL','SF1521338764',20730807030439,'NULL',3);
INSERT INTO ticket
VALUES ('T560002312','NULL',20401205083435,'P1757980712','SF1867704366','SA82267','B40779',771,6,'NULL','SF1037720193',20240622193339,'NULL',6);
INSERT INTO ticket
VALUES ('T561474868','NULL',20771215121754,'P7907671','SF665365514','SA2208','B19594',497,4,'NULL','SF300255333',20240210021849,'NULL',6);
INSERT INTO ticket
VALUES ('T562830145','NULL',20280907040638,'P649744854','SF955874934','SA14542','B53745',417,38,'NULL','SF665365514',20400409133959,'NULL',7);
INSERT INTO ticket
VALUES ('T563099491','NULL',20440830081430,'P833267547','SF868334615','SA56515','B53745',594,27,'NULL','SF868334615',20481203154532,'NULL',8);
INSERT INTO ticket
VALUES ('T568022395','NULL',20541014173633,'P1445796181','SF1867704366','SA49771','B5798',384,6,'NULL','SF1553591775',20990629211106,'NULL',6);
INSERT INTO ticket
VALUES ('T570345142','NULL',2010305145251,'P591432517','SF591746655','SA90973','B49997',719,55,'NULL','SF1252914741',20911018201236,'NULL',5);
INSERT INTO ticket
VALUES ('T571722783','NULL',20861226200427,'P1932811957','SF955874934','SA98606','B44483',798,41,'NULL','SF1948492940',2070317080417,'NULL',3);
INSERT INTO ticket
VALUES ('T578440652','NULL',20180131174450,'P1152924975','SF1200305366','SA24986','B24524',760,11,'NULL','SF1634053800',20851107055608,'NULL',6);
INSERT INTO ticket
VALUES ('T579828800','NULL',20640407024335,'P2071369574','SF868334615','SA2208','B99359',625,23,'NULL','SF1737007784',20780719182847,'NULL',1);
INSERT INTO ticket
VALUES ('T581361484','NULL',20961126000113,'P916933607','SF899961553','SA17950','B90461',423,68,'NULL','SF195784358',20660219044254,'NULL',0);
INSERT INTO ticket
VALUES ('T589689874','NULL',2060705105125,'P1907724030','SF1638761958','SA14542','B19745',662,87,'NULL','SF850843869',20910617013219,'NULL',2);
INSERT INTO ticket
VALUES ('T593213598','NULL',20660106025701,'P1049772489','SF591746655','SA56515','B86866',49,88,'NULL','SF1194455331',20370503122218,'NULL',0);
INSERT INTO ticket
VALUES ('T601083410','NULL',20131228064510,'P1056907174','SF1737007784','SA29072','B9590',457,4,'NULL','SF1983128491',20791024061033,'NULL',0);
INSERT INTO ticket
VALUES ('T606025836','NULL',20830305123549,'P1958686036','SF1037720193','SA53789','B99359',252,35,'NULL','SF2018663870',20260905003107,'NULL',8);
INSERT INTO ticket
VALUES ('T610356110','NULL',20521223000424,'P1690178182','SF1342709477','SA15338','B60591',666,79,'NULL','SF1521338764',20350904163156,'NULL',2);
INSERT INTO ticket
VALUES ('T616458904','NULL',2070717224204,'P829267326','SF2018663870','SA44512','B92125',912,75,'NULL','SF489261328',20570316005245,'NULL',1);
INSERT INTO ticket
VALUES ('T616954398','NULL',20831228012225,'P1486105658','SF1553591775','SA44512','B3205',588,83,'NULL','SF467523236',20260608201748,'NULL',7);
INSERT INTO ticket
VALUES ('T61813395','NULL',20970702113908,'P1603454572','SF1921617049','SA54941','B5271',65,53,'NULL','SF533615961',20260515084757,'NULL',9);
INSERT INTO ticket
VALUES ('T618528319','NULL',20580704234359,'P1395746428','SF818212383','SA24986','B12775',362,88,'NULL','SF1200305366',2051115204100,'NULL',2);
INSERT INTO ticket
VALUES ('T630279485','NULL',20300807042632,'P446483833','SF1921617049','SA44512','B89510',63,81,'NULL','SF1929985611',20481015200143,'NULL',8);
INSERT INTO ticket
VALUES ('T631964801','NULL',20760829132438,'P424806214','SF1342709477','SA82267','B17141',82,40,'NULL','SF1952294928',20581005041425,'NULL',2);
INSERT INTO ticket
VALUES ('T634417815','NULL',20620427161108,'P718714729','SF1660893152','SA93194','B33484',268,82,'NULL','SF1948492940',20480728055617,'NULL',0);
INSERT INTO ticket
VALUES ('T645796382','NULL',20790803175018,'P1947181263','SF591746655','SA93194','B92125',614,19,'NULL','SF2110782199',20710424164046,'NULL',0);
INSERT INTO ticket
VALUES ('T65240341','NULL',20101211171923,'P459836500','SF533615961','SA17950','B32019',689,7,'NULL','SF611175310',20940718041247,'NULL',1);
INSERT INTO ticket
VALUES ('T653020195','NULL',2050120164327,'P1481562884','SF1634053800','SA14542','B14767',60,75,'NULL','SF1357729340',20850720174753,'NULL',3);
INSERT INTO ticket
VALUES ('T659009917','NULL',20450719095749,'P228739728','SF602757702','SA49771','B95796',926,83,'NULL','SF926495450',20950725043146,'NULL',9);
INSERT INTO ticket
VALUES ('T664961558','NULL',20400522132739,'P2116416310','SF1521338764','SA56515','B9590',217,29,'NULL','SF1521338764',20121206115655,'NULL',8);
INSERT INTO ticket
VALUES ('T668743874','NULL',20580507012252,'P1802346622','SF1252914741','SA49771','B73942',522,58,'NULL','SF868334615',20911129224303,'NULL',2);
INSERT INTO ticket
VALUES ('T676539915','NULL',2040507233201,'P322271075','SF20363079','SA29072','B17141',713,71,'NULL','SF1983128491',20870320133509,'NULL',1);
INSERT INTO ticket
VALUES ('T676858052','NULL',2000819194929,'P2116416310','SF39300910','SA49771','B18108',265,28,'NULL','SF2110782199',20230727110353,'NULL',0);
INSERT INTO ticket
VALUES ('T681175347','NULL',2000621171850,'P1191614310','SF591746655','SA14542','B73942',956,15,'NULL','SF1248586464',20520803135756,'NULL',8);
INSERT INTO ticket
VALUES ('T69022723','NULL',20160713015054,'P214021913','SF665365514','SA24986','B19745',988,48,'NULL','SF1160017263',20820429085426,'NULL',7);
INSERT INTO ticket
VALUES ('T693230295','NULL',20650814093228,'P31183066','SF665365514','SA31031','B84548',199,44,'NULL','SF591746655',20320602050857,'NULL',0);
INSERT INTO ticket
VALUES ('T697747959','NULL',20950408204732,'P789201798','SF609151569','SA56515','B17141',163,18,'NULL','SF1921617049',20310126031917,'NULL',9);
INSERT INTO ticket
VALUES ('T699083808','NULL',20920119033825,'P374493763','SF1357729340','SA53789','B40779',719,58,'NULL','SF1921617049',20720713042423,'NULL',0);
INSERT INTO ticket
VALUES ('T699455618','NULL',20470823011140,'P459836500','SF1521338764','SA90973','B26017',164,12,'NULL','SF926495450',20840831233814,'NULL',8);
INSERT INTO ticket
VALUES ('T71078590','NULL',20150926082317,'P146679069','SF611175310','SA14542','B63159',155,88,'NULL','SF1921617049',20450717050800,'NULL',5);
INSERT INTO ticket
VALUES ('T711208013','NULL',20130405032614,'P1068722247','SF1675159789','SA65715','B84548',916,64,'NULL','SF1948492940',20640809054703,'NULL',4);
INSERT INTO ticket
VALUES ('T712561385','NULL',20250517031304,'P1745637656','SF868334615','SA93194','B19594',153,89,'NULL','SF20363079',20370925061754,'NULL',6);
INSERT INTO ticket
VALUES ('T71838132','NULL',20720202114225,'P2089439336','SF1521338764','SA17950','B9640',42,62,'NULL','SF792368880',20730626232437,'NULL',5);
INSERT INTO ticket
VALUES ('T721473616','NULL',20120218160038,'P810286276','SF1634053800','SA29072','B92125',855,2,'NULL','SF467523236',20880604092257,'NULL',9);
INSERT INTO ticket
VALUES ('T722294554','NULL',2020716031340,'P1302122797','SF1921617049','SA17950','B90461',41,91,'NULL','SF997128370',20810201211420,'NULL',4);
INSERT INTO ticket
VALUES ('T725424746','NULL',20680306204838,'P2134048141','SF70906444','SA49771','B6447',925,38,'NULL','SF1248586464',20420624073228,'NULL',1);
INSERT INTO ticket
VALUES ('T732401805','NULL',20110417004232,'P1346339215','SF70906444','SA90973','B69820',836,34,'NULL','SF1638761958',20631024154151,'NULL',3);
INSERT INTO ticket
VALUES ('T733998496','NULL',20390730231856,'P1757980712','SF850843869','SA50741','B99359',727,84,'NULL','SF792368880',20410416102140,'NULL',9);
INSERT INTO ticket
VALUES ('T735996161','NULL',20661208221503,'P1694208479','SF1865471617','SA17950','B44700',598,51,'NULL','SF591746655',20560818165128,'NULL',8);
INSERT INTO ticket
VALUES ('T743953145','NULL',2080615133723,'P2113404633','SF899961553','SA90973','B90461',809,12,'NULL','SF1194455331',20211124121928,'NULL',5);
INSERT INTO ticket
VALUES ('T750557549','NULL',20430709230921,'P1735205312','SF1494346797','SA17950','B40779',692,64,'NULL','SF1553591775',20540625133923,'NULL',3);
INSERT INTO ticket
VALUES ('T750816925','NULL',20110609002420,'P895846780','SF1553591775','SA75872','B52727',605,33,'NULL','SF1194455331',20890109182230,'NULL',5);
INSERT INTO ticket
VALUES ('T750945009','NULL',20971215195514,'P1211212648','SF602757702','SA2208','B14767',314,96,'NULL','SF1202279488',2061203110344,'NULL',5);
INSERT INTO ticket
VALUES ('T758329469','NULL',20270218192231,'P1651994903','SF997128370','SA49771','B24524',843,83,'NULL','SF1037720193',20920825180142,'NULL',0);
INSERT INTO ticket
VALUES ('T764917680','NULL',20900504172630,'P1499673139','SF1660893152','SA50741','B77739',89,56,'NULL','SF1983128491',20101214062427,'NULL',3);
INSERT INTO ticket
VALUES ('T765662596','NULL',20911121035700,'P582346247','SF195784358','SA2208','B73942',981,19,'NULL','SF1037720193',20700325112932,'NULL',0);
INSERT INTO ticket
VALUES ('T769238148','NULL',20810501185322,'P219997419','SF1521338764','SA90973','B40779',77,8,'NULL','SF1638761958',20580719015624,'NULL',7);
INSERT INTO ticket
VALUES ('T77399074','NULL',20260807140103,'P1554465681','SF1521338764','SA82267','B29296',606,40,'NULL','SF665365514',20631015013824,'NULL',9);
INSERT INTO ticket
VALUES ('T774394065','NULL',20651114013133,'P340241871','SF868334615','SA14542','B32019',727,96,'NULL','SF2110782199',20791123234542,'NULL',1);
INSERT INTO ticket
VALUES ('T783242573','NULL',20980802025013,'P341317883','SF1553591775','SA93194','B40779',847,31,'NULL','SF1638761958',20110910081500,'NULL',8);
INSERT INTO ticket
VALUES ('T786206719','NULL',20110325025451,'P10347599','SF533615961','SA50741','B12775',826,62,'NULL','SF1202279488',20371103102719,'NULL',1);
INSERT INTO ticket
VALUES ('T787509201','NULL',20870111022149,'P2089439336','SF20363079','SA93194','B52727',273,28,'NULL','SF997128370',20151110130031,'NULL',7);
INSERT INTO ticket
VALUES ('T792236622','NULL',20550120105610,'P1005655998','SF926495450','SA82267','B19745',837,69,'NULL','SF591746655',2070221134827,'NULL',6);
INSERT INTO ticket
VALUES ('T793929662','NULL',20521109153326,'P680800932','SF300255333','SA53789','B60591',555,7,'NULL','SF20363079',20450110020330,'NULL',8);
INSERT INTO ticket
VALUES ('T796526091','NULL',20120329020625,'P859382189','SF39300910','SA93194','B29296',69,9,'NULL','SF1948492940',20990120202344,'NULL',4);
INSERT INTO ticket
VALUES ('T796978070','NULL',2030504214045,'P1348872865','SF205103753','SA82267','B22272',376,38,'NULL','SF1660893152',20771218171621,'NULL',3);
INSERT INTO ticket
VALUES ('T798398610','NULL',2020703163937,'P1499673139','SF64852531','SA56515','B33484',664,48,'NULL','SF611175310',20191227085750,'NULL',3);
INSERT INTO ticket
VALUES ('T800374412','NULL',20770413100110,'P1293901851','SF997128370','SA75872','B5271',14,6,'NULL','SF1638761958',20990905201409,'NULL',9);
INSERT INTO ticket
VALUES ('T802294601','NULL',20630322201317,'P1573333797','SF602757702','SA29072','B44700',812,46,'NULL','SF1867704366',20381031145546,'NULL',1);
INSERT INTO ticket
VALUES ('T803872944','NULL',20490416165715,'P201615232','SF1634053800','SA44512','B77924',913,32,'NULL','SF1252914741',20290413064223,'NULL',6);
INSERT INTO ticket
VALUES ('T807675992','NULL',20841010111843,'P1690178182','SF467523236','SA75872','B52727',184,65,'NULL','SF39300910',20110123204628,'NULL',8);
INSERT INTO ticket
VALUES ('T808805352','NULL',20360530201524,'P1727562443','SF1660893152','SA2208','B60603',623,36,'NULL','SF1660893152',20761213011559,'NULL',7);
INSERT INTO ticket
VALUES ('T809735249','NULL',20580804144259,'P1357121588','SF489261328','SA90973','B89510',676,35,'NULL','SF1248586464',20730407063020,'NULL',2);
INSERT INTO ticket
VALUES ('T815452592','NULL',20490915171436,'P363138249','SF70906444','SA44512','B73942',885,80,'NULL','SF850843869',20760418235442,'NULL',4);
INSERT INTO ticket
VALUES ('T819566584','NULL',20510206083221,'P2105478992','SF1952294928','SA50741','B3205',365,51,'NULL','SF300255333',20791225173533,'NULL',1);
INSERT INTO ticket
VALUES ('T826922731','NULL',20740430194426,'P833267547','SF205103753','SA29072','B67457',485,44,'NULL','SF609151569',20590801215857,'NULL',5);
INSERT INTO ticket
VALUES ('T827095267','NULL',20120331204546,'P1158653317','SF997128370','SA98606','B49997',858,28,'NULL','SF489261328',20321031005616,'NULL',4);
INSERT INTO ticket
VALUES ('T834194797','NULL',20610128225304,'P2040105699','SF899961553','SA98606','B24524',198,48,'NULL','SF1867704366',20770621230819,'NULL',6);
INSERT INTO ticket
VALUES ('T834777407','NULL',20810822190106,'P722245672','SF899961553','SA44512','B33484',982,55,'NULL','SF1921617049',20350717013945,'NULL',3);
INSERT INTO ticket
VALUES ('T84710543','NULL',20800811055336,'P542046566','SF39300910','SA75872','B19745',240,51,'NULL','SF20363079',20200108025503,'NULL',3);
INSERT INTO ticket
VALUES ('T848668009','NULL',20870116005252,'P1389609136','SF20363079','SA2208','B84548',862,3,'NULL','SF1929985611',20480402140548,'NULL',9);
INSERT INTO ticket
VALUES ('T851193340','NULL',20430604222044,'P1877425259','SF467523236','SA2208','B92125',517,66,'NULL','SF1921617049',20841220185156,'NULL',6);
INSERT INTO ticket
VALUES ('T853992414','NULL',20710518004009,'P86768807','SF899961553','SA90973','B26017',231,99,'NULL','SF1494346797',20301130190720,'NULL',9);
INSERT INTO ticket
VALUES ('T857278245','NULL',20511114135357,'P833108420','SF1521338764','SA56515','B60603',781,9,'NULL','SF1357729340',2080707021312,'NULL',2);
INSERT INTO ticket
VALUES ('T860171350','NULL',20240518022317,'P1427255543','SF489261328','SA31031','B73942',941,9,'NULL','SF1952294928',2030329083709,'NULL',5);
INSERT INTO ticket
VALUES ('T863768648','NULL',20140622170054,'P1485555462','SF2018663870','SA50741','B44483',509,11,'NULL','SF850843869',20350615075412,'NULL',7);
INSERT INTO ticket
VALUES ('T86833499','NULL',20511102014159,'P411647763','SF1200305366','SA53789','B5798',193,29,'NULL','SF489261328',20590224051542,'NULL',9);
INSERT INTO ticket
VALUES ('T872946531','NULL',20230405000452,'P582888707','SF1952294928','SA65715','B29296',360,6,'NULL','SF792368880',20560122034927,'NULL',4);
INSERT INTO ticket
VALUES ('T877962035','NULL',20731226140731,'P1272340419','SF1342709477','SA44512','B60603',577,31,'NULL','SF1202279488',20670309152415,'NULL',5);
INSERT INTO ticket
VALUES ('T878829612','NULL',20641122113711,'P1727562443','SF1952294928','SA82267','B99359',310,76,'NULL','SF2018663870',20930118125332,'NULL',5);
INSERT INTO ticket
VALUES ('T889580965','NULL',2060619142130,'P1898283025','SF195784358','SA82267','B60603',69,68,'NULL','SF1983128491',20360409134438,'NULL',0);
INSERT INTO ticket
VALUES ('T89407482','NULL',20501221085847,'P439740959','SF2110782199','SA50741','B77924',428,80,'NULL','SF1200305366',20750414160830,'NULL',2);
INSERT INTO ticket
VALUES ('T913395953','NULL',20870704024943,'P1014473867','SF1660893152','SA44512','B40948',646,90,'NULL','SF1200305366',20831027145332,'NULL',3);
INSERT INTO ticket
VALUES ('T914248104','NULL',20890103002414,'P1877425259','SF205103753','SA53789','B6447',333,95,'NULL','SF205103753',20360409091844,'NULL',5);
INSERT INTO ticket
VALUES ('T922564675','NULL',20221230224932,'P2146427539','SF1948492940','SA98606','B26017',776,40,'NULL','SF1675159789',20951225060511,'NULL',0);
INSERT INTO ticket
VALUES ('T933107111','NULL',20310709164456,'P630860517','SF1248586464','SA90973','B12775',803,83,'NULL','SF997128370',20790426151535,'NULL',7);
INSERT INTO ticket
VALUES ('T949042003','NULL',20460901072317,'P63432740','SF1660893152','SA65715','B60603',187,28,'NULL','SF1634053800',20670318000655,'NULL',5);
INSERT INTO ticket
VALUES ('T954916151','NULL',20790320112708,'P1886103062','SF591746655','SA14542','B40779',573,29,'NULL','SF602757702',20411115233328,'NULL',6);
INSERT INTO ticket
VALUES ('T954963291','NULL',20280113220601,'P1318229393','SF997128370','SA65715','B3205',850,77,'NULL','SF489261328',20871229021425,'NULL',8);
INSERT INTO ticket
VALUES ('T955857453','NULL',20360416061600,'P2055363280','SF611175310','SA84369','B77739',576,49,'NULL','SF868334615',20461112120355,'NULL',5);
INSERT INTO ticket
VALUES ('T958036110','NULL',20450810195904,'P799639139','SF1865471617','SA50741','B77739',166,24,'NULL','SF1865471617',20700912081325,'NULL',9);
INSERT INTO ticket
VALUES ('T960055391','NULL',20190124012605,'P1907724030','SF1200305366','SA84369','B53745',171,20,'NULL','SF1737007784',20921213004629,'NULL',5);
INSERT INTO ticket
VALUES ('T964481089','NULL',20570201081154,'P1008096140','SF20363079','SA65715','B3205',362,79,'NULL','SF1952294928',20980122125848,'NULL',7);
INSERT INTO ticket
VALUES ('T966801601','NULL',20421110203254,'P1948062518','SF467523236','SA93194','B73942',672,2,'NULL','SF797671113',20961109002045,'NULL',3);
INSERT INTO ticket
VALUES ('T96764818','NULL',20610106080217,'P859382189','SF1983128491','SA53789','B98496',240,10,'NULL','SF899961553',20430319073752,'NULL',5);
INSERT INTO ticket
VALUES ('T969321275','NULL',20810519235920,'P2106805826','SF797671113','SA93194','B98100',468,86,'NULL','SF1867704366',20800103052524,'NULL',3);
INSERT INTO ticket
VALUES ('T970715181','NULL',20431018101322,'P1191614310','SF1952294928','SA56515','B9640',123,27,'NULL','SF2018663870',20330903144504,'NULL',2);
INSERT INTO ticket
VALUES ('T973743583','NULL',20841011144846,'P1808924448','SF1248586464','SA14542','B67457',77,12,'NULL','SF1553591775',20420305013634,'NULL',9);
INSERT INTO ticket
VALUES ('T975137732','NULL',20561003210420,'P793954027','SF533615961','SA84369','B3205',258,49,'NULL','SF818212383',20470308151649,'NULL',6);
INSERT INTO ticket
VALUES ('T979081321','NULL',20531121233739,'P1389837714','SF1252914741','SA65715','B6447',319,68,'NULL','SF792368880',20220911150920,'NULL',1);
INSERT INTO ticket
VALUES ('T981142472','NULL',20160808113700,'P63432740','SF1634053800','SA93194','B69820',556,76,'NULL','SF1865471617',20560902001958,'NULL',6);
INSERT INTO ticket
VALUES ('T984893068','NULL',20530224195816,'P1880823734','SF533615961','SA50741','B60591',638,62,'NULL','SF1357729340',20160706082210,'NULL',6);
INSERT INTO ticket
VALUES ('T990624131','NULL',20420814030259,'P1669699620','SF609151569','SA44512','B12140',770,49,'NULL','SF2110782199',20310831023139,'NULL',3);
INSERT INTO ticket
VALUES ('T991627534','NULL',20270823023640,'P1881925827','SF868334615','SA29072','B77924',982,65,'NULL','SF1357729340',20190710074849,'NULL',2);
INSERT INTO ticket
VALUES ('T9935552','NULL',20321130002552,'P2055363280','SF2018663870','SA31031','B5271',184,85,'NULL','SF70906444',20800905171347,'NULL',1);
INSERT INTO dailyTask
VALUES ('DT1001548822','overhaul',20540421190157,'SA49771','SF1521338764','NULL',FALSE);
INSERT INTO dailyTask
VALUES ('DT1007875214','clean',20401208081124,'SA65715','SF1983128491','NULL',FALSE);
INSERT INTO dailyTask
VALUES ('DT1007948388','guard',20781117002532,'SA29072','SF1252914741','NULL',TRUE);
INSERT INTO dailyTask
VALUES ('DT1010829922','clean',2031006081856,'SA17950','SF1160017263','NULL',FALSE);
INSERT INTO dailyTask
VALUES ('DT1014512924','overhaul',20490831182201,'SA53789','SF1948492940','NULL',FALSE);
INSERT INTO dailyTask
VALUES ('DT1017716780','clean',20180710150338,'SA50741','SF1929985611','NULL',FALSE);
INSERT INTO dailyTask
VALUES ('DT1017727449','guard',20800410000019,'SA49771','SF591746655','NULL',FALSE);
INSERT INTO dailyTask
VALUES ('DT1023981137','overhaul',20310311090417,'SA24986','SF1737007784','NULL',TRUE);
INSERT INTO dailyTask
VALUES ('DT103532214','guard',20830208150300,'SA53789','SF489261328','NULL',TRUE);
INSERT INTO dailyTask
VALUES ('DT10358546','clean',20620328035246,'SA44512','SF602757702','NULL',FALSE);
INSERT INTO dailyTask
VALUES ('DT1042990979','guard',20561217205747,'SA65715','SF602757702','NULL',TRUE);
INSERT INTO dailyTask
VALUES ('DT1045947568','clean',20630903134051,'SA44512','SF609151569','NULL',TRUE);
INSERT INTO dailyTask
VALUES ('DT1047546974','guard',20311209112313,'SA75872','SF1357729340','NULL',FALSE);
INSERT INTO dailyTask
VALUES ('DT1047706173','clean',20290706171247,'SA93194','SF20363079','NULL',FALSE);
INSERT INTO dailyTask
VALUES ('DT1051053912','overhaul',20250704133907,'SA49771','SF868334615','NULL',TRUE);
INSERT INTO dailyTask
VALUES ('DT1051336593','clean',2080830085619,'SA56515','SF792368880','NULL',FALSE);
INSERT INTO dailyTask
VALUES ('DT1054226168','clean',20300807134439,'SA49771','SF926495450','NULL',FALSE);
INSERT INTO dailyTask
VALUES ('DT105849359','overhaul',20330202193735,'SA14542','SF1952294928','NULL',FALSE);
INSERT INTO dailyTask
VALUES ('DT1062650056','overhaul',20770228230954,'SA53789','SF20363079','NULL',TRUE);
INSERT INTO dailyTask
VALUES ('DT1069021225','guard',20421226034419,'SA49771','SF1660893152','NULL',TRUE);
INSERT INTO dailyTask
VALUES ('DT1069622726','overhaul',20240528041603,'SA56515','SF205103753','NULL',TRUE);
INSERT INTO dailyTask
VALUES ('DT1075581886','overhaul',20410208153103,'SA98606','SF602757702','NULL',TRUE);
INSERT INTO dailyTask
VALUES ('DT1077701138','guard',20620720142757,'SA53789','SF955874934','NULL',FALSE);
INSERT INTO dailyTask
VALUES ('DT1083366387','clean',2070827212930,'SA24986','SF1252914741','NULL',FALSE);
INSERT INTO dailyTask
VALUES ('DT1084435235','guard',20401010034657,'SA15338','SF2018663870','NULL',TRUE);
INSERT INTO dailyTask
VALUES ('DT1087399270','overhaul',20790430153830,'SA90973','SF533615961','NULL',TRUE);
INSERT INTO dailyTask
VALUES ('DT1091098884','guard',20940121145258,'SA65715','SF1737007784','NULL',FALSE);
INSERT INTO dailyTask
VALUES ('DT1104358634','clean',20780327140428,'SA84369','SF489261328','NULL',FALSE);
INSERT INTO dailyTask
VALUES ('DT1104883590','overhaul',20280416011850,'SA93194','SF1202279488','NULL',FALSE);
INSERT INTO dailyTask
VALUES ('DT1112764819','clean',2021104052122,'SA56515','SF64852531','NULL',TRUE);
INSERT INTO dailyTask
VALUES ('DT1116669865','overhaul',20990106135509,'SA53789','SF899961553','NULL',TRUE);
INSERT INTO dailyTask
VALUES ('DT1118068832','overhaul',20840723013459,'SA90973','SF1553591775','NULL',TRUE);
INSERT INTO dailyTask
VALUES ('DT1120260563','clean',2010210132316,'SA54941','SF1952294928','NULL',FALSE);
INSERT INTO dailyTask
VALUES ('DT1120776026','clean',20210302061731,'SA15338','SF1865471617','NULL',TRUE);
INSERT INTO dailyTask
VALUES ('DT1128940645','clean',20321123020814,'SA90973','SF818212383','NULL',TRUE);
INSERT INTO dailyTask
VALUES ('DT1133106436','guard',20610527181347,'SA24986','SF1342709477','NULL',FALSE);
INSERT INTO dailyTask
VALUES ('DT1135852089','overhaul',20770523151813,'SA98606','SF591746655','NULL',TRUE);
INSERT INTO dailyTask
VALUES ('DT1138016870','overhaul',2091006161701,'SA82267','SF2110782199','NULL',TRUE);
INSERT INTO dailyTask
VALUES ('DT1145681813','clean',20670429105949,'SA44512','SF611175310','NULL',FALSE);
INSERT INTO dailyTask
VALUES ('DT1146733090','overhaul',20341114013334,'SA98606','SF1948492940','NULL',TRUE);
INSERT INTO dailyTask
VALUES ('DT1156289569','clean',20640908071904,'SA44512','SF1929985611','NULL',TRUE);
INSERT INTO dailyTask
VALUES ('DT1160173908','guard',20700603224833,'SA93194','SF2018663870','NULL',TRUE);
INSERT INTO dailyTask
VALUES ('DT1160194732','guard',20681218032328,'SA53789','SF868334615','NULL',FALSE);
INSERT INTO dailyTask
VALUES ('DT117022501','guard',20810503111101,'SA2208','SF1160017263','NULL',FALSE);
INSERT INTO dailyTask
VALUES ('DT117729756','clean',20550527130213,'SA17950','SF1037720193','NULL',FALSE);
INSERT INTO dailyTask
VALUES ('DT1177802214','clean',2031128011153,'SA2208','SF1660893152','NULL',TRUE);
INSERT INTO dailyTask
VALUES ('DT1179264480','clean',20771122123854,'SA50741','SF1660893152','NULL',FALSE);
INSERT INTO dailyTask
VALUES ('DT1183901620','guard',20421124184105,'SA54941','SF1867704366','NULL',FALSE);
INSERT INTO dailyTask
VALUES ('DT1184051001','clean',20541103044141,'SA15338','SF20363079','NULL',FALSE);
INSERT INTO dailyTask
VALUES ('DT1184368669','overhaul',20210905135350,'SA53789','SF70906444','NULL',FALSE);
INSERT INTO dailyTask
VALUES ('DT1191537773','guard',20191223191520,'SA75872','SF1200305366','NULL',TRUE);
INSERT INTO dailyTask
VALUES ('DT1192060414','clean',20540113201653,'SA2208','SF1921617049','NULL',FALSE);
INSERT INTO dailyTask
VALUES ('DT119269003','overhaul',20910516002043,'SA49771','SF1983128491','NULL',FALSE);
INSERT INTO dailyTask
VALUES ('DT1195312671','overhaul',20741222184647,'SA56515','SF602757702','NULL',TRUE);
INSERT INTO dailyTask
VALUES ('DT11954878','overhaul',2050120142306,'SA84369','SF868334615','NULL',FALSE);
INSERT INTO dailyTask
VALUES ('DT1196463781','overhaul',20970524070947,'SA44512','SF1983128491','NULL',FALSE);
INSERT INTO dailyTask
VALUES ('DT1200941461','guard',20191216003400,'SA14542','SF1638761958','NULL',TRUE);
INSERT INTO dailyTask
VALUES ('DT1206654572','clean',20100904181446,'SA75872','SF39300910','NULL',FALSE);
INSERT INTO dailyTask
VALUES ('DT1209655375','overhaul',20650804054006,'SA44512','SF1921617049','NULL',TRUE);
INSERT INTO dailyTask
VALUES ('DT1214125757','overhaul',20460121061109,'SA49771','SF1638761958','NULL',TRUE);
INSERT INTO dailyTask
VALUES ('DT1228733445','guard',20880623035518,'SA2208','SF818212383','NULL',TRUE);
INSERT INTO dailyTask
VALUES ('DT1229286467','clean',20871211135132,'SA90973','SF868334615','NULL',FALSE);
INSERT INTO dailyTask
VALUES ('DT1230149092','clean',20181126093217,'SA82267','SF1634053800','NULL',TRUE);
INSERT INTO dailyTask
VALUES ('DT1232756602','guard',2070716181413,'SA56515','SF1037720193','NULL',TRUE);
INSERT INTO dailyTask
VALUES ('DT1237549580','overhaul',2080202114959,'SA90973','SF1983128491','NULL',TRUE);
INSERT INTO dailyTask
VALUES ('DT123859478','overhaul',20550724010306,'SA50741','SF1494346797','NULL',TRUE);
INSERT INTO dailyTask
VALUES ('DT1242218116','overhaul',2050528114250,'SA56515','SF1929985611','NULL',FALSE);
INSERT INTO dailyTask
VALUES ('DT1246323515','guard',20911120093618,'SA75872','SF602757702','NULL',TRUE);
INSERT INTO dailyTask
VALUES ('DT1254733789','overhaul',20140426201356,'SA98606','SF1737007784','NULL',FALSE);
INSERT INTO dailyTask
VALUES ('DT1257998641','guard',20630113094830,'SA24986','SF1160017263','NULL',FALSE);
INSERT INTO dailyTask
VALUES ('DT1262265991','clean',20130716055627,'SA44512','SF1867704366','NULL',TRUE);
INSERT INTO dailyTask
VALUES ('DT1262275494','overhaul',20760516050619,'SA14542','SF533615961','NULL',FALSE);
INSERT INTO dailyTask
VALUES ('DT1262394283','overhaul',20450716175706,'SA93194','SF39300910','NULL',FALSE);
INSERT INTO dailyTask
VALUES ('DT1274442201','clean',20911206091935,'SA53789','SF70906444','NULL',FALSE);
INSERT INTO dailyTask
VALUES ('DT1278153769','overhaul',20710529230918,'SA49771','SF1948492940','NULL',FALSE);
INSERT INTO dailyTask
VALUES ('DT1283921640','clean',20751004085103,'SA44512','SF818212383','NULL',FALSE);
INSERT INTO dailyTask
VALUES ('DT128952726','guard',20591002185141,'SA90973','SF1867704366','NULL',TRUE);
INSERT INTO dailyTask
VALUES ('DT1290719575','guard',20201119012227,'SA17950','SF1867704366','NULL',TRUE);
INSERT INTO dailyTask
VALUES ('DT1292074185','overhaul',20800124201753,'SA82267','SF602757702','NULL',TRUE);
INSERT INTO dailyTask
VALUES ('DT1295850341','overhaul',2000524225057,'SA44512','SF1929985611','NULL',FALSE);
INSERT INTO dailyTask
VALUES ('DT1303601145','overhaul',20760708062335,'SA2208','SF1983128491','NULL',TRUE);
INSERT INTO dailyTask
VALUES ('DT1306623469','clean',20621214023826,'SA93194','SF1675159789','NULL',TRUE);
INSERT INTO dailyTask
VALUES ('DT1308734051','guard',20981128204029,'SA54941','SF20363079','NULL',TRUE);
INSERT INTO dailyTask
VALUES ('DT131520774','clean',20381029160446,'SA53789','SF1037720193','NULL',TRUE);
INSERT INTO dailyTask
VALUES ('DT1316965055','guard',20660320063804,'SA53789','SF1638761958','NULL',TRUE);
INSERT INTO dailyTask
VALUES ('DT1321473730','overhaul',20121003111231,'SA53789','SF489261328','NULL',FALSE);
INSERT INTO dailyTask
VALUES ('DT1325987557','guard',20260219233725,'SA54941','SF1675159789','NULL',FALSE);
INSERT INTO dailyTask
VALUES ('DT1330812220','clean',20580428170110,'SA65715','SF1660893152','NULL',FALSE);
INSERT INTO dailyTask
VALUES ('DT1332216133','clean',2080608193548,'SA75872','SF533615961','NULL',FALSE);
INSERT INTO dailyTask
VALUES ('DT133303530','guard',20661205031055,'SA84369','SF1737007784','NULL',TRUE);
INSERT INTO dailyTask
VALUES ('DT1361146510','clean',2010922012505,'SA98606','SF609151569','NULL',TRUE);
INSERT INTO dailyTask
VALUES ('DT1363057422','clean',20320704054733,'SA17950','SF20363079','NULL',FALSE);
INSERT INTO dailyTask
VALUES ('DT1365682583','guard',20950526045232,'SA98606','SF467523236','NULL',TRUE);
INSERT INTO dailyTask
VALUES ('DT1372161414','overhaul',20730903003811,'SA84369','SF602757702','NULL',FALSE);
INSERT INTO dailyTask
VALUES ('DT13783783','clean',2030228191634,'SA65715','SF300255333','NULL',TRUE);
INSERT INTO dailyTask
VALUES ('DT1382475131','overhaul',20200611115709,'SA2208','SF926495450','NULL',FALSE);
INSERT INTO dailyTask
VALUES ('DT1388991524','overhaul',20401020011352,'SA15338','SF1160017263','NULL',FALSE);
INSERT INTO dailyTask
VALUES ('DT1390283068','clean',2080301215922,'SA98606','SF2110782199','NULL',TRUE);
INSERT INTO dailyTask
VALUES ('DT1391479287','clean',20780902153728,'SA17950','SF868334615','NULL',FALSE);
INSERT INTO dailyTask
VALUES ('DT1391578678','clean',20421205051540,'SA50741','SF609151569','NULL',FALSE);
INSERT INTO dailyTask
VALUES ('DT1398537885','overhaul',20140331033037,'SA50741','SF205103753','NULL',FALSE);
INSERT INTO dailyTask
VALUES ('DT1404819204','clean',20211215155634,'SA54941','SF850843869','NULL',TRUE);
INSERT INTO dailyTask
VALUES ('DT1406327425','overhaul',20870128032239,'SA82267','SF1948492940','NULL',TRUE);
INSERT INTO dailyTask
VALUES ('DT1406700137','guard',20330917073055,'SA56515','SF1494346797','NULL',TRUE);
INSERT INTO dailyTask
VALUES ('DT1407599324','clean',20150315100909,'SA84369','SF609151569','NULL',TRUE);
INSERT INTO dailyTask
VALUES ('DT140909534','clean',20510505042207,'SA17950','SF926495450','NULL',TRUE);
INSERT INTO dailyTask
VALUES ('DT1412217859','guard',2040411023614,'SA75872','SF533615961','NULL',FALSE);
INSERT INTO dailyTask
VALUES ('DT1413588071','clean',20240927201740,'SA65715','SF1867704366','NULL',TRUE);
INSERT INTO dailyTask
VALUES ('DT1415213234','clean',20590621204333,'SA2208','SF1865471617','NULL',FALSE);
INSERT INTO dailyTask
VALUES ('DT1417941921','guard',20620904093524,'SA31031','SF1200305366','NULL',FALSE);
INSERT INTO dailyTask
VALUES ('DT142433536','guard',20260127031950,'SA98606','SF533615961','NULL',TRUE);
INSERT INTO dailyTask
VALUES ('DT1435065580','clean',20240825200116,'SA84369','SF1521338764','NULL',FALSE);
INSERT INTO dailyTask
VALUES ('DT1440480529','guard',20570507065054,'SA17950','SF609151569','NULL',TRUE);
INSERT INTO dailyTask
VALUES ('DT1440976382','clean',20680225182725,'SA53789','SF792368880','NULL',FALSE);
INSERT INTO dailyTask
VALUES ('DT1444730033','overhaul',20930219032344,'SA65715','SF926495450','NULL',FALSE);
INSERT INTO dailyTask
VALUES ('DT1449007196','guard',20630719032829,'SA14542','SF1638761958','NULL',TRUE);
INSERT INTO dailyTask
VALUES ('DT144940577','clean',20961114080729,'SA98606','SF1983128491','NULL',TRUE);
INSERT INTO dailyTask
VALUES ('DT1452083320','overhaul',20651123114815,'SA65715','SF602757702','NULL',TRUE);
INSERT INTO dailyTask
VALUES ('DT1457768032','clean',20900515015123,'SA29072','SF868334615','NULL',FALSE);
INSERT INTO dailyTask
VALUES ('DT1462675688','overhaul',20220503043818,'SA54941','SF1248586464','NULL',FALSE);
INSERT INTO dailyTask
VALUES ('DT1479355324','overhaul',20530313190622,'SA2208','SF39300910','NULL',FALSE);
INSERT INTO dailyTask
VALUES ('DT1483572195','clean',20500923094849,'SA54941','SF609151569','NULL',FALSE);
INSERT INTO dailyTask
VALUES ('DT1485482740','overhaul',20530701233823,'SA56515','SF1948492940','NULL',FALSE);
INSERT INTO dailyTask
VALUES ('DT149907215','clean',20960814021619,'SA17950','SF1634053800','NULL',TRUE);
INSERT INTO dailyTask
VALUES ('DT1509411827','guard',20300804063614,'SA24986','SF533615961','NULL',TRUE);
INSERT INTO dailyTask
VALUES ('DT1517921429','guard',20270224160201,'SA2208','SF1865471617','NULL',FALSE);
INSERT INTO dailyTask
VALUES ('DT1522545790','overhaul',20560521125312,'SA31031','SF205103753','NULL',TRUE);
INSERT INTO dailyTask
VALUES ('DT152577319','guard',20790330235014,'SA29072','SF205103753','NULL',TRUE);
INSERT INTO dailyTask
VALUES ('DT1532268977','overhaul',20820502192038,'SA14542','SF1037720193','NULL',FALSE);
INSERT INTO dailyTask
VALUES ('DT1545615369','clean',2080721210700,'SA65715','SF609151569','NULL',FALSE);
INSERT INTO dailyTask
VALUES ('DT1546707746','guard',20130606154407,'SA49771','SF467523236','NULL',TRUE);
INSERT INTO dailyTask
VALUES ('DT1552958977','overhaul',20830306110053,'SA84369','SF39300910','NULL',TRUE);
INSERT INTO dailyTask
VALUES ('DT1555312983','guard',20260202003318,'SA44512','SF609151569','NULL',TRUE);
INSERT INTO dailyTask
VALUES ('DT1573098272','clean',2061221221429,'SA90973','SF1248586464','NULL',FALSE);
INSERT INTO dailyTask
VALUES ('DT1575840969','clean',20210811120942,'SA65715','SF39300910','NULL',TRUE);
INSERT INTO dailyTask
VALUES ('DT1579227858','clean',20710421145925,'SA31031','SF1983128491','NULL',FALSE);
INSERT INTO dailyTask
VALUES ('DT1583109213','clean',20240101010455,'SA2208','SF591746655','NULL',TRUE);
INSERT INTO dailyTask
VALUES ('DT1583656794','guard',20580823130753,'SA24986','SF868334615','NULL',FALSE);
INSERT INTO dailyTask
VALUES ('DT1586150633','overhaul',20371115215348,'SA17950','SF1634053800','NULL',FALSE);
INSERT INTO dailyTask
VALUES ('DT158978332','overhaul',20280219084138,'SA31031','SF205103753','NULL',FALSE);
INSERT INTO dailyTask
VALUES ('DT1601948726','overhaul',20140520111638,'SA93194','SF2110782199','NULL',FALSE);
INSERT INTO dailyTask
VALUES ('DT1606392198','guard',20510101004006,'SA29072','SF926495450','NULL',FALSE);
INSERT INTO dailyTask
VALUES ('DT161001289','overhaul',20720613205844,'SA50741','SF1252914741','NULL',TRUE);
INSERT INTO dailyTask
VALUES ('DT1610442851','overhaul',20370101054402,'SA29072','SF1638761958','NULL',FALSE);
INSERT INTO dailyTask
VALUES ('DT1611467970','overhaul',20420413072311,'SA56515','SF1342709477','NULL',TRUE);
INSERT INTO dailyTask
VALUES ('DT161919645','guard',20800906163824,'SA98606','SF205103753','NULL',TRUE);
INSERT INTO dailyTask
VALUES ('DT1624795452','guard',20881230075609,'SA82267','SF1929985611','NULL',TRUE);
INSERT INTO dailyTask
VALUES ('DT1627542670','overhaul',20680109054900,'SA50741','SF1921617049','NULL',FALSE);
INSERT INTO dailyTask
VALUES ('DT163021055','clean',20191009125809,'SA82267','SF1553591775','NULL',TRUE);
INSERT INTO dailyTask
VALUES ('DT1633300978','guard',20320501154051,'SA50741','SF195784358','NULL',TRUE);
INSERT INTO dailyTask
VALUES ('DT1633949824','guard',20131122015701,'SA56515','SF818212383','NULL',TRUE);
INSERT INTO dailyTask
VALUES ('DT1636620608','clean',2081123181721,'SA75872','SF591746655','NULL',FALSE);
INSERT INTO dailyTask
VALUES ('DT1638516985','overhaul',20510128232639,'SA17950','SF792368880','NULL',TRUE);
INSERT INTO dailyTask
VALUES ('DT1639117826','overhaul',20610225212630,'SA15338','SF64852531','NULL',FALSE);
INSERT INTO dailyTask
VALUES ('DT164762168','clean',20170401103354,'SA31031','SF1867704366','NULL',FALSE);
INSERT INTO dailyTask
VALUES ('DT1648914785','overhaul',20370818144900,'SA84369','SF300255333','NULL',FALSE);
INSERT INTO dailyTask
VALUES ('DT1654215084','clean',20150607081346,'SA31031','SF792368880','NULL',FALSE);
INSERT INTO dailyTask
VALUES ('DT1655101163','overhaul',20500204161230,'SA53789','SF1252914741','NULL',FALSE);
INSERT INTO dailyTask
VALUES ('DT165695196','overhaul',20830827091759,'SA56515','SF1929985611','NULL',FALSE);
INSERT INTO dailyTask
VALUES ('DT1658324291','clean',20300317044214,'SA53789','SF64852531','NULL',FALSE);
INSERT INTO dailyTask
VALUES ('DT1659766405','overhaul',20880831035436,'SA82267','SF1952294928','NULL',TRUE);
INSERT INTO dailyTask
VALUES ('DT166365457','guard',20790305154951,'SA53789','SF1252914741','NULL',TRUE);
INSERT INTO dailyTask
VALUES ('DT1665303693','clean',20750321165501,'SA44512','SF205103753','NULL',TRUE);
INSERT INTO dailyTask
VALUES ('DT1667922975','guard',20341020173205,'SA29072','SF1342709477','NULL',FALSE);
INSERT INTO dailyTask
VALUES ('DT1670076416','clean',2030629012510,'SA44512','SF602757702','NULL',FALSE);
INSERT INTO dailyTask
VALUES ('DT1671221102','guard',2090305010424,'SA2208','SF1675159789','NULL',FALSE);
INSERT INTO dailyTask
VALUES ('DT1677396534','guard',20330921174342,'SA54941','SF611175310','NULL',FALSE);
INSERT INTO dailyTask
VALUES ('DT1677654508','clean',20790104141617,'SA93194','SF1202279488','NULL',TRUE);
INSERT INTO dailyTask
VALUES ('DT1687655361','guard',20400127131947,'SA29072','SF1865471617','NULL',TRUE);
INSERT INTO dailyTask
VALUES ('DT1691893343','guard',20211120035634,'SA75872','SF2110782199','NULL',FALSE);
INSERT INTO dailyTask
VALUES ('DT169299936','overhaul',20921213094057,'SA90973','SF195784358','NULL',FALSE);
INSERT INTO dailyTask
VALUES ('DT1698029005','guard',20970616153238,'SA29072','SF611175310','NULL',FALSE);
INSERT INTO dailyTask
VALUES ('DT1699649951','guard',20191123031926,'SA90973','SF2018663870','NULL',FALSE);
INSERT INTO dailyTask
VALUES ('DT1700352660','overhaul',20341112070431,'SA93194','SF1865471617','NULL',TRUE);
INSERT INTO dailyTask
VALUES ('DT1706780106','overhaul',20270115062211,'SA53789','SF955874934','NULL',TRUE);
INSERT INTO dailyTask
VALUES ('DT1712007880','clean',20331231202655,'SA15338','SF39300910','NULL',TRUE);
INSERT INTO dailyTask
VALUES ('DT1719178620','overhaul',20230107144805,'SA93194','SF1553591775','NULL',TRUE);
INSERT INTO dailyTask
VALUES ('DT1723527669','overhaul',20440112180755,'SA31031','SF64852531','NULL',FALSE);
INSERT INTO dailyTask
VALUES ('DT1725016960','guard',20550713115552,'SA44512','SF2018663870','NULL',TRUE);
INSERT INTO dailyTask
VALUES ('DT1725937106','clean',20110729151449,'SA75872','SF591746655','NULL',FALSE);
INSERT INTO dailyTask
VALUES ('DT1727207412','guard',2090815081338,'SA56515','SF926495450','NULL',TRUE);
INSERT INTO dailyTask
VALUES ('DT1730536654','guard',20850530171224,'SA84369','SF997128370','NULL',TRUE);
INSERT INTO dailyTask
VALUES ('DT1732714497','guard',2020113181419,'SA29072','SF1553591775','NULL',FALSE);
INSERT INTO dailyTask
VALUES ('DT173950720','guard',2010113154507,'SA24986','SF1921617049','NULL',FALSE);
INSERT INTO dailyTask
VALUES ('DT1739558944','clean',20980604191319,'SA65715','SF926495450','NULL',TRUE);
INSERT INTO dailyTask
VALUES ('DT1745350549','clean',20210711070040,'SA17950','SF64852531','NULL',TRUE);
INSERT INTO dailyTask
VALUES ('DT1747214490','guard',20990717010928,'SA17950','SF70906444','NULL',TRUE);
INSERT INTO dailyTask
VALUES ('DT1748766814','overhaul',20451101160730,'SA24986','SF1553591775','NULL',TRUE);
INSERT INTO dailyTask
VALUES ('DT1753561292','guard',20731227135451,'SA56515','SF195784358','NULL',TRUE);
INSERT INTO dailyTask
VALUES ('DT1758512457','guard',20351106074943,'SA14542','SF665365514','NULL',FALSE);
INSERT INTO dailyTask
VALUES ('DT1761700705','guard',20940711223239,'SA82267','SF868334615','NULL',FALSE);
INSERT INTO dailyTask
VALUES ('DT1763320513','overhaul',20351114050403,'SA54941','SF1865471617','NULL',TRUE);
INSERT INTO dailyTask
VALUES ('DT1772507043','overhaul',20370923153005,'SA98606','SF1202279488','NULL',TRUE);
INSERT INTO dailyTask
VALUES ('DT1780811141','clean',20470605105342,'SA75872','SF1983128491','NULL',TRUE);
INSERT INTO dailyTask
VALUES ('DT1784195232','overhaul',20290424094333,'SA82267','SF1037720193','NULL',FALSE);
INSERT INTO dailyTask
VALUES ('DT1785971977','overhaul',2030320112339,'SA14542','SF955874934','NULL',TRUE);
INSERT INTO dailyTask
VALUES ('DT1787857239','guard',2000223114500,'SA29072','SF1200305366','NULL',FALSE);
INSERT INTO dailyTask
VALUES ('DT1793585726','clean',2030805034034,'SA31031','SF1660893152','NULL',TRUE);
INSERT INTO dailyTask
VALUES ('DT17983558','overhaul',20861007000609,'SA90973','SF1660893152','NULL',FALSE);
INSERT INTO dailyTask
VALUES ('DT1800497511','guard',20100629150312,'SA49771','SF997128370','NULL',TRUE);
INSERT INTO dailyTask
VALUES ('DT1801249084','guard',20901208024142,'SA75872','SF955874934','NULL',FALSE);
INSERT INTO dailyTask
VALUES ('DT1801761340','clean',20640604084005,'SA65715','SF1634053800','NULL',FALSE);
INSERT INTO dailyTask
VALUES ('DT1812749867','guard',20600211145404,'SA24986','SF1252914741','NULL',FALSE);
INSERT INTO dailyTask
VALUES ('DT1816589845','clean',20570913001144,'SA98606','SF2110782199','NULL',TRUE);
INSERT INTO dailyTask
VALUES ('DT1818230520','overhaul',20161202102845,'SA53789','SF300255333','NULL',TRUE);
INSERT INTO dailyTask
VALUES ('DT1818568865','clean',20120718072914,'SA90973','SF1737007784','NULL',TRUE);
INSERT INTO dailyTask
VALUES ('DT1822484887','guard',20601029204605,'SA29072','SF591746655','NULL',FALSE);
INSERT INTO dailyTask
VALUES ('DT1824966729','clean',20260808065201,'SA44512','SF850843869','NULL',FALSE);
INSERT INTO dailyTask
VALUES ('DT1827599995','clean',20950923053500,'SA17950','SF1037720193','NULL',FALSE);
INSERT INTO dailyTask
VALUES ('DT1831152315','guard',20650526100418,'SA82267','SF1248586464','NULL',TRUE);
INSERT INTO dailyTask
VALUES ('DT1833219563','overhaul',20230105033557,'SA44512','SF533615961','NULL',TRUE);
INSERT INTO dailyTask
VALUES ('DT1839985395','overhaul',20390128045024,'SA75872','SF818212383','NULL',FALSE);
INSERT INTO dailyTask
VALUES ('DT1843629702','clean',20540325185826,'SA24986','SF1638761958','NULL',FALSE);
INSERT INTO dailyTask
VALUES ('DT18441669','overhaul',20140522230057,'SA2208','SF39300910','NULL',TRUE);
INSERT INTO dailyTask
VALUES ('DT1848248689','clean',20270521044045,'SA17950','SF602757702','NULL',TRUE);
INSERT INTO dailyTask
VALUES ('DT1849607786','overhaul',20631104124344,'SA75872','SF467523236','NULL',FALSE);
INSERT INTO dailyTask
VALUES ('DT1849637302','clean',20900512103200,'SA17950','SF1675159789','NULL',FALSE);
INSERT INTO dailyTask
VALUES ('DT1852491412','guard',20600824181712,'SA24986','SF1865471617','NULL',FALSE);
INSERT INTO dailyTask
VALUES ('DT1853221460','clean',20680102012716,'SA50741','SF665365514','NULL',FALSE);
INSERT INTO dailyTask
VALUES ('DT1854297759','overhaul',20681221073058,'SA82267','SF1737007784','NULL',FALSE);
INSERT INTO dailyTask
VALUES ('DT1854367849','guard',2090211051034,'SA93194','SF1675159789','NULL',FALSE);
INSERT INTO dailyTask
VALUES ('DT1858092611','guard',20610326053548,'SA17950','SF591746655','NULL',TRUE);
INSERT INTO dailyTask
VALUES ('DT1858279348','clean',20730218144329,'SA50741','SF665365514','NULL',TRUE);
INSERT INTO dailyTask
VALUES ('DT1865444516','clean',20251216110354,'SA98606','SF926495450','NULL',TRUE);
INSERT INTO dailyTask
VALUES ('DT1879514975','guard',20260202121243,'SA93194','SF205103753','NULL',TRUE);
INSERT INTO dailyTask
VALUES ('DT1883290652','clean',20480525064028,'SA53789','SF1248586464','NULL',FALSE);
INSERT INTO dailyTask
VALUES ('DT189254063','guard',20931207230658,'SA98606','SF1160017263','NULL',FALSE);
INSERT INTO dailyTask
VALUES ('DT1895884831','guard',20740407104314,'SA53789','SF1494346797','NULL',TRUE);
INSERT INTO dailyTask
VALUES ('DT1908449154','clean',2020411104050,'SA44512','SF1737007784','NULL',TRUE);
INSERT INTO dailyTask
VALUES ('DT1910063881','guard',20421026084849,'SA90973','SF591746655','NULL',FALSE);
INSERT INTO dailyTask
VALUES ('DT1910346719','overhaul',20560518165858,'SA53789','SF997128370','NULL',FALSE);
INSERT INTO dailyTask
VALUES ('DT1914168563','clean',2021017072120,'SA2208','SF797671113','NULL',TRUE);
INSERT INTO dailyTask
VALUES ('DT191541614','clean',20970209185223,'SA17950','SF609151569','NULL',FALSE);
INSERT INTO dailyTask
VALUES ('DT1921297779','guard',20930115094432,'SA24986','SF591746655','NULL',FALSE);
INSERT INTO dailyTask
VALUES ('DT1921484078','overhaul',20550616220957,'SA90973','SF533615961','NULL',TRUE);
INSERT INTO dailyTask
VALUES ('DT1926701510','overhaul',20960826050403,'SA65715','SF1553591775','NULL',TRUE);
INSERT INTO dailyTask
VALUES ('DT1934901203','clean',2060201081331,'SA98606','SF64852531','NULL',TRUE);
INSERT INTO dailyTask
VALUES ('DT1939084882','clean',20450919163555,'SA82267','SF1357729340','NULL',FALSE);
INSERT INTO dailyTask
VALUES ('DT1944658750','guard',20660616162121,'SA14542','SF1248586464','NULL',FALSE);
INSERT INTO dailyTask
VALUES ('DT1946349981','guard',20670407231559,'SA75872','SF2110782199','NULL',FALSE);
INSERT INTO dailyTask
VALUES ('DT1950714857','clean',20481110075916,'SA75872','SF1200305366','NULL',TRUE);
INSERT INTO dailyTask
VALUES ('DT1954645981','overhaul',20880507171749,'SA84369','SF797671113','NULL',TRUE);
INSERT INTO dailyTask
VALUES ('DT1955306156','overhaul',20650814195239,'SA84369','SF591746655','NULL',FALSE);
INSERT INTO dailyTask
VALUES ('DT1955872859','clean',20120108194229,'SA31031','SF665365514','NULL',FALSE);
INSERT INTO dailyTask
VALUES ('DT1957762437','guard',20420811132135,'SA75872','SF611175310','NULL',TRUE);
INSERT INTO dailyTask
VALUES ('DT1965036299','overhaul',20820318084344,'SA93194','SF1553591775','NULL',FALSE);
INSERT INTO dailyTask
VALUES ('DT1969317945','overhaul',20930505074127,'SA56515','SF1737007784','NULL',FALSE);
INSERT INTO dailyTask
VALUES ('DT1975123571','guard',20330130015606,'SA17950','SF1357729340','NULL',TRUE);
INSERT INTO dailyTask
VALUES ('DT1976593616','clean',20960105190423,'SA53789','SF1638761958','NULL',TRUE);
INSERT INTO dailyTask
VALUES ('DT1978634203','guard',20330414040728,'SA44512','SF899961553','NULL',FALSE);
INSERT INTO dailyTask
VALUES ('DT1985712769','guard',20390712203615,'SA98606','SF1952294928','NULL',TRUE);
INSERT INTO dailyTask
VALUES ('DT1990079602','overhaul',2031104075131,'SA50741','SF1037720193','NULL',TRUE);
INSERT INTO dailyTask
VALUES ('DT1990342598','clean',20550215032831,'SA14542','SF602757702','NULL',TRUE);
INSERT INTO dailyTask
VALUES ('DT2000946603','overhaul',20161108032800,'SA49771','SF533615961','NULL',FALSE);
INSERT INTO dailyTask
VALUES ('DT2008324540','overhaul',20931224122339,'SA15338','SF850843869','NULL',FALSE);
INSERT INTO dailyTask
VALUES ('DT2010102409','guard',2050729162833,'SA50741','SF609151569','NULL',FALSE);
INSERT INTO dailyTask
VALUES ('DT2011014805','overhaul',20330425191742,'SA29072','SF1160017263','NULL',TRUE);
INSERT INTO dailyTask
VALUES ('DT2018776564','guard',20170421161938,'SA53789','SF926495450','NULL',FALSE);
INSERT INTO dailyTask
VALUES ('DT2021117195','guard',20860308183019,'SA49771','SF2018663870','NULL',FALSE);
INSERT INTO dailyTask
VALUES ('DT2025899473','overhaul',20570607005135,'SA29072','SF797671113','NULL',TRUE);
INSERT INTO dailyTask
VALUES ('DT2026514493','overhaul',20970725143012,'SA2208','SF1737007784','NULL',TRUE);
INSERT INTO dailyTask
VALUES ('DT2028191149','clean',20420906143002,'SA65715','SF1867704366','NULL',TRUE);
INSERT INTO dailyTask
VALUES ('DT2028344389','guard',20440201105549,'SA17950','SF1952294928','NULL',FALSE);
INSERT INTO dailyTask
VALUES ('DT2028877952','overhaul',20810919155411,'SA65715','SF665365514','NULL',FALSE);
INSERT INTO dailyTask
VALUES ('DT2033457057','guard',20980313180817,'SA15338','SF489261328','NULL',FALSE);
INSERT INTO dailyTask
VALUES ('DT2035797498','guard',20800130224054,'SA82267','SF1867704366','NULL',FALSE);
INSERT INTO dailyTask
VALUES ('DT20368119','overhaul',20800121234053,'SA49771','SF926495450','NULL',FALSE);
INSERT INTO dailyTask
VALUES ('DT2038840643','guard',20700503035150,'SA56515','SF609151569','NULL',TRUE);
INSERT INTO dailyTask
VALUES ('DT2042387255','clean',20521227101320,'SA44512','SF1929985611','NULL',TRUE);
INSERT INTO dailyTask
VALUES ('DT2046040135','clean',20350326044124,'SA24986','SF868334615','NULL',TRUE);
INSERT INTO dailyTask
VALUES ('DT2050226756','clean',20121221062907,'SA82267','SF818212383','NULL',FALSE);
INSERT INTO dailyTask
VALUES ('DT2058027459','overhaul',20491121111422,'SA84369','SF2110782199','NULL',FALSE);
INSERT INTO dailyTask
VALUES ('DT2058986887','guard',20221205141845,'SA29072','SF926495450','NULL',TRUE);
INSERT INTO dailyTask
VALUES ('DT2061045671','guard',20160626070254,'SA49771','SF665365514','NULL',TRUE);
INSERT INTO dailyTask
VALUES ('DT2062071108','overhaul',20840827125751,'SA98606','SF64852531','NULL',FALSE);
INSERT INTO dailyTask
VALUES ('DT2062289253','clean',20670213212610,'SA50741','SF1865471617','NULL',FALSE);
INSERT INTO dailyTask
VALUES ('DT2065876654','clean',20250330021742,'SA31031','SF205103753','NULL',FALSE);
INSERT INTO dailyTask
VALUES ('DT2069650197','overhaul',20661110014647,'SA17950','SF300255333','NULL',FALSE);
INSERT INTO dailyTask
VALUES ('DT2069765668','guard',20830323020833,'SA17950','SF665365514','NULL',TRUE);
INSERT INTO dailyTask
VALUES ('DT2070102147','overhaul',20960801103900,'SA56515','SF205103753','NULL',FALSE);
INSERT INTO dailyTask
VALUES ('DT2077380406','clean',20470725064950,'SA82267','SF868334615','NULL',FALSE);
INSERT INTO dailyTask
VALUES ('DT2077752879','overhaul',20881006071915,'SA14542','SF955874934','NULL',FALSE);
INSERT INTO dailyTask
VALUES ('DT2087124681','guard',20120104105413,'SA84369','SF1342709477','NULL',TRUE);
INSERT INTO dailyTask
VALUES ('DT210068789','clean',20660529154701,'SA53789','SF300255333','NULL',FALSE);
INSERT INTO dailyTask
VALUES ('DT2106749149','overhaul',20190914072134,'SA17950','SF611175310','NULL',FALSE);
INSERT INTO dailyTask
VALUES ('DT2107433313','guard',20311113143807,'SA93194','SF39300910','NULL',TRUE);
INSERT INTO dailyTask
VALUES ('DT2112739695','clean',2081220211951,'SA65715','SF1638761958','NULL',TRUE);
INSERT INTO dailyTask
VALUES ('DT2121806388','overhaul',20831212051448,'SA84369','SF489261328','NULL',FALSE);
INSERT INTO dailyTask
VALUES ('DT2126006281','clean',20670709202023,'SA93194','SF1194455331','NULL',FALSE);
INSERT INTO dailyTask
VALUES ('DT2127551649','clean',2051216190523,'SA24986','SF195784358','NULL',TRUE);
INSERT INTO dailyTask
VALUES ('DT2135268549','guard',20150128174731,'SA93194','SF1553591775','NULL',FALSE);
INSERT INTO dailyTask
VALUES ('DT2137745779','clean',20160911233511,'SA82267','SF1865471617','NULL',TRUE);
INSERT INTO dailyTask
VALUES ('DT21378183','guard',20390831151326,'SA82267','SF868334615','NULL',TRUE);
INSERT INTO dailyTask
VALUES ('DT214070080','overhaul',20450203013351,'SA82267','SF868334615','NULL',TRUE);
INSERT INTO dailyTask
VALUES ('DT2141640208','guard',20800414165935,'SA24986','SF1521338764','NULL',FALSE);
INSERT INTO dailyTask
VALUES ('DT220801615','clean',20730823020124,'SA75872','SF39300910','NULL',TRUE);
INSERT INTO dailyTask
VALUES ('DT227540087','overhaul',20340425021549,'SA98606','SF70906444','NULL',FALSE);
INSERT INTO dailyTask
VALUES ('DT234888256','clean',20250920192848,'SA75872','SF1867704366','NULL',TRUE);
INSERT INTO dailyTask
VALUES ('DT237986988','clean',20740505071227,'SA31031','SF1929985611','NULL',TRUE);
INSERT INTO dailyTask
VALUES ('DT241306931','clean',20821202185443,'SA49771','SF300255333','NULL',TRUE);
INSERT INTO dailyTask
VALUES ('DT241345964','guard',20810917182549,'SA56515','SF1342709477','NULL',FALSE);
INSERT INTO dailyTask
VALUES ('DT243347532','guard',20190405215503,'SA84369','SF997128370','NULL',FALSE);
INSERT INTO dailyTask
VALUES ('DT24336874','guard',2070311004148,'SA17950','SF1867704366','NULL',FALSE);
INSERT INTO dailyTask
VALUES ('DT245284731','overhaul',2020406105346,'SA49771','SF665365514','NULL',TRUE);
INSERT INTO dailyTask
VALUES ('DT25245225','clean',20100120170738,'SA84369','SF1200305366','NULL',TRUE);
INSERT INTO dailyTask
VALUES ('DT252869261','clean',2091130181933,'SA49771','SF489261328','NULL',TRUE);
INSERT INTO dailyTask
VALUES ('DT254400617','overhaul',20550824142412,'SA82267','SF1037720193','NULL',FALSE);
INSERT INTO dailyTask
VALUES ('DT255318403','clean',20690407061002,'SA82267','SF64852531','NULL',FALSE);
INSERT INTO dailyTask
VALUES ('DT256628114','clean',20660629082710,'SA50741','SF1194455331','NULL',TRUE);
INSERT INTO dailyTask
VALUES ('DT259234552','guard',20351228135530,'SA17950','SF1160017263','NULL',TRUE);
INSERT INTO dailyTask
VALUES ('DT271525915','guard',20860801030704,'SA31031','SF1202279488','NULL',FALSE);
INSERT INTO dailyTask
VALUES ('DT273697800','clean',20451010100749,'SA90973','SF818212383','NULL',TRUE);
INSERT INTO dailyTask
VALUES ('DT275367637','overhaul',2060126105430,'SA75872','SF1867704366','NULL',TRUE);
INSERT INTO dailyTask
VALUES ('DT276615774','clean',20270914111859,'SA98606','SF609151569','NULL',FALSE);
INSERT INTO dailyTask
VALUES ('DT278763871','overhaul',20170902030850,'SA31031','SF489261328','NULL',TRUE);
INSERT INTO dailyTask
VALUES ('DT285566779','clean',2010421140016,'SA56515','SF926495450','NULL',TRUE);
INSERT INTO dailyTask
VALUES ('DT288196725','clean',20100527134524,'SA90973','SF1494346797','NULL',TRUE);
INSERT INTO dailyTask
VALUES ('DT293782350','clean',20910306182242,'SA24986','SF1929985611','NULL',FALSE);
INSERT INTO dailyTask
VALUES ('DT304559510','overhaul',20591122114739,'SA50741','SF1634053800','NULL',FALSE);
INSERT INTO dailyTask
VALUES ('DT308052830','guard',20840130200029,'SA98606','SF205103753','NULL',TRUE);
INSERT INTO dailyTask
VALUES ('DT308937443','guard',2081019065329,'SA93194','SF1865471617','NULL',TRUE);
INSERT INTO dailyTask
VALUES ('DT312589419','guard',20831212224352,'SA44512','SF1160017263','NULL',FALSE);
INSERT INTO dailyTask
VALUES ('DT315644601','clean',20710118033917,'SA98606','SF899961553','NULL',FALSE);
INSERT INTO dailyTask
VALUES ('DT31762850','guard',20480521101609,'SA54941','SF467523236','NULL',TRUE);
INSERT INTO dailyTask
VALUES ('DT318671035','guard',20290911132556,'SA56515','SF899961553','NULL',TRUE);
INSERT INTO dailyTask
VALUES ('DT320950256','guard',20110111110710,'SA2208','SF850843869','NULL',FALSE);
INSERT INTO dailyTask
VALUES ('DT324264579','clean',20170223234628,'SA14542','SF1675159789','NULL',TRUE);
INSERT INTO dailyTask
VALUES ('DT328765421','clean',20620114130901,'SA14542','SF611175310','NULL',TRUE);
INSERT INTO dailyTask
VALUES ('DT330647942','guard',2051121033933,'SA98606','SF64852531','NULL',TRUE);
INSERT INTO dailyTask
VALUES ('DT331176619','clean',20370522202524,'SA56515','SF1867704366','NULL',TRUE);
INSERT INTO dailyTask
VALUES ('DT335275267','overhaul',20240515183548,'SA82267','SF64852531','NULL',FALSE);
INSERT INTO dailyTask
VALUES ('DT34326960','overhaul',20370914091619,'SA90973','SF1952294928','NULL',FALSE);
INSERT INTO dailyTask
VALUES ('DT346037651','guard',20290101165435,'SA14542','SF602757702','NULL',FALSE);
INSERT INTO dailyTask
VALUES ('DT368839325','clean',20671009072144,'SA49771','SF997128370','NULL',FALSE);
INSERT INTO dailyTask
VALUES ('DT369755634','guard',20490105042358,'SA84369','SF2018663870','NULL',FALSE);
INSERT INTO dailyTask
VALUES ('DT375030535','overhaul',20191101055232,'SA15338','SF489261328','NULL',FALSE);
INSERT INTO dailyTask
VALUES ('DT375595421','overhaul',20241124062224,'SA15338','SF489261328','NULL',FALSE);
INSERT INTO dailyTask
VALUES ('DT389852524','overhaul',20971226080509,'SA84369','SF609151569','NULL',TRUE);
INSERT INTO dailyTask
VALUES ('DT39063216','guard',20681019000703,'SA75872','SF1357729340','NULL',TRUE);
INSERT INTO dailyTask
VALUES ('DT403508487','clean',20370330211930,'SA31031','SF1202279488','NULL',FALSE);
INSERT INTO dailyTask
VALUES ('DT403823767','clean',20491119063745,'SA14542','SF300255333','NULL',FALSE);
INSERT INTO dailyTask
VALUES ('DT409282556','overhaul',20700127060315,'SA2208','SF1521338764','NULL',TRUE);
INSERT INTO dailyTask
VALUES ('DT421797351','guard',20950530221558,'SA50741','SF70906444','NULL',TRUE);
INSERT INTO dailyTask
VALUES ('DT421984105','overhaul',20650512231058,'SA50741','SF926495450','NULL',TRUE);
INSERT INTO dailyTask
VALUES ('DT422575507','guard',20380220172711,'SA24986','SF926495450','NULL',TRUE);
INSERT INTO dailyTask
VALUES ('DT423881762','clean',20720905112924,'SA50741','SF64852531','NULL',FALSE);
INSERT INTO dailyTask
VALUES ('DT440030223','clean',20270316023340,'SA50741','SF39300910','NULL',TRUE);
INSERT INTO dailyTask
VALUES ('DT450201476','guard',2050827135643,'SA14542','SF602757702','NULL',TRUE);
INSERT INTO dailyTask
VALUES ('DT459642751','clean',20350717172732,'SA17950','SF1983128491','NULL',TRUE);
INSERT INTO dailyTask
VALUES ('DT460254378','guard',20220330225419,'SA49771','SF926495450','NULL',FALSE);
INSERT INTO dailyTask
VALUES ('DT464072515','guard',20690802092352,'SA93194','SF1929985611','NULL',TRUE);
INSERT INTO dailyTask
VALUES ('DT469084281','guard',20790108004951,'SA15338','SF1952294928','NULL',FALSE);
INSERT INTO dailyTask
VALUES ('DT469261702','clean',20730203115227,'SA65715','SF1248586464','NULL',FALSE);
INSERT INTO dailyTask
VALUES ('DT479169056','clean',20960813194958,'SA53789','SF1248586464','NULL',FALSE);
INSERT INTO dailyTask
VALUES ('DT487042630','guard',20251110094353,'SA90973','SF1675159789','NULL',TRUE);
INSERT INTO dailyTask
VALUES ('DT487401521','clean',20461228231420,'SA84369','SF1521338764','NULL',TRUE);
INSERT INTO dailyTask
VALUES ('DT489179686','guard',20330701184448,'SA53789','SF300255333','NULL',TRUE);
INSERT INTO dailyTask
VALUES ('DT492244574','guard',20390126183505,'SA53789','SF792368880','NULL',TRUE);
INSERT INTO dailyTask
VALUES ('DT495460779','clean',20380302121516,'SA75872','SF591746655','NULL',TRUE);
INSERT INTO dailyTask
VALUES ('DT497466059','overhaul',20670910120407,'SA17950','SF665365514','NULL',FALSE);
INSERT INTO dailyTask
VALUES ('DT498125520','overhaul',20100429104359,'SA56515','SF20363079','NULL',FALSE);
INSERT INTO dailyTask
VALUES ('DT501630676','overhaul',20831129212456,'SA49771','SF1737007784','NULL',TRUE);
INSERT INTO dailyTask
VALUES ('DT502938388','guard',20260719073445,'SA31031','SF1948492940','NULL',TRUE);
INSERT INTO dailyTask
VALUES ('DT506480773','overhaul',20750211110924,'SA56515','SF1252914741','NULL',FALSE);
INSERT INTO dailyTask
VALUES ('DT509398225','guard',20390123212943,'SA17950','SF205103753','NULL',TRUE);
INSERT INTO dailyTask
VALUES ('DT509412591','clean',2060816034734,'SA31031','SF868334615','NULL',TRUE);
INSERT INTO dailyTask
VALUES ('DT516383029','guard',20740914191239,'SA54941','SF850843869','NULL',TRUE);
INSERT INTO dailyTask
VALUES ('DT521692766','overhaul',20990929111139,'SA44512','SF1248586464','NULL',FALSE);
INSERT INTO dailyTask
VALUES ('DT522257321','clean',20721126020951,'SA75872','SF1202279488','NULL',TRUE);
INSERT INTO dailyTask
VALUES ('DT523815360','overhaul',20801027114704,'SA50741','SF1357729340','NULL',TRUE);
INSERT INTO dailyTask
VALUES ('DT529481756','guard',20560524113328,'SA54941','SF467523236','NULL',TRUE);
INSERT INTO dailyTask
VALUES ('DT535051997','clean',20830701192947,'SA24986','SF665365514','NULL',TRUE);
INSERT INTO dailyTask
VALUES ('DT535106512','guard',20970713212524,'SA75872','SF868334615','NULL',TRUE);
INSERT INTO dailyTask
VALUES ('DT535935033','clean',20860531164907,'SA56515','SF602757702','NULL',FALSE);
INSERT INTO dailyTask
VALUES ('DT536188831','guard',20630726201557,'SA75872','SF1202279488','NULL',TRUE);
INSERT INTO dailyTask
VALUES ('DT536514680','clean',20380329105638,'SA54941','SF1160017263','NULL',TRUE);
INSERT INTO dailyTask
VALUES ('DT538442431','clean',20590112095702,'SA14542','SF1160017263','NULL',TRUE);
INSERT INTO dailyTask
VALUES ('DT539652300','overhaul',20190328054924,'SA15338','SF850843869','NULL',FALSE);
INSERT INTO dailyTask
VALUES ('DT548177029','guard',20870105042243,'SA17950','SF1948492940','NULL',FALSE);
INSERT INTO dailyTask
VALUES ('DT561053486','guard',20811001233216,'SA29072','SF195784358','NULL',TRUE);
INSERT INTO dailyTask
VALUES ('DT563122536','overhaul',20570306131959,'SA75872','SF39300910','NULL',TRUE);
INSERT INTO dailyTask
VALUES ('DT563546845','overhaul',20740407125458,'SA98606','SF1660893152','NULL',TRUE);
INSERT INTO dailyTask
VALUES ('DT567343943','guard',20571002085700,'SA50741','SF39300910','NULL',FALSE);
INSERT INTO dailyTask
VALUES ('DT573568489','guard',20381027024249,'SA50741','SF1202279488','NULL',FALSE);
INSERT INTO dailyTask
VALUES ('DT576252360','guard',20580505040754,'SA65715','SF850843869','NULL',FALSE);
INSERT INTO dailyTask
VALUES ('DT58256907','clean',20230605054712,'SA56515','SF818212383','NULL',FALSE);
INSERT INTO dailyTask
VALUES ('DT58673105','overhaul',20400723144859,'SA44512','SF1494346797','NULL',FALSE);
INSERT INTO dailyTask
VALUES ('DT587263865','guard',20810625231523,'SA15338','SF792368880','NULL',FALSE);
INSERT INTO dailyTask
VALUES ('DT588813048','clean',20160626080208,'SA14542','SF1037720193','NULL',FALSE);
INSERT INTO dailyTask
VALUES ('DT604166628','clean',20650330154819,'SA29072','SF2110782199','NULL',TRUE);
INSERT INTO dailyTask
VALUES ('DT604796900','overhaul',20901020235204,'SA75872','SF39300910','NULL',FALSE);
INSERT INTO dailyTask
VALUES ('DT605247278','overhaul',20980823120650,'SA29072','SF1737007784','NULL',FALSE);
INSERT INTO dailyTask
VALUES ('DT606984889','clean',20170808015116,'SA14542','SF533615961','NULL',FALSE);
INSERT INTO dailyTask
VALUES ('DT607415840','clean',20871213165000,'SA65715','SF1634053800','NULL',FALSE);
INSERT INTO dailyTask
VALUES ('DT613258548','clean',20110223110838,'SA75872','SF1160017263','NULL',FALSE);
INSERT INTO dailyTask
VALUES ('DT6153701','guard',20680714232315,'SA90973','SF1194455331','NULL',TRUE);
INSERT INTO dailyTask
VALUES ('DT632720517','overhaul',20440516021306,'SA56515','SF899961553','NULL',FALSE);
INSERT INTO dailyTask
VALUES ('DT636292657','overhaul',20760604140812,'SA98606','SF1357729340','NULL',FALSE);
INSERT INTO dailyTask
VALUES ('DT650515516','guard',20250912021947,'SA15338','SF665365514','NULL',FALSE);
INSERT INTO dailyTask
VALUES ('DT651474642','guard',20171112073202,'SA29072','SF467523236','NULL',FALSE);
INSERT INTO dailyTask
VALUES ('DT65181307','guard',20891206013746,'SA24986','SF926495450','NULL',FALSE);
INSERT INTO dailyTask
VALUES ('DT65280801','clean',20810406170832,'SA50741','SF195784358','NULL',FALSE);
INSERT INTO dailyTask
VALUES ('DT658295840','clean',20941007133330,'SA82267','SF39300910','NULL',FALSE);
INSERT INTO dailyTask
VALUES ('DT66385201','guard',20260315004230,'SA31031','SF1952294928','NULL',TRUE);
INSERT INTO dailyTask
VALUES ('DT673319082','overhaul',2011223011258,'SA14542','SF1921617049','NULL',FALSE);
INSERT INTO dailyTask
VALUES ('DT673352632','guard',20470613152214,'SA17950','SF1867704366','NULL',TRUE);
INSERT INTO dailyTask
VALUES ('DT691268112','guard',20760417181745,'SA75872','SF2110782199','NULL',FALSE);
INSERT INTO dailyTask
VALUES ('DT691975406','guard',20100303032739,'SA65715','SF1357729340','NULL',FALSE);
INSERT INTO dailyTask
VALUES ('DT697154417','guard',20860901162035,'SA65715','SF1494346797','NULL',TRUE);
INSERT INTO dailyTask
VALUES ('DT699348491','guard',20951008125626,'SA93194','SF70906444','NULL',TRUE);
INSERT INTO dailyTask
VALUES ('DT704515031','overhaul',2010609193507,'SA31031','SF2018663870','NULL',TRUE);
INSERT INTO dailyTask
VALUES ('DT706656073','overhaul',20930821000347,'SA31031','SF1553591775','NULL',FALSE);
INSERT INTO dailyTask
VALUES ('DT708975855','clean',20960808212205,'SA15338','SF1952294928','NULL',TRUE);
INSERT INTO dailyTask
VALUES ('DT711485715','overhaul',2040911074503,'SA44512','SF611175310','NULL',TRUE);
INSERT INTO dailyTask
VALUES ('DT71228742','clean',2090103083847,'SA17950','SF467523236','NULL',TRUE);
INSERT INTO dailyTask
VALUES ('DT717037798','clean',20510219053232,'SA44512','SF611175310','NULL',FALSE);
INSERT INTO dailyTask
VALUES ('DT719409393','overhaul',20180227220744,'SA2208','SF195784358','NULL',TRUE);
INSERT INTO dailyTask
VALUES ('DT721953345','overhaul',20950113000627,'SA44512','SF1867704366','NULL',TRUE);
INSERT INTO dailyTask
VALUES ('DT723835488','guard',20820620153339,'SA65715','SF665365514','NULL',FALSE);
INSERT INTO dailyTask
VALUES ('DT726011023','overhaul',20850227205347,'SA93194','SF1194455331','NULL',TRUE);
INSERT INTO dailyTask
VALUES ('DT73278945','overhaul',2000105180322,'SA15338','SF1521338764','NULL',FALSE);
INSERT INTO dailyTask
VALUES ('DT733077866','guard',20341110002649,'SA17950','SF20363079','NULL',TRUE);
INSERT INTO dailyTask
VALUES ('DT733102836','overhaul',20661206162821,'SA50741','SF997128370','NULL',FALSE);
INSERT INTO dailyTask
VALUES ('DT736081655','overhaul',20750727095313,'SA75872','SF1983128491','NULL',FALSE);
INSERT INTO dailyTask
VALUES ('DT742544352','clean',20581221115034,'SA49771','SF797671113','NULL',FALSE);
INSERT INTO dailyTask
VALUES ('DT743350716','clean',20850411214704,'SA98606','SF1865471617','NULL',TRUE);
INSERT INTO dailyTask
VALUES ('DT748630821','guard',2001016042406,'SA82267','SF1948492940','NULL',TRUE);
INSERT INTO dailyTask
VALUES ('DT751465509','guard',20121015162405,'SA17950','SF1357729340','NULL',FALSE);
INSERT INTO dailyTask
VALUES ('DT754200917','overhaul',20160709123153,'SA24986','SF1660893152','NULL',FALSE);
INSERT INTO dailyTask
VALUES ('DT758215842','guard',20640226225739,'SA24986','SF602757702','NULL',FALSE);
INSERT INTO dailyTask
VALUES ('DT758363603','overhaul',20970311111247,'SA56515','SF1194455331','NULL',FALSE);
INSERT INTO dailyTask
VALUES ('DT761732736','clean',20871223030823,'SA93194','SF955874934','NULL',FALSE);
INSERT INTO dailyTask
VALUES ('DT769597500','guard',20140904133212,'SA2208','SF1929985611','NULL',TRUE);
INSERT INTO dailyTask
VALUES ('DT769821941','overhaul',20600222165426,'SA44512','SF1200305366','NULL',TRUE);
INSERT INTO dailyTask
VALUES ('DT7714162','clean',20670930010507,'SA98606','SF467523236','NULL',FALSE);
INSERT INTO dailyTask
VALUES ('DT771537197','guard',20830615200046,'SA50741','SF1357729340','NULL',TRUE);
INSERT INTO dailyTask
VALUES ('DT772088206','guard',20250626023640,'SA44512','SF1921617049','NULL',FALSE);
INSERT INTO dailyTask
VALUES ('DT780735541','guard',20521017221555,'SA2208','SF1638761958','NULL',TRUE);
INSERT INTO dailyTask
VALUES ('DT781397049','guard',20121017102849,'SA49771','SF1553591775','NULL',TRUE);
INSERT INTO dailyTask
VALUES ('DT794592803','overhaul',20410520091431,'SA54941','SF195784358','NULL',FALSE);
INSERT INTO dailyTask
VALUES ('DT798496142','guard',20900716075146,'SA50741','SF665365514','NULL',TRUE);
INSERT INTO dailyTask
VALUES ('DT79869627','overhaul',20870530213753,'SA17950','SF64852531','NULL',TRUE);
INSERT INTO dailyTask
VALUES ('DT800712412','guard',20420919092922,'SA54941','SF1202279488','NULL',TRUE);
INSERT INTO dailyTask
VALUES ('DT800924267','overhaul',20270622213013,'SA17950','SF1948492940','NULL',FALSE);
INSERT INTO dailyTask
VALUES ('DT802901914','overhaul',20400204140522,'SA56515','SF665365514','NULL',FALSE);
INSERT INTO dailyTask
VALUES ('DT80527405','clean',20681015123116,'SA90973','SF1202279488','NULL',FALSE);
INSERT INTO dailyTask
VALUES ('DT813128758','overhaul',20211015144634,'SA50741','SF818212383','NULL',TRUE);
INSERT INTO dailyTask
VALUES ('DT8186561','overhaul',20780126014608,'SA93194','SF797671113','NULL',TRUE);
INSERT INTO dailyTask
VALUES ('DT8192077','guard',20861231170015,'SA54941','SF489261328','NULL',TRUE);
INSERT INTO dailyTask
VALUES ('DT820445874','overhaul',20320924192832,'SA75872','SF205103753','NULL',FALSE);
INSERT INTO dailyTask
VALUES ('DT822956584','guard',20801007201045,'SA75872','SF70906444','NULL',TRUE);
INSERT INTO dailyTask
VALUES ('DT824219582','overhaul',2000925194012,'SA90973','SF1037720193','NULL',FALSE);
INSERT INTO dailyTask
VALUES ('DT833694920','clean',2061125030146,'SA24986','SF489261328','NULL',TRUE);
INSERT INTO dailyTask
VALUES ('DT836081900','clean',20611025164143,'SA2208','SF64852531','NULL',FALSE);
INSERT INTO dailyTask
VALUES ('DT840725835','overhaul',20220706144218,'SA53789','SF1200305366','NULL',TRUE);
INSERT INTO dailyTask
VALUES ('DT841122051','overhaul',20900713212524,'SA49771','SF1248586464','NULL',TRUE);
INSERT INTO dailyTask
VALUES ('DT841983116','guard',20760324220354,'SA56515','SF926495450','NULL',FALSE);
INSERT INTO dailyTask
VALUES ('DT85007016','guard',2050813190449,'SA50741','SF1867704366','NULL',FALSE);
INSERT INTO dailyTask
VALUES ('DT851570205','guard',2091207040521,'SA50741','SF1160017263','NULL',FALSE);
INSERT INTO dailyTask
VALUES ('DT853533391','overhaul',20840818191924,'SA82267','SF70906444','NULL',FALSE);
INSERT INTO dailyTask
VALUES ('DT859278026','guard',20821116124911,'SA84369','SF1929985611','NULL',FALSE);
INSERT INTO dailyTask
VALUES ('DT863302052','overhaul',20910420035958,'SA17950','SF1948492940','NULL',FALSE);
INSERT INTO dailyTask
VALUES ('DT864507473','guard',20480315031332,'SA29072','SF591746655','NULL',FALSE);
INSERT INTO dailyTask
VALUES ('DT86521034','guard',20990705181230,'SA84369','SF1194455331','NULL',TRUE);
INSERT INTO dailyTask
VALUES ('DT868150876','clean',20651018005014,'SA17950','SF955874934','NULL',FALSE);
INSERT INTO dailyTask
VALUES ('DT870016965','guard',20390916053730,'SA54941','SF609151569','NULL',FALSE);
INSERT INTO dailyTask
VALUES ('DT875546295','clean',20270419051404,'SA53789','SF300255333','NULL',FALSE);
INSERT INTO dailyTask
VALUES ('DT877076160','overhaul',20391130233257,'SA93194','SF300255333','NULL',TRUE);
INSERT INTO dailyTask
VALUES ('DT878076509','guard',20711031110843,'SA65715','SF609151569','NULL',TRUE);
INSERT INTO dailyTask
VALUES ('DT884299805','overhaul',20290817005052,'SA14542','SF1737007784','NULL',TRUE);
INSERT INTO dailyTask
VALUES ('DT890342536','overhaul',20870822062633,'SA53789','SF1252914741','NULL',FALSE);
INSERT INTO dailyTask
VALUES ('DT892043709','overhaul',20430919143159,'SA24986','SF1737007784','NULL',FALSE);
INSERT INTO dailyTask
VALUES ('DT893716997','overhaul',20720816170619,'SA54941','SF1357729340','NULL',TRUE);
INSERT INTO dailyTask
VALUES ('DT899750249','guard',2021207000754,'SA49771','SF1952294928','NULL',TRUE);
INSERT INTO dailyTask
VALUES ('DT89999965','overhaul',20881212062215,'SA82267','SF1160017263','NULL',FALSE);
INSERT INTO dailyTask
VALUES ('DT900948174','guard',20970528165218,'SA29072','SF2018663870','NULL',FALSE);
INSERT INTO dailyTask
VALUES ('DT913684113','overhaul',20620526163509,'SA2208','SF1675159789','NULL',FALSE);
INSERT INTO dailyTask
VALUES ('DT915451347','overhaul',20380319004452,'SA14542','SF1494346797','NULL',FALSE);
INSERT INTO dailyTask
VALUES ('DT918798035','overhaul',20240210182257,'SA53789','SF1553591775','NULL',FALSE);
INSERT INTO dailyTask
VALUES ('DT924801550','clean',20180728062738,'SA54941','SF609151569','NULL',FALSE);
INSERT INTO dailyTask
VALUES ('DT925427049','clean',20221217232620,'SA53789','SF1952294928','NULL',FALSE);
INSERT INTO dailyTask
VALUES ('DT925833780','guard',20540412085411,'SA31031','SF1553591775','NULL',TRUE);
INSERT INTO dailyTask
VALUES ('DT929566950','guard',20221221002339,'SA2208','SF20363079','NULL',FALSE);
INSERT INTO dailyTask
VALUES ('DT939219526','guard',2001227205212,'SA15338','SF533615961','NULL',TRUE);
INSERT INTO dailyTask
VALUES ('DT940013093','guard',20870505162420,'SA2208','SF1160017263','NULL',TRUE);
INSERT INTO dailyTask
VALUES ('DT944238648','overhaul',20891220024525,'SA44512','SF665365514','NULL',TRUE);
INSERT INTO dailyTask
VALUES ('DT944981007','clean',20580317102753,'SA44512','SF1634053800','NULL',FALSE);
INSERT INTO dailyTask
VALUES ('DT945364571','clean',20500329204804,'SA75872','SF1342709477','NULL',TRUE);
INSERT INTO dailyTask
VALUES ('DT949755443','guard',20750614212427,'SA84369','SF1248586464','NULL',TRUE);
INSERT INTO dailyTask
VALUES ('DT951318751','clean',20630912201359,'SA17950','SF1037720193','NULL',TRUE);
INSERT INTO dailyTask
VALUES ('DT951890770','overhaul',20790202053514,'SA17950','SF1675159789','NULL',TRUE);
INSERT INTO dailyTask
VALUES ('DT955318424','overhaul',20320419121757,'SA31031','SF868334615','NULL',TRUE);
INSERT INTO dailyTask
VALUES ('DT973311832','clean',2020804184444,'SA14542','SF1952294928','NULL',FALSE);
INSERT INTO dailyTask
VALUES ('DT974353997','overhaul',20590814214042,'SA90973','SF1660893152','NULL',FALSE);
INSERT INTO dailyTask
VALUES ('DT977516835','clean',2060928152454,'SA29072','SF1865471617','NULL',TRUE);
INSERT INTO dailyTask
VALUES ('DT993075415','clean',20661022004047,'SA98606','SF1357729340','NULL',TRUE);
INSERT INTO dailyTask
VALUES ('DT995277456','clean',20301201160644,'SA44512','SF1160017263','NULL',FALSE);
INSERT INTO dailyTask
VALUES ('DT996277321','overhaul',2010315141953,'SA49771','SF609151569','NULL',FALSE);
INSERT INTO dailyTask
VALUES ('DT99642471','guard',20681014075629,'SA56515','SF1342709477','NULL',FALSE);
INSERT INTO dailyTask
VALUES ('DT999386192','clean',20200902161948,'SA82267','SF467523236','NULL',FALSE);
INSERT INTO buildingEntranceRecord
VALUES ('BER1000312531','P718714729','B33484',20810906120520,'key');
INSERT INTO buildingEntranceRecord
VALUES ('BER1005853019','P2002403402','B86866',20591124175724,'key');
INSERT INTO buildingEntranceRecord
VALUES ('BER1013214254','P908816450','B19594',20691020125050,'key');
INSERT INTO buildingEntranceRecord
VALUES ('BER1013627604','P1166631631','B14767',20840430073217,'card');
INSERT INTO buildingEntranceRecord
VALUES ('BER1014178111','P2058506005','B67457',20530114220559,'card');
INSERT INTO buildingEntranceRecord
VALUES ('BER1015738206','P1613264499','B26017',20560130143144,'key');
INSERT INTO buildingEntranceRecord
VALUES ('BER1025373747','P771116236','B6447',20360913222307,'key');
INSERT INTO buildingEntranceRecord
VALUES ('BER1027472596','P1276686327','B32019',20660130214543,'key');
INSERT INTO buildingEntranceRecord
VALUES ('BER1032981315','P1539243148','B44901',20101203233457,'key');
INSERT INTO buildingEntranceRecord
VALUES ('BER1038745952','P1990419575','B86866',20550811085123,'card');
INSERT INTO buildingEntranceRecord
VALUES ('BER1046129580','P908816450','B40779',20960927051652,'card');
INSERT INTO buildingEntranceRecord
VALUES ('BER1047177088','P1094732583','B62937',20900628045238,'key');
INSERT INTO buildingEntranceRecord
VALUES ('BER1054285103','P1286213191','B83124',20350424212133,'card');
INSERT INTO buildingEntranceRecord
VALUES ('BER1055691590','P131576733','B60603',20150516213506,'key');
INSERT INTO buildingEntranceRecord
VALUES ('BER1057385215','P491574211','B67457',20870706052817,'card');
INSERT INTO buildingEntranceRecord
VALUES ('BER1059158857','P513468295','B9640',20820106085329,'key');
INSERT INTO buildingEntranceRecord
VALUES ('BER1071231590','P1395746428','B40779',20670129091416,'key');
INSERT INTO buildingEntranceRecord
VALUES ('BER1071364851','P271233851','B12140',20890126171412,'key');
INSERT INTO buildingEntranceRecord
VALUES ('BER1075856700','P1314965443','B29296',20560423232940,'key');
INSERT INTO buildingEntranceRecord
VALUES ('BER1078770969','P285564400','B40779',20330910102611,'key');
INSERT INTO buildingEntranceRecord
VALUES ('BER1082663624','P1410393950','B98100',20371119044907,'key');
INSERT INTO buildingEntranceRecord
VALUES ('BER1084991017','P172403617','B77739',20780915154425,'card');
INSERT INTO buildingEntranceRecord
VALUES ('BER1087720675','P2053805379','B12140',20491023122754,'card');
INSERT INTO buildingEntranceRecord
VALUES ('BER1096038124','P745943980','B24524',20670226181316,'key');
INSERT INTO buildingEntranceRecord
VALUES ('BER109765714','P810887188','B98100',20310621151840,'card');
INSERT INTO buildingEntranceRecord
VALUES ('BER11011244','P1753148361','B29296',2020630014401,'key');
INSERT INTO buildingEntranceRecord
VALUES ('BER110133646','P1025808501','B60591',2090121202237,'card');
INSERT INTO buildingEntranceRecord
VALUES ('BER1102177276','P1367506691','B89510',20920403053448,'key');
INSERT INTO buildingEntranceRecord
VALUES ('BER1106844440','P767752524','B24524',20240710175432,'card');
INSERT INTO buildingEntranceRecord
VALUES ('BER1107040581','P2116416310','B9640',20331113033318,'key');
INSERT INTO buildingEntranceRecord
VALUES ('BER111249160','P718948262','B60603',2050913085233,'key');
INSERT INTO buildingEntranceRecord
VALUES ('BER1117254022','P2141467985','B77924',20830408071630,'key');
INSERT INTO buildingEntranceRecord
VALUES ('BER1118626694','P445649350','B69820',20331205100524,'key');
INSERT INTO buildingEntranceRecord
VALUES ('BER1118646137','P1843657583','B14767',20240619130447,'key');
INSERT INTO buildingEntranceRecord
VALUES ('BER1123313444','P810887188','B67457',20750816062228,'card');
INSERT INTO buildingEntranceRecord
VALUES ('BER1126993841','P446483833','B26017',20760714010500,'card');
INSERT INTO buildingEntranceRecord
VALUES ('BER1127116559','P1231502744','B33484',20930707135333,'key');
INSERT INTO buildingEntranceRecord
VALUES ('BER1128032200','P1745637656','B98496',20451105030330,'card');
INSERT INTO buildingEntranceRecord
VALUES ('BER1130647201','P55591355','B20054',20740219144455,'card');
INSERT INTO buildingEntranceRecord
VALUES ('BER1132720638','P1576829435','B92125',20340820211314,'key');
INSERT INTO buildingEntranceRecord
VALUES ('BER1141139487','P1710270021','B92125',2051201090648,'card');
INSERT INTO buildingEntranceRecord
VALUES ('BER1145334901','P1068722247','B18108',20530913232040,'card');
INSERT INTO buildingEntranceRecord
VALUES ('BER1150696561','P860371511','B92125',20680916041141,'key');
INSERT INTO buildingEntranceRecord
VALUES ('BER1153022','P279982828','B40948',20740325082144,'card');
INSERT INTO buildingEntranceRecord
VALUES ('BER1157570075','P1732720708','B63159',20491209031140,'key');
INSERT INTO buildingEntranceRecord
VALUES ('BER1160376042','P1222901132','B40948',2031026183643,'key');
INSERT INTO buildingEntranceRecord
VALUES ('BER1164120843','P601288842','B95796',20761230055307,'key');
INSERT INTO buildingEntranceRecord
VALUES ('BER1164515380','P963869835','B24524',20191129082153,'card');
INSERT INTO buildingEntranceRecord
VALUES ('BER1164518239','P1696498918','B44700',20360704213255,'key');
INSERT INTO buildingEntranceRecord
VALUES ('BER1165979196','P181942936','B40779',20820421043017,'card');
INSERT INTO buildingEntranceRecord
VALUES ('BER1167843462','P318763194','B77739',20770716120705,'card');
INSERT INTO buildingEntranceRecord
VALUES ('BER1172477553','P1222489122','B19745',20380319072706,'key');
INSERT INTO buildingEntranceRecord
VALUES ('BER1183476579','P201615232','B60603',20440610235354,'key');
INSERT INTO buildingEntranceRecord
VALUES ('BER1184434666','P1357121588','B40779',20570310024854,'key');
INSERT INTO buildingEntranceRecord
VALUES ('BER1188167345','P1301811158','B26017',20341207012630,'card');
INSERT INTO buildingEntranceRecord
VALUES ('BER1200816853','P1551529693','B84548',20460209184154,'card');
INSERT INTO buildingEntranceRecord
VALUES ('BER1202178443','P951015337','B32019',20130622020507,'card');
INSERT INTO buildingEntranceRecord
VALUES ('BER1203394933','P1667034823','B33484',20611004163214,'key');
INSERT INTO buildingEntranceRecord
VALUES ('BER1204120456','P1941602177','B26017',20390915035053,'card');
INSERT INTO buildingEntranceRecord
VALUES ('BER120646384','P551057864','B12775',20941025145851,'card');
INSERT INTO buildingEntranceRecord
VALUES ('BER1207075201','P1056907174','B22272',20560327000924,'card');
INSERT INTO buildingEntranceRecord
VALUES ('BER1214690170','P969901139','B83124',2030617131846,'card');
INSERT INTO buildingEntranceRecord
VALUES ('BER1224899174','P706730055','B9590',20630219011801,'key');
INSERT INTO buildingEntranceRecord
VALUES ('BER1225892352','P926653681','B89510',20220205112326,'card');
INSERT INTO buildingEntranceRecord
VALUES ('BER1230655661','P651028701','B6447',20170914100714,'key');
INSERT INTO buildingEntranceRecord
VALUES ('BER1231152766','P554504423','B69820',20461012171154,'key');
INSERT INTO buildingEntranceRecord
VALUES ('BER1236687127','P95355361','B77924',20500802234207,'key');
INSERT INTO buildingEntranceRecord
VALUES ('BER1237341070','P1038029160','B44901',20150203130031,'key');
INSERT INTO buildingEntranceRecord
VALUES ('BER1243191927','P1645575813','B19745',20260718144931,'key');
INSERT INTO buildingEntranceRecord
VALUES ('BER1250488988','P1486105658','B40779',20810624092253,'key');
INSERT INTO buildingEntranceRecord
VALUES ('BER1263412796','P1090498916','B52727',20430316113349,'key');
INSERT INTO buildingEntranceRecord
VALUES ('BER1267189327','P1973983822','B77924',20561209034637,'key');
INSERT INTO buildingEntranceRecord
VALUES ('BER1269532714','P341317883','B73942',20290801000453,'card');
INSERT INTO buildingEntranceRecord
VALUES ('BER1269803588','P1302122797','B29296',20360904001146,'card');
INSERT INTO buildingEntranceRecord
VALUES ('BER1276830851','P461581821','B32019',20550824230849,'card');
INSERT INTO buildingEntranceRecord
VALUES ('BER1289313215','P1270112254','B14767',20550621001339,'key');
INSERT INTO buildingEntranceRecord
VALUES ('BER1289601499','P1166631631','B19594',20570217190902,'card');
INSERT INTO buildingEntranceRecord
VALUES ('BER1292187212','P1841454566','B84548',20751104005954,'card');
INSERT INTO buildingEntranceRecord
VALUES ('BER1294057384','P2040105699','B5798',20960316150445,'key');
INSERT INTO buildingEntranceRecord
VALUES ('BER1301145742','P1389609136','B22272',20490718034717,'key');
INSERT INTO buildingEntranceRecord
VALUES ('BER1302675557','P1439039156','B52727',20110218114817,'card');
INSERT INTO buildingEntranceRecord
VALUES ('BER1302684958','P429329730','B92125',20700823220901,'key');
INSERT INTO buildingEntranceRecord
VALUES ('BER1302939274','P1843657583','B73942',20751012085422,'key');
INSERT INTO buildingEntranceRecord
VALUES ('BER1308648801','P488705401','B64212',20430927184854,'key');
INSERT INTO buildingEntranceRecord
VALUES ('BER131604482','P2134048141','B83124',20780125084013,'card');
INSERT INTO buildingEntranceRecord
VALUES ('BER1318138808','P1698193401','B62937',20951109011400,'key');
INSERT INTO buildingEntranceRecord
VALUES ('BER1319820089','P322271075','B26017',2020910021543,'card');
INSERT INTO buildingEntranceRecord
VALUES ('BER133011009','P371200230','B29296',20111220135231,'key');
INSERT INTO buildingEntranceRecord
VALUES ('BER133160755','P1667698379','B53745',20980322021046,'key');
INSERT INTO buildingEntranceRecord
VALUES ('BER1339981549','P337679392','B53745',20571227000416,'key');
INSERT INTO buildingEntranceRecord
VALUES ('BER1349745505','P1669432978','B29296',2031224154648,'key');
INSERT INTO buildingEntranceRecord
VALUES ('BER1354088982','P1482396070','B5271',20300725225134,'card');
INSERT INTO buildingEntranceRecord
VALUES ('BER1354089153','P823620114','B86866',20490216203652,'key');
INSERT INTO buildingEntranceRecord
VALUES ('BER1355184471','P888164030','B98100',20120615094302,'key');
INSERT INTO buildingEntranceRecord
VALUES ('BER1356915592','P1049772489','B14767',2080108212714,'key');
INSERT INTO buildingEntranceRecord
VALUES ('BER1359257500','P1837276909','B86783',20390528151218,'key');
INSERT INTO buildingEntranceRecord
VALUES ('BER1363266237','P1898283025','B53745',20690624075422,'card');
INSERT INTO buildingEntranceRecord
VALUES ('BER1367587665','P1485555462','B12775',20890329182146,'card');
INSERT INTO buildingEntranceRecord
VALUES ('BER1369287971','P860371511','B40779',20810811195849,'card');
INSERT INTO buildingEntranceRecord
VALUES ('BER1377206275','P50095209','B62937',20450613063258,'key');
INSERT INTO buildingEntranceRecord
VALUES ('BER138167983','P810754032','B24524',2021013183616,'key');
INSERT INTO buildingEntranceRecord
VALUES ('BER1385186983','P1519125754','B22272',20281217154322,'key');
INSERT INTO buildingEntranceRecord
VALUES ('BER1393649651','P50336506','B60603',20960920105733,'key');
INSERT INTO buildingEntranceRecord
VALUES ('BER140439704','P409857422','B14767',2080504215156,'key');
INSERT INTO buildingEntranceRecord
VALUES ('BER1407798020','P1439039156','B26017',20700707221252,'key');
INSERT INTO buildingEntranceRecord
VALUES ('BER1409159500','P1841533495','B60603',2060414215822,'key');
INSERT INTO buildingEntranceRecord
VALUES ('BER141072014','P1672959643','B33484',20650519112515,'card');
INSERT INTO buildingEntranceRecord
VALUES ('BER1416397978','P1399197563','B32019',20991101090301,'key');
INSERT INTO buildingEntranceRecord
VALUES ('BER1419935101','P677446366','B44483',20400118192941,'key');
INSERT INTO buildingEntranceRecord
VALUES ('BER142347666','P1837276909','B33484',20970405220304,'card');
INSERT INTO buildingEntranceRecord
VALUES ('BER1425272285','P1649478768','B19594',20740519031309,'key');
INSERT INTO buildingEntranceRecord
VALUES ('BER1425683636','P1332575091','B73942',2060519071951,'card');
INSERT INTO buildingEntranceRecord
VALUES ('BER1434854546','P410196242','B83124',20580415123750,'card');
INSERT INTO buildingEntranceRecord
VALUES ('BER1435925683','P1367506691','B89510',20840703204859,'key');
INSERT INTO buildingEntranceRecord
VALUES ('BER1437222468','P209237544','B95796',20520322014226,'card');
INSERT INTO buildingEntranceRecord
VALUES ('BER143902425','P649744854','B67457',20920929020823,'card');
INSERT INTO buildingEntranceRecord
VALUES ('BER145051147','P1730748954','B5271',20191102235815,'key');
INSERT INTO buildingEntranceRecord
VALUES ('BER1453859230','P146679069','B22272',20601224192438,'key');
INSERT INTO buildingEntranceRecord
VALUES ('BER1458315426','P191089826','B86866',20830206180036,'key');
INSERT INTO buildingEntranceRecord
VALUES ('BER1461286838','P1222901132','B44483',20621229155457,'key');
INSERT INTO buildingEntranceRecord
VALUES ('BER1473310008','P1425741343','B44901',20460313050418,'card');
INSERT INTO buildingEntranceRecord
VALUES ('BER1481001109','P718714729','B19745',20310407014922,'card');
INSERT INTO buildingEntranceRecord
VALUES ('BER1482755386','P1302122797','B3205',20130406120747,'card');
INSERT INTO buildingEntranceRecord
VALUES ('BER1486940525','P1235068586','B6447',2010309174954,'card');
INSERT INTO buildingEntranceRecord
VALUES ('BER1488072743','P1701988904','B32019',20430416210442,'key');
INSERT INTO buildingEntranceRecord
VALUES ('BER1498113176','P559275609','B3205',20890210003034,'card');
INSERT INTO buildingEntranceRecord
VALUES ('BER1504206085','P1434197220','B12775',20530811153851,'key');
INSERT INTO buildingEntranceRecord
VALUES ('BER1506482459','P1782611399','B6447',2011130033735,'card');
INSERT INTO buildingEntranceRecord
VALUES ('BER1509957841','P1493772674','B6447',20980312185536,'key');
INSERT INTO buildingEntranceRecord
VALUES ('BER151062015','P810754032','B17141',20200110160901,'card');
INSERT INTO buildingEntranceRecord
VALUES ('BER1511692753','P845331488','B95796',2010419204934,'card');
INSERT INTO buildingEntranceRecord
VALUES ('BER1516082917','P969901139','B89510',20600426064714,'key');
INSERT INTO buildingEntranceRecord
VALUES ('BER1518468038','P1462715159','B5798',20160413064830,'key');
INSERT INTO buildingEntranceRecord
VALUES ('BER1518695357','P1740106807','B60591',20870330162546,'card');
INSERT INTO buildingEntranceRecord
VALUES ('BER1519232440','P1989589031','B92125',20190320160200,'key');
INSERT INTO buildingEntranceRecord
VALUES ('BER1519968131','P1038029160','B40948',20651014112916,'card');
INSERT INTO buildingEntranceRecord
VALUES ('BER1524589518','P432880366','B60591',20530211134459,'card');
INSERT INTO buildingEntranceRecord
VALUES ('BER1529437199','P520981853','B90461',20471105090333,'key');
INSERT INTO buildingEntranceRecord
VALUES ('BER153216380','P1730748954','B33484',20620702131109,'card');
INSERT INTO buildingEntranceRecord
VALUES ('BER1534489117','P1233570418','B83124',20860309113026,'key');
INSERT INTO buildingEntranceRecord
VALUES ('BER153551054','P1025808501','B62937',20880427192315,'card');
INSERT INTO buildingEntranceRecord
VALUES ('BER1538923378','P1824110065','B63159',20970606220656,'card');
INSERT INTO buildingEntranceRecord
VALUES ('BER1551507251','P1557603166','B53745',20470818103854,'key');
INSERT INTO buildingEntranceRecord
VALUES ('BER1552892038','P410196242','B92125',20681218113058,'key');
INSERT INTO buildingEntranceRecord
VALUES ('BER1558932680','P1122303807','B40948',20500212133809,'key');
INSERT INTO buildingEntranceRecord
VALUES ('BER1559381202','P969901139','B99359',20140312230907,'card');
INSERT INTO buildingEntranceRecord
VALUES ('BER1564510616','P814710435','B32019',20110303102520,'key');
INSERT INTO buildingEntranceRecord
VALUES ('BER1573037899','P168517040','B95796',20470305125714,'key');
INSERT INTO buildingEntranceRecord
VALUES ('BER1574166780','P119541309','B26017',2010505195040,'card');
INSERT INTO buildingEntranceRecord
VALUES ('BER1574888579','P1357121588','B12775',20791103034236,'key');
INSERT INTO buildingEntranceRecord
VALUES ('BER1588593553','P307416183','B69820',20480205234138,'card');
INSERT INTO buildingEntranceRecord
VALUES ('BER1588876020','P1571603396','B44700',20590114053749,'card');
INSERT INTO buildingEntranceRecord
VALUES ('BER159056250','P1694208479','B5271',20450611121135,'key');
INSERT INTO buildingEntranceRecord
VALUES ('BER159627258','P482547773','B19594',20800711152007,'card');
INSERT INTO buildingEntranceRecord
VALUES ('BER1597963908','P1947211280','B77739',20320227013923,'key');
INSERT INTO buildingEntranceRecord
VALUES ('BER1604704531','P1136367537','B88355',20680623064251,'key');
INSERT INTO buildingEntranceRecord
VALUES ('BER1606369443','P456199791','B44700',20900724102909,'card');
INSERT INTO buildingEntranceRecord
VALUES ('BER1609568488','P1347222106','B86866',20220306013521,'key');
INSERT INTO buildingEntranceRecord
VALUES ('BER162480006','P1177097206','B95796',20190128174902,'key');
INSERT INTO buildingEntranceRecord
VALUES ('BER1626148950','P1629027706','B83124',20471102170052,'key');
INSERT INTO buildingEntranceRecord
VALUES ('BER1629807776','P1100153147','B44700',20341129053428,'key');
INSERT INTO buildingEntranceRecord
VALUES ('BER1641905035','P513468295','B26017',20110924113551,'key');
INSERT INTO buildingEntranceRecord
VALUES ('BER1644634311','P962204903','B3205',20371203090451,'key');
INSERT INTO buildingEntranceRecord
VALUES ('BER1646884096','P2044583071','B44901',20750609074029,'key');
INSERT INTO buildingEntranceRecord
VALUES ('BER1653807823','P632151116','B89510',20611105000101,'key');
INSERT INTO buildingEntranceRecord
VALUES ('BER1655559719','P285564400','B44901',20430921024442,'card');
INSERT INTO buildingEntranceRecord
VALUES ('BER166076557','P1742979396','B73942',20170929212043,'card');
INSERT INTO buildingEntranceRecord
VALUES ('BER1666859492','P559275609','B29296',20420416140231,'card');
INSERT INTO buildingEntranceRecord
VALUES ('BER1667436046','P1158653317','B53745',20510626075130,'card');
INSERT INTO buildingEntranceRecord
VALUES ('BER1669544508','P1824110065','B84548',2080516123708,'key');
INSERT INTO buildingEntranceRecord
VALUES ('BER1669967989','P10347599','B44483',20760317155239,'key');
INSERT INTO buildingEntranceRecord
VALUES ('BER1674247860','P515951363','B69820',20420911235529,'card');
INSERT INTO buildingEntranceRecord
VALUES ('BER1681059360','P307416183','B77739',2080921001910,'card');
INSERT INTO buildingEntranceRecord
VALUES ('BER1687000220','P986800342','B40948',20400923110341,'card');
INSERT INTO buildingEntranceRecord
VALUES ('BER1688208480','P1571603396','B88355',20461004135625,'key');
INSERT INTO buildingEntranceRecord
VALUES ('BER1689871604','P1008096140','B17141',20360519003108,'key');
INSERT INTO buildingEntranceRecord
VALUES ('BER1692928174','P885279289','B69820',20680221103010,'key');
INSERT INTO buildingEntranceRecord
VALUES ('BER1693451774','P822830779','B62937',20930407114129,'card');
INSERT INTO buildingEntranceRecord
VALUES ('BER1694129915','P1948062518','B5271',20160609045207,'key');
INSERT INTO buildingEntranceRecord
VALUES ('BER1696286803','P1791650381','B63159',20151220053412,'key');
INSERT INTO buildingEntranceRecord
VALUES ('BER1706976485','P551004188','B67457',20950426111211,'key');
INSERT INTO buildingEntranceRecord
VALUES ('BER1714855788','P315983628','B22272',20220329113244,'key');
INSERT INTO buildingEntranceRecord
VALUES ('BER172292412','P601288842','B90461',20590911135522,'key');
INSERT INTO buildingEntranceRecord
VALUES ('BER1723545997','P771116236','B92125',20740413172115,'card');
INSERT INTO buildingEntranceRecord
VALUES ('BER172651931','P651576422','B3205',20190506014050,'card');
INSERT INTO buildingEntranceRecord
VALUES ('BER1736578973','P2020580981','B5271',20131121041724,'key');
INSERT INTO buildingEntranceRecord
VALUES ('BER1740181541','P428392908','B12140',20950429130316,'card');
INSERT INTO buildingEntranceRecord
VALUES ('BER1747753046','P1919486249','B9590',20950621104401,'card');
INSERT INTO buildingEntranceRecord
VALUES ('BER1750719801','P439627852','B89510',20390326025622,'key');
INSERT INTO buildingEntranceRecord
VALUES ('BER1751501823','P755585387','B44700',20490423015638,'card');
INSERT INTO buildingEntranceRecord
VALUES ('BER175393010','P1309596547','B44700',20630714101732,'card');
INSERT INTO buildingEntranceRecord
VALUES ('BER1760030547','P497217063','B60591',20250203152636,'key');
INSERT INTO buildingEntranceRecord
VALUES ('BER1767507419','P2104068608','B64212',20900520152230,'key');
INSERT INTO buildingEntranceRecord
VALUES ('BER1771934070','P1742979396','B18108',20490323134503,'card');
INSERT INTO buildingEntranceRecord
VALUES ('BER177827555','P50095209','B83124',20300401064431,'card');
INSERT INTO buildingEntranceRecord
VALUES ('BER1786291253','P343633242','B52727',20760902103819,'key');
INSERT INTO buildingEntranceRecord
VALUES ('BER1786396652','P1651994903','B17141',20360316164622,'card');
INSERT INTO buildingEntranceRecord
VALUES ('BER1787962543','P1821695680','B63159',20611229150400,'card');
INSERT INTO buildingEntranceRecord
VALUES ('BER1788736882','P2146427539','B18108',2050206055617,'key');
INSERT INTO buildingEntranceRecord
VALUES ('BER1802984131','P1886103062','B5798',20320819014116,'card');
INSERT INTO buildingEntranceRecord
VALUES ('BER1803006268','P777901852','B29296',20430607145921,'card');
INSERT INTO buildingEntranceRecord
VALUES ('BER1806692630','P1189000235','B77924',20150906195521,'key');
INSERT INTO buildingEntranceRecord
VALUES ('BER1806877695','P1008096140','B86866',20860904023439,'card');
INSERT INTO buildingEntranceRecord
VALUES ('BER1808510928','P410196242','B60591',20840721123926,'card');
INSERT INTO buildingEntranceRecord
VALUES ('BER1811747477','P1410393950','B32019',20660923165306,'card');
INSERT INTO buildingEntranceRecord
VALUES ('BER181705693','P1696498918','B6447',20850610094745,'card');
INSERT INTO buildingEntranceRecord
VALUES ('BER181729195','P1951489864','B67457',20260808103301,'card');
INSERT INTO buildingEntranceRecord
VALUES ('BER1817351488','P1910486701','B73942',20390619220234,'card');
INSERT INTO buildingEntranceRecord
VALUES ('BER1820585331','P1588142318','B52727',2000916025812,'key');
INSERT INTO buildingEntranceRecord
VALUES ('BER1820929544','P195170083','B12775',20610701002522,'key');
INSERT INTO buildingEntranceRecord
VALUES ('BER1828721547','P833108420','B24524',20910101221606,'card');
INSERT INTO buildingEntranceRecord
VALUES ('BER1833920329','P55591355','B88355',20391012032031,'card');
INSERT INTO buildingEntranceRecord
VALUES ('BER1835242664','P1919486249','B5798',20661121130826,'key');
INSERT INTO buildingEntranceRecord
VALUES ('BER1846728009','P86768807','B64212',20620113190712,'key');
INSERT INTO buildingEntranceRecord
VALUES ('BER1850170233','P745943980','B69820',20990803162725,'key');
INSERT INTO buildingEntranceRecord
VALUES ('BER1852198551','P1434197220','B12140',20750621015230,'card');
INSERT INTO buildingEntranceRecord
VALUES ('BER186106199','P1093758416','B44700',20430302110036,'key');
INSERT INTO buildingEntranceRecord
VALUES ('BER1862209576','P868304303','B84548',20140408141344,'key');
INSERT INTO buildingEntranceRecord
VALUES ('BER1869720504','P857224708','B86866',20140614191720,'key');
INSERT INTO buildingEntranceRecord
VALUES ('BER1869828099','P1946238407','B98100',20510501173352,'card');
INSERT INTO buildingEntranceRecord
VALUES ('BER1881244197','P1808924448','B67457',20790327082546,'card');
INSERT INTO buildingEntranceRecord
VALUES ('BER1903289479','P1725745970','B92125',2061206191006,'card');
INSERT INTO buildingEntranceRecord
VALUES ('BER1907209589','P1008096140','B5798',20730307073945,'card');
INSERT INTO buildingEntranceRecord
VALUES ('BER1908337821','P1907724030','B9640',20860405073753,'key');
INSERT INTO buildingEntranceRecord
VALUES ('BER1908979423','P793954027','B19745',20720903132129,'card');
INSERT INTO buildingEntranceRecord
VALUES ('BER1910147575','P680800932','B19594',20490816021031,'card');
INSERT INTO buildingEntranceRecord
VALUES ('BER1914098311','P1822717240','B18108',20110325011101,'key');
INSERT INTO buildingEntranceRecord
VALUES ('BER1914643597','P1156063084','B12140',20800206034214,'key');
INSERT INTO buildingEntranceRecord
VALUES ('BER1917768439','P1464333187','B77924',20300807050729,'card');
INSERT INTO buildingEntranceRecord
VALUES ('BER1926154309','P1688866487','B44901',20240219054329,'key');
INSERT INTO buildingEntranceRecord
VALUES ('BER1927353641','P1694208479','B33484',20771110221332,'key');
INSERT INTO buildingEntranceRecord
VALUES ('BER1927428169','P1080402115','B77924',20851225131227,'card');
INSERT INTO buildingEntranceRecord
VALUES ('BER193232211','P970262378','B88355',20980221075530,'key');
INSERT INTO buildingEntranceRecord
VALUES ('BER1932377376','P810887188','B19594',20931110032806,'card');
INSERT INTO buildingEntranceRecord
VALUES ('BER1932789732','P410196242','B99359',2020620034652,'card');
INSERT INTO buildingEntranceRecord
VALUES ('BER1933128120','P1038029160','B98496',20180801122857,'card');
INSERT INTO buildingEntranceRecord
VALUES ('BER1940581461','P591297622','B40779',20420222060310,'key');
INSERT INTO buildingEntranceRecord
VALUES ('BER1944845674','P1222489122','B19745',20280413023807,'card');
INSERT INTO buildingEntranceRecord
VALUES ('BER1945559094','P1439039156','B19745',20460817171714,'card');
INSERT INTO buildingEntranceRecord
VALUES ('BER1947377011','P669683670','B33484',20410831031157,'card');
INSERT INTO buildingEntranceRecord
VALUES ('BER1950652249','P371200230','B73942',20990527001817,'key');
INSERT INTO buildingEntranceRecord
VALUES ('BER1951043910','P2089439336','B5798',20560919170333,'card');
INSERT INTO buildingEntranceRecord
VALUES ('BER1955010953','P410196242','B89510',20260604040946,'key');
INSERT INTO buildingEntranceRecord
VALUES ('BER1959015617','P1090498916','B3205',20220922134831,'card');
INSERT INTO buildingEntranceRecord
VALUES ('BER196653718','P1388221373','B49997',20790202205549,'card');
INSERT INTO buildingEntranceRecord
VALUES ('BER1971028536','P1907724030','B92125',20580226180819,'card');
INSERT INTO buildingEntranceRecord
VALUES ('BER1975145767','P1481562884','B17141',20730220192939,'key');
INSERT INTO buildingEntranceRecord
VALUES ('BER1981162710','P582346247','B26017',20221106155502,'key');
INSERT INTO buildingEntranceRecord
VALUES ('BER1989820673','P294122173','B49997',20281222193503,'key');
INSERT INTO buildingEntranceRecord
VALUES ('BER1991516549','P963869835','B86866',20710123150631,'card');
INSERT INTO buildingEntranceRecord
VALUES ('BER1992371553','P909102642','B64212',20680612210711,'key');
INSERT INTO buildingEntranceRecord
VALUES ('BER1997134588','P396139796','B77739',20800814235640,'key');
INSERT INTO buildingEntranceRecord
VALUES ('BER2000021699','P9776765','B5271',20860206024934,'key');
INSERT INTO buildingEntranceRecord
VALUES ('BER2008044483','P1490485383','B89510',20910303202418,'card');
INSERT INTO buildingEntranceRecord
VALUES ('BER2010957043','P566622064','B69820',20320613034729,'card');
INSERT INTO buildingEntranceRecord
VALUES ('BER201160475','P520981853','B44901',20410207060604,'card');
INSERT INTO buildingEntranceRecord
VALUES ('BER2013667759','P1076230980','B9590',20431115182902,'key');
INSERT INTO buildingEntranceRecord
VALUES ('BER2013778721','P1293901851','B20054',20860730180217,'key');
INSERT INTO buildingEntranceRecord
VALUES ('BER2019104973','P1493772674','B12775',20390803234926,'key');
INSERT INTO buildingEntranceRecord
VALUES ('BER2019232650','P1008096140','B9590',20531121221847,'card');
INSERT INTO buildingEntranceRecord
VALUES ('BER2025782934','P1005655998','B92125',20800904041928,'key');
INSERT INTO buildingEntranceRecord
VALUES ('BER2026738268','P1667034823','B77739',20650921011236,'key');
INSERT INTO buildingEntranceRecord
VALUES ('BER2028540641','P1841845221','B29296',20951204200154,'key');
INSERT INTO buildingEntranceRecord
VALUES ('BER203202529','P1462715159','B26017',20300908083020,'card');
INSERT INTO buildingEntranceRecord
VALUES ('BER2032768255','P1989589031','B88355',20770102050905,'card');
INSERT INTO buildingEntranceRecord
VALUES ('BER2033983141','P728049667','B17141',20351101172337,'key');
INSERT INTO buildingEntranceRecord
VALUES ('BER2039567762','P1135915466','B98100',20291119050624,'card');
INSERT INTO buildingEntranceRecord
VALUES ('BER2040627449','P1426331843','B63159',20350416204228,'key');
INSERT INTO buildingEntranceRecord
VALUES ('BER2041934064','P1014473867','B14767',20330108023244,'card');
INSERT INTO buildingEntranceRecord
VALUES ('BER2043903277','P201615232','B63159',20441216123437,'key');
INSERT INTO buildingEntranceRecord
VALUES ('BER2047782301','P1811104830','B9640',20191120233331,'key');
INSERT INTO buildingEntranceRecord
VALUES ('BER2049942454','P857224708','B24524',20860824065001,'key');
INSERT INTO buildingEntranceRecord
VALUES ('BER2051152929','P1378210122','B9590',20401110004919,'key');
INSERT INTO buildingEntranceRecord
VALUES ('BER2054881695','P916933607','B5798',20841016142648,'card');
INSERT INTO buildingEntranceRecord
VALUES ('BER205836217','P554504423','B12140',2081115114346,'card');
INSERT INTO buildingEntranceRecord
VALUES ('BER206397190','P764758191','B98496',20640628174108,'key');
INSERT INTO buildingEntranceRecord
VALUES ('BER2067123460','P104587823','B86866',20410608125447,'key');
INSERT INTO buildingEntranceRecord
VALUES ('BER2069230223','P749894266','B9590',20810607151313,'card');
INSERT INTO buildingEntranceRecord
VALUES ('BER2072653342','P191089826','B60603',20550603195425,'key');
INSERT INTO buildingEntranceRecord
VALUES ('BER2080369480','P1822717240','B77924',20370605091518,'key');
INSERT INTO buildingEntranceRecord
VALUES ('BER2081195056','P2051151083','B64212',20730530202705,'card');
INSERT INTO buildingEntranceRecord
VALUES ('BER2083515419','P1948062518','B92125',20650428154800,'key');
INSERT INTO buildingEntranceRecord
VALUES ('BER2092015901','P16208984','B67457',20540119062559,'key');
INSERT INTO buildingEntranceRecord
VALUES ('BER2095849619','P1837276909','B44700',20940226043039,'card');
INSERT INTO buildingEntranceRecord
VALUES ('BER2096630581','P2038888066','B95796',2050718052136,'card');
INSERT INTO buildingEntranceRecord
VALUES ('BER2102390299','P432880366','B52727',20241229134841,'card');
INSERT INTO buildingEntranceRecord
VALUES ('BER2103682762','P294122173','B64212',20610915081918,'card');
INSERT INTO buildingEntranceRecord
VALUES ('BER2114889801','P482547773','B44901',20260529170748,'key');
INSERT INTO buildingEntranceRecord
VALUES ('BER2115856211','P1893198973','B60591',20551120152646,'card');
INSERT INTO buildingEntranceRecord
VALUES ('BER2125583392','P1222489122','B44700',20670124212724,'key');
INSERT INTO buildingEntranceRecord
VALUES ('BER2127335928','P745732424','B88355',20560823223613,'key');
INSERT INTO buildingEntranceRecord
VALUES ('BER2128005953','P1806974291','B29296',20560828100831,'card');
INSERT INTO buildingEntranceRecord
VALUES ('BER2131384213','P1485555462','B86783',20361102144624,'key');
INSERT INTO buildingEntranceRecord
VALUES ('BER2132087106','P1364056496','B53745',20651001152639,'key');
INSERT INTO buildingEntranceRecord
VALUES ('BER2133035383','P2055363280','B92125',20970413231544,'card');
INSERT INTO buildingEntranceRecord
VALUES ('BER2139159813','P1649478768','B88355',20740409164936,'key');
INSERT INTO buildingEntranceRecord
VALUES ('BER2141349577','P1471576674','B17141',20830217114034,'card');
INSERT INTO buildingEntranceRecord
VALUES ('BER2145509749','P1426331843','B33484',20490816162617,'card');
INSERT INTO buildingEntranceRecord
VALUES ('BER2147145104','P2030260615','B26017',20180225180907,'key');
INSERT INTO buildingEntranceRecord
VALUES ('BER2147235931','P1575889375','B88355',20650409094622,'card');
INSERT INTO buildingEntranceRecord
VALUES ('BER21929844','P551004188','B29296',2001028150205,'key');
INSERT INTO buildingEntranceRecord
VALUES ('BER21929947','P1266120305','B19594',20540824072305,'key');
INSERT INTO buildingEntranceRecord
VALUES ('BER219381021','P1932811957','B12775',20450417195458,'key');
INSERT INTO buildingEntranceRecord
VALUES ('BER22540420','P845331488','B60603',20870303120524,'card');
INSERT INTO buildingEntranceRecord
VALUES ('BER230657196','P63432740','B3205',20440623195549,'card');
INSERT INTO buildingEntranceRecord
VALUES ('BER232172478','P465107944','B33484',2020127163959,'key');
INSERT INTO buildingEntranceRecord
VALUES ('BER232173515','P1571603396','B64212',20201012054931,'key');
INSERT INTO buildingEntranceRecord
VALUES ('BER232552834','P1255615114','B77924',20440215070747,'key');
INSERT INTO buildingEntranceRecord
VALUES ('BER232727259','P1276686327','B6447',20601128090755,'key');
INSERT INTO buildingEntranceRecord
VALUES ('BER247897471','P2031235339','B26017',20310416223309,'card');
INSERT INTO buildingEntranceRecord
VALUES ('BER252351513','P2146427539','B63159',2021113205327,'key');
INSERT INTO buildingEntranceRecord
VALUES ('BER262823128','P2144263304','B9590',2071217020549,'key');
INSERT INTO buildingEntranceRecord
VALUES ('BER264275289','P1941602177','B60591',20411107155729,'key');
INSERT INTO buildingEntranceRecord
VALUES ('BER264304177','P1008686012','B98496',20970124034134,'card');
INSERT INTO buildingEntranceRecord
VALUES ('BER274805907','P851174552','B40948',20961227020304,'key');
INSERT INTO buildingEntranceRecord
VALUES ('BER280117695','P551004188','B19594',20520209055425,'card');
INSERT INTO buildingEntranceRecord
VALUES ('BER285577075','P337679392','B9640',20990807022612,'key');
INSERT INTO buildingEntranceRecord
VALUES ('BER288349973','P1482396070','B60591',2080531212432,'key');
INSERT INTO buildingEntranceRecord
VALUES ('BER294519917','P1669699620','B99359',20370628124727,'key');
INSERT INTO buildingEntranceRecord
VALUES ('BER322974098','P1008096140','B44700',2090307084536,'card');
INSERT INTO buildingEntranceRecord
VALUES ('BER328713703','P327079052','B17141',20350508172927,'card');
INSERT INTO buildingEntranceRecord
VALUES ('BER333059295','P2002403402','B20054',20540414184952,'card');
INSERT INTO buildingEntranceRecord
VALUES ('BER336238043','P614751665','B86783',20840226004006,'key');
INSERT INTO buildingEntranceRecord
VALUES ('BER34889998','P699220660','B14767',20320627144718,'card');
INSERT INTO buildingEntranceRecord
VALUES ('BER352096450','P2051151083','B33484',20750614012153,'key');
INSERT INTO buildingEntranceRecord
VALUES ('BER354849111','P1821695680','B77739',20691120030905,'card');
INSERT INTO buildingEntranceRecord
VALUES ('BER355902182','P271233851','B44483',20930303151431,'key');
INSERT INTO buildingEntranceRecord
VALUES ('BER373844015','P1231502744','B77924',20230724141928,'card');
INSERT INTO buildingEntranceRecord
VALUES ('BER375704111','P456199791','B60591',20400210111249,'key');
INSERT INTO buildingEntranceRecord
VALUES ('BER376497172','P1347222106','B9590',20180528100444,'card');
INSERT INTO buildingEntranceRecord
VALUES ('BER376790276','P116026169','B86866',20700222025138,'key');
INSERT INTO buildingEntranceRecord
VALUES ('BER380421149','P146679069','B22272',20660324084604,'key');
INSERT INTO buildingEntranceRecord
VALUES ('BER380721783','P1519125754','B20054',20520912003824,'key');
INSERT INTO buildingEntranceRecord
VALUES ('BER382384266','P1481562884','B67457',20341106103259,'key');
INSERT INTO buildingEntranceRecord
VALUES ('BER386920858','P315983628','B95796',20371020072038,'key');
INSERT INTO buildingEntranceRecord
VALUES ('BER389312939','P1364681725','B40948',20171105065412,'card');
INSERT INTO buildingEntranceRecord
VALUES ('BER389956634','P1373878872','B62937',2060721111029,'key');
INSERT INTO buildingEntranceRecord
VALUES ('BER392169578','P963869835','B19745',20960828084132,'key');
INSERT INTO buildingEntranceRecord
VALUES ('BER393000348','P424806214','B20054',20850425132001,'card');
INSERT INTO buildingEntranceRecord
VALUES ('BER393229860','P1916554800','B22272',20650807133835,'key');
INSERT INTO buildingEntranceRecord
VALUES ('BER398377290','P986800342','B12140',20671202121121,'key');
INSERT INTO buildingEntranceRecord
VALUES ('BER401198976','P1290918734','B14767',20311204031854,'card');
INSERT INTO buildingEntranceRecord
VALUES ('BER405983421','P698381408','B19745',20560424083029,'card');
INSERT INTO buildingEntranceRecord
VALUES ('BER408887954','P268837742','B95796',20850510130023,'card');
INSERT INTO buildingEntranceRecord
VALUES ('BER417087466','P1196160203','B26017',20860707220703,'key');
INSERT INTO buildingEntranceRecord
VALUES ('BER418721662','P1056907174','B40948',20400130130238,'key');
INSERT INTO buildingEntranceRecord
VALUES ('BER425416726','P1668864323','B67457',20701204072008,'key');
INSERT INTO buildingEntranceRecord
VALUES ('BER43082941','P1211212648','B86866',20371208184640,'key');
INSERT INTO buildingEntranceRecord
VALUES ('BER431663856','P252255233','B44700',20710207034528,'key');
INSERT INTO buildingEntranceRecord
VALUES ('BER444038639','P1410393950','B86866',20771006073145,'key');
INSERT INTO buildingEntranceRecord
VALUES ('BER4461562','P2106805826','B9590',20980902211818,'key');
INSERT INTO buildingEntranceRecord
VALUES ('BER447510337','P322271075','B86783',2020914072415,'key');
INSERT INTO buildingEntranceRecord
VALUES ('BER450451004','P70940674','B5271',20490221234747,'key');
INSERT INTO buildingEntranceRecord
VALUES ('BER451732348','P343633242','B53745',20620810115459,'card');
INSERT INTO buildingEntranceRecord
VALUES ('BER457651485','P1482396070','B26017',20461203125712,'card');
INSERT INTO buildingEntranceRecord
VALUES ('BER46438684','P1287635105','B40779',20791211041229,'key');
INSERT INTO buildingEntranceRecord
VALUES ('BER465546528','P1212049362','B88355',20410718173337,'card');
INSERT INTO buildingEntranceRecord
VALUES ('BER46583054','P1989589031','B44700',2020409090513,'card');
INSERT INTO buildingEntranceRecord
VALUES ('BER472305334','P1224671869','B22272',20480702044625,'key');
INSERT INTO buildingEntranceRecord
VALUES ('BER472690643','P1881925827','B9590',20870102111543,'key');
INSERT INTO buildingEntranceRecord
VALUES ('BER474885662','P1299828895','B12775',20511202133028,'key');
INSERT INTO buildingEntranceRecord
VALUES ('BER479213120','P1841533495','B60603',20490211203340,'card');
INSERT INTO buildingEntranceRecord
VALUES ('BER480688284','P745918613','B44483',2040407094004,'card');
INSERT INTO buildingEntranceRecord
VALUES ('BER482154724','P2036902119','B9640',20490401093752,'key');
INSERT INTO buildingEntranceRecord
VALUES ('BER48733736','P214021913','B98100',20430521145345,'card');
INSERT INTO buildingEntranceRecord
VALUES ('BER494756926','P2138365981','B69820',20660425133736,'key');
INSERT INTO buildingEntranceRecord
VALUES ('BER498661616','P1696498918','B9590',20820827070842,'key');
INSERT INTO buildingEntranceRecord
VALUES ('BER501470453','P1575889375','B89510',20620315104318,'key');
INSERT INTO buildingEntranceRecord
VALUES ('BER501958220','P497217063','B84548',20980702125640,'card');
INSERT INTO buildingEntranceRecord
VALUES ('BER504979121','P951015337','B90461',20921006112907,'card');
INSERT INTO buildingEntranceRecord
VALUES ('BER508489166','P1191614310','B88355',20820715015523,'card');
INSERT INTO buildingEntranceRecord
VALUES ('BER510597220','P285564400','B19594',20280221033140,'card');
INSERT INTO buildingEntranceRecord
VALUES ('BER51368777','P1509020447','B40948',20320310203905,'card');
INSERT INTO buildingEntranceRecord
VALUES ('BER51487931','P1948905576','B84548',20200911135108,'card');
INSERT INTO buildingEntranceRecord
VALUES ('BER517511588','P2019932869','B33484',20611217071102,'card');
INSERT INTO buildingEntranceRecord
VALUES ('BER517643604','P822830779','B49997',20151129001444,'key');
INSERT INTO buildingEntranceRecord
VALUES ('BER520288399','P1472697991','B26017',20160613083734,'card');
INSERT INTO buildingEntranceRecord
VALUES ('BER528271373','P963869835','B86866',2060502153155,'card');
INSERT INTO buildingEntranceRecord
VALUES ('BER528411814','P2122636477','B18108',20180614104249,'card');
INSERT INTO buildingEntranceRecord
VALUES ('BER530508393','P810286276','B98100',20410603182816,'card');
INSERT INTO buildingEntranceRecord
VALUES ('BER535360348','P2024940448','B44700',20790403123233,'key');
INSERT INTO buildingEntranceRecord
VALUES ('BER537084565','P1486105658','B86783',20261223170600,'card');
INSERT INTO buildingEntranceRecord
VALUES ('BER544589251','P70940674','B98496',20891215212321,'key');
INSERT INTO buildingEntranceRecord
VALUES ('BER545411056','P515951363','B99359',20370914114252,'key');
INSERT INTO buildingEntranceRecord
VALUES ('BER547787730','P116668624','B98100',20320128210131,'card');
INSERT INTO buildingEntranceRecord
VALUES ('BER548912374','P1233812907','B40779',20661008192716,'card');
INSERT INTO buildingEntranceRecord
VALUES ('BER559075009','P515951363','B63159',20720818201020,'card');
INSERT INTO buildingEntranceRecord
VALUES ('BER560691317','P10347599','B17141',20300325103237,'key');
INSERT INTO buildingEntranceRecord
VALUES ('BER564636811','P2144263304','B83124',20730914222056,'key');
INSERT INTO buildingEntranceRecord
VALUES ('BER566547535','P330322933','B40779',20450629073902,'card');
INSERT INTO buildingEntranceRecord
VALUES ('BER566784803','P1100153147','B29296',20541227202508,'card');
INSERT INTO buildingEntranceRecord
VALUES ('BER57337957','P1947181263','B64212',20100520151408,'key');
INSERT INTO buildingEntranceRecord
VALUES ('BER573392611','P1156063084','B67457',20101231003558,'key');
INSERT INTO buildingEntranceRecord
VALUES ('BER573615351','P805665232','B90461',20331103121823,'card');
INSERT INTO buildingEntranceRecord
VALUES ('BER579719147','P1694208479','B89510',20390515060715,'card');
INSERT INTO buildingEntranceRecord
VALUES ('BER579798431','P107780394','B6447',20100619192635,'key');
INSERT INTO buildingEntranceRecord
VALUES ('BER600834331','P1730748954','B84548',20860720234505,'card');
INSERT INTO buildingEntranceRecord
VALUES ('BER601512790','P2071369574','B63159',20370723110353,'key');
INSERT INTO buildingEntranceRecord
VALUES ('BER602417254','P1136367537','B84548',20951221022132,'key');
INSERT INTO buildingEntranceRecord
VALUES ('BER605556379','P1554465681','B22272',20460522022333,'key');
INSERT INTO buildingEntranceRecord
VALUES ('BER60953647','P1364681725','B77739',20510501092919,'key');
INSERT INTO buildingEntranceRecord
VALUES ('BER609629659','P587407938','B9590',20800614123823,'key');
INSERT INTO buildingEntranceRecord
VALUES ('BER614650746','P601288842','B22272',2030117034935,'key');
INSERT INTO buildingEntranceRecord
VALUES ('BER615831987','P268508012','B49997',20510325052732,'card');
INSERT INTO buildingEntranceRecord
VALUES ('BER618490283','P1651994903','B44901',20440422202524,'key');
INSERT INTO buildingEntranceRecord
VALUES ('BER627167638','P1808924448','B26017',20590324060020,'key');
INSERT INTO buildingEntranceRecord
VALUES ('BER629434026','P1375145846','B52727',20230930044112,'card');
INSERT INTO buildingEntranceRecord
VALUES ('BER630307941','P771116236','B52727',20491202131124,'key');
INSERT INTO buildingEntranceRecord
VALUES ('BER635332634','P542046566','B29296',2031104213116,'card');
INSERT INTO buildingEntranceRecord
VALUES ('BER648250103','P1487684610','B52727',20140712111832,'card');
INSERT INTO buildingEntranceRecord
VALUES ('BER651371094','P1367915306','B77924',20660218175234,'card');
INSERT INTO buildingEntranceRecord
VALUES ('BER653945641','P172403617','B44901',20970403235009,'key');
INSERT INTO buildingEntranceRecord
VALUES ('BER657558528','P1341277002','B5798',20470721193908,'key');
INSERT INTO buildingEntranceRecord
VALUES ('BER658496013','P1302122797','B9590',20400419130152,'key');
INSERT INTO buildingEntranceRecord
VALUES ('BER661058720','P1389609136','B20054',20340514195729,'card');
INSERT INTO buildingEntranceRecord
VALUES ('BER66608945','P1178300600','B95796',20670423201617,'card');
INSERT INTO buildingEntranceRecord
VALUES ('BER667238040','P564938481','B88355',20470106071934,'card');
INSERT INTO buildingEntranceRecord
VALUES ('BER667720235','P1398622605','B77924',20920216161948,'key');
INSERT INTO buildingEntranceRecord
VALUES ('BER669484198','P582888707','B99359',20310102190056,'card');
INSERT INTO buildingEntranceRecord
VALUES ('BER671617906','P419228622','B77739',20311103103142,'key');
INSERT INTO buildingEntranceRecord
VALUES ('BER676501571','P853385078','B40948',20230213181736,'card');
INSERT INTO buildingEntranceRecord
VALUES ('BER677201421','P651576422','B12775',20941011093405,'key');
INSERT INTO buildingEntranceRecord
VALUES ('BER678600227','P1196222612','B63159',2010419060312,'card');
INSERT INTO buildingEntranceRecord
VALUES ('BER679434124','P2038888066','B22272',20550226182423,'card');
INSERT INTO buildingEntranceRecord
VALUES ('BER67948480','P1973983822','B98100',20500915211148,'key');
INSERT INTO buildingEntranceRecord
VALUES ('BER679702993','P1588142318','B83124',20910807035646,'key');
INSERT INTO buildingEntranceRecord
VALUES ('BER697324739','P829267326','B52727',20110419022419,'key');
INSERT INTO buildingEntranceRecord
VALUES ('BER698587537','P1231502744','B20054',20670423175121,'card');
INSERT INTO buildingEntranceRecord
VALUES ('BER699112874','P706730055','B86866',20900508151137,'card');
INSERT INTO buildingEntranceRecord
VALUES ('BER708097510','P1973983822','B52727',20671108180846,'key');
INSERT INTO buildingEntranceRecord
VALUES ('BER713805338','P772190608','B33484',20970222171125,'card');
INSERT INTO buildingEntranceRecord
VALUES ('BER725906173','P116026169','B98100',20670514225934,'card');
INSERT INTO buildingEntranceRecord
VALUES ('BER729672454','P1624293028','B60603',2040827034600,'key');
INSERT INTO buildingEntranceRecord
VALUES ('BER731482425','P1309596547','B44483',20871224183223,'key');
INSERT INTO buildingEntranceRecord
VALUES ('BER733959127','P1411208620','B98496',20490413093940,'card');
INSERT INTO buildingEntranceRecord
VALUES ('BER734491182','P2038888066','B44483',20440622162724,'key');
INSERT INTO buildingEntranceRecord
VALUES ('BER738516901','P1122303807','B90461',20300920090832,'key');
INSERT INTO buildingEntranceRecord
VALUES ('BER742203536','P271233851','B52727',20460310024401,'key');
INSERT INTO buildingEntranceRecord
VALUES ('BER746886754','P191089826','B44901',20671205055020,'key');
INSERT INTO buildingEntranceRecord
VALUES ('BER752481007','P2002403402','B6447',20771023123221,'card');
INSERT INTO buildingEntranceRecord
VALUES ('BER752558740','P136588039','B17141',20301230060745,'key');
INSERT INTO buildingEntranceRecord
VALUES ('BER754492923','P2134048141','B12140',20860704073249,'key');
INSERT INTO buildingEntranceRecord
VALUES ('BER759467874','P1421838650','B12140',20240922192536,'card');
INSERT INTO buildingEntranceRecord
VALUES ('BER76183600','P1233812907','B33484',20661002235259,'card');
INSERT INTO buildingEntranceRecord
VALUES ('BER764842947','P534719619','B44483',20890326091943,'key');
INSERT INTO buildingEntranceRecord
VALUES ('BER765489602','P262262658','B99359',20600313101134,'key');
INSERT INTO buildingEntranceRecord
VALUES ('BER774668226','P1893198973','B40948',20860412231549,'card');
INSERT INTO buildingEntranceRecord
VALUES ('BER775299151','P1519125754','B3205',20680901095554,'card');
INSERT INTO buildingEntranceRecord
VALUES ('BER77533865','P677446366','B63159',20270427011154,'card');
INSERT INTO buildingEntranceRecord
VALUES ('BER78133962','P1745637656','B86866',20330206213002,'key');
INSERT INTO buildingEntranceRecord
VALUES ('BER790959616','P1837276909','B49997',20480912003150,'key');
INSERT INTO buildingEntranceRecord
VALUES ('BER804217377','P587407938','B9640',20250314194147,'key');
INSERT INTO buildingEntranceRecord
VALUES ('BER807810228','P869989224','B32019',20131005235857,'card');
INSERT INTO buildingEntranceRecord
VALUES ('BER811476181','P1299828895','B90461',20480506141937,'key');
INSERT INTO buildingEntranceRecord
VALUES ('BER815915445','P1196222612','B20054',20330102175103,'card');
INSERT INTO buildingEntranceRecord
VALUES ('BER818502165','P1677264646','B44700',2040412195602,'key');
INSERT INTO buildingEntranceRecord
VALUES ('BER824068297','P566622064','B63159',20431217025524,'card');
INSERT INTO buildingEntranceRecord
VALUES ('BER828342001','P119541309','B63159',20770401145239,'card');
INSERT INTO buildingEntranceRecord
VALUES ('BER850168553','P2024940448','B98496',20630212071032,'card');
INSERT INTO buildingEntranceRecord
VALUES ('BER851233071','P343633242','B52727',20521008235227,'key');
INSERT INTO buildingEntranceRecord
VALUES ('BER851549684','P1620441412','B44700',20160106145926,'card');
INSERT INTO buildingEntranceRecord
VALUES ('BER857071397','P268837742','B83124',20820409065824,'key');
INSERT INTO buildingEntranceRecord
VALUES ('BER857292918','P1947211280','B12775',20930706065640,'card');
INSERT INTO buildingEntranceRecord
VALUES ('BER857645960','P428392908','B17141',20831107225922,'card');
INSERT INTO buildingEntranceRecord
VALUES ('BER867636210','P1727562443','B20054',20961109183804,'card');
INSERT INTO buildingEntranceRecord
VALUES ('BER86818417','P219997419','B6447',20330104141528,'card');
INSERT INTO buildingEntranceRecord
VALUES ('BER869215126','P1575889375','B26017',2060324083440,'card');
INSERT INTO buildingEntranceRecord
VALUES ('BER876631445','P1841454566','B26017',20590305101732,'card');
INSERT INTO buildingEntranceRecord
VALUES ('BER879320826','P1751475213','B77739',20351010014102,'card');
INSERT INTO buildingEntranceRecord
VALUES ('BER879717068','P432880366','B12775',20530728121138,'key');
INSERT INTO buildingEntranceRecord
VALUES ('BER881402520','P1965492905','B86783',20160705082328,'key');
INSERT INTO buildingEntranceRecord
VALUES ('BER882153871','P1486105658','B83124',20290516170241,'key');
INSERT INTO buildingEntranceRecord
VALUES ('BER883757763','P559275609','B99359',2070718012622,'key');
INSERT INTO buildingEntranceRecord
VALUES ('BER906015979','P16208984','B98100',20570908234520,'key');
INSERT INTO buildingEntranceRecord
VALUES ('BER906515614','P1282169739','B9640',20590530002239,'card');
INSERT INTO buildingEntranceRecord
VALUES ('BER910612328','P63432740','B49997',20570605133607,'card');
INSERT INTO buildingEntranceRecord
VALUES ('BER910880691','P1479503248','B77924',2080831084827,'card');
INSERT INTO buildingEntranceRecord
VALUES ('BER912114364','P1532298285','B19594',20570722202702,'card');
INSERT INTO buildingEntranceRecord
VALUES ('BER912615416','P1766134812','B12775',20370326050342,'card');
INSERT INTO buildingEntranceRecord
VALUES ('BER91338386','P551057864','B14767',2000131071922,'card');
INSERT INTO buildingEntranceRecord
VALUES ('BER919743122','P853485023','B89510',20230726092350,'card');
INSERT INTO buildingEntranceRecord
VALUES ('BER9211637','P1094732583','B5271',20430222222140,'key');
INSERT INTO buildingEntranceRecord
VALUES ('BER936189226','P2061619886','B69820',20430713232751,'key');
INSERT INTO buildingEntranceRecord
VALUES ('BER940149244','P1080402115','B69820',20230422212117,'key');
INSERT INTO buildingEntranceRecord
VALUES ('BER943143044','P810887188','B53745',2091123052851,'card');
INSERT INTO buildingEntranceRecord
VALUES ('BER94509174','P1532298285','B88355',20371104052508,'key');
INSERT INTO buildingEntranceRecord
VALUES ('BER945280917','P1678118632','B86866',20830207215507,'key');
INSERT INTO buildingEntranceRecord
VALUES ('BER947818340','P1266120305','B40948',20400730193755,'card');
INSERT INTO buildingEntranceRecord
VALUES ('BER95243498','P698381408','B67457',20380713155244,'card');
INSERT INTO buildingEntranceRecord
VALUES ('BER954939890','P1881925827','B3205',2000718061220,'card');
INSERT INTO buildingEntranceRecord
VALUES ('BER956752390','P2045695671','B90461',20470703023224,'card');
INSERT INTO buildingEntranceRecord
VALUES ('BER958398127','P908816450','B24524',20840714201245,'card');
INSERT INTO buildingEntranceRecord
VALUES ('BER959569313','P851174552','B44700',20540904085450,'card');
INSERT INTO buildingEntranceRecord
VALUES ('BER969626648','P45213498','B24524',20660424111729,'key');
INSERT INTO buildingEntranceRecord
VALUES ('BER979599317','P2020580981','B5271',20650907223445,'key');
INSERT INTO buildingEntranceRecord
VALUES ('BER98245510','P374493763','B52727',20791025074849,'key');
INSERT INTO buildingEntranceRecord
VALUES ('BER983306929','P829267326','B63159',20800523205815,'card');
INSERT INTO buildingEntranceRecord
VALUES ('BER993828176','P294122173','B62937',20271011195905,'card');
INSERT INTO buildingEntranceRecord
VALUES ('BER99538710','P869989224','B29296',2011206122956,'key');
INSERT INTO buildingEntranceRecord
VALUES ('BER999089838','P396139796','B9640',20291204130010,'key');
INSERT INTO chargingItem
VALUES ('CI11614','物业管理服务费');
INSERT INTO chargingItem
VALUES ('CI13013','装修垃圾清运费');
INSERT INTO chargingItem
VALUES ('CI14728','装修押金');
INSERT INTO chargingItem
VALUES ('CI15203','装修管理服务费');
INSERT INTO chargingItem
VALUES ('CI16307','装修管理服务费');
INSERT INTO chargingItem
VALUES ('CI20572','停车位租赁费');
INSERT INTO chargingItem
VALUES ('CI21788','装修押金');
INSERT INTO chargingItem
VALUES ('CI21859','装修垃圾清运费');
INSERT INTO chargingItem
VALUES ('CI24414','停车位租赁费');
INSERT INTO chargingItem
VALUES ('CI26759','装修押金');
INSERT INTO chargingItem
VALUES ('CI31022','停车位租赁费');
INSERT INTO chargingItem
VALUES ('CI3171','装修押金');
INSERT INTO chargingItem
VALUES ('CI34507','非机动车临时停放费');
INSERT INTO chargingItem
VALUES ('CI35076','门禁卡工本费');
INSERT INTO chargingItem
VALUES ('CI35773','装修垃圾清运费');
INSERT INTO chargingItem
VALUES ('CI38144','机动车临时停放费');
INSERT INTO chargingItem
VALUES ('CI40126','门禁卡工本费');
INSERT INTO chargingItem
VALUES ('CI40915','物业管理服务费');
INSERT INTO chargingItem
VALUES ('CI42088','非机动车临时停放费');
INSERT INTO chargingItem
VALUES ('CI44409','装修押金');
INSERT INTO chargingItem
VALUES ('CI46777','停车位租赁费');
INSERT INTO chargingItem
VALUES ('CI48430','物业管理服务费');
INSERT INTO chargingItem
VALUES ('CI49218','物业管理服务费');
INSERT INTO chargingItem
VALUES ('CI53210','门禁卡工本费');
INSERT INTO chargingItem
VALUES ('CI55862','装修垃圾清运费');
INSERT INTO chargingItem
VALUES ('CI56939','非机动车临时停放费');
INSERT INTO chargingItem
VALUES ('CI57540','装修垃圾清运费');
INSERT INTO chargingItem
VALUES ('CI63604','装修押金');
INSERT INTO chargingItem
VALUES ('CI65068','门禁卡工本费');
INSERT INTO chargingItem
VALUES ('CI66034','非机动车临时停放费');
INSERT INTO chargingItem
VALUES ('CI68512','装修押金');
INSERT INTO chargingItem
VALUES ('CI68761','机动车临时停放费');
INSERT INTO chargingItem
VALUES ('CI69746','装修押金');
INSERT INTO chargingItem
VALUES ('CI69759','物业管理服务费');
INSERT INTO chargingItem
VALUES ('CI70469','停车位租赁费');
INSERT INTO chargingItem
VALUES ('CI71216','非机动车临时停放费');
INSERT INTO chargingItem
VALUES ('CI7191','机动车临时停放费');
INSERT INTO chargingItem
VALUES ('CI75451','装修垃圾清运费');
INSERT INTO chargingItem
VALUES ('CI77143','装修押金');
INSERT INTO chargingItem
VALUES ('CI82504','门禁卡工本费');
INSERT INTO chargingItem
VALUES ('CI8599','物业管理服务费');
INSERT INTO chargingItem
VALUES ('CI86022','门禁卡工本费');
INSERT INTO chargingItem
VALUES ('CI89706','物业管理服务费');
INSERT INTO chargingItem
VALUES ('CI90615','非机动车临时停放费');
INSERT INTO chargingItem
VALUES ('CI90910','停车位租赁费');
INSERT INTO chargingItem
VALUES ('CI91931','机动车临时停放费');
INSERT INTO chargingItem
VALUES ('CI93153','非机动车临时停放费');
INSERT INTO chargingItem
VALUES ('CI95279','物业管理服务费');
INSERT INTO chargingItem
VALUES ('CI97835','装修管理服务费');
INSERT INTO chargingItem
VALUES ('CI99265','非机动车临时停放费');
INSERT INTO fee
VALUES ('FE1001090187','CI13013',2010306,20430825,907);
INSERT INTO fee
VALUES ('FE1007624878','CI66034',20401023,20290408,951);
INSERT INTO fee
VALUES ('FE1008511049','CI42088',20121211,20520519,835);
INSERT INTO fee
VALUES ('FE1008836167','CI69746',20420930,20320317,794);
INSERT INTO fee
VALUES ('FE1010073895','CI24414',20160202,20711113,781);
INSERT INTO fee
VALUES ('FE1016715806','CI75451',20880525,20730312,956);
INSERT INTO fee
VALUES ('FE1020550146','CI55862',20430823,20290214,829);
INSERT INTO fee
VALUES ('FE1020868255','CI35076',20830809,20810809,937);
INSERT INTO fee
VALUES ('FE1022390078','CI44409',20281219,20140811,960);
INSERT INTO fee
VALUES ('FE1030017359','CI38144',20801229,20791110,170);
INSERT INTO fee
VALUES ('FE103434926','CI68761',20300327,20700810,480);
INSERT INTO fee
VALUES ('FE1041629270','CI77143',20520109,20950528,367);
INSERT INTO fee
VALUES ('FE1044136182','CI13013',20190304,20560907,185);
INSERT INTO fee
VALUES ('FE1045544373','CI53210',20460827,20470506,503);
INSERT INTO fee
VALUES ('FE1049971605','CI57540',20340425,20610804,963);
INSERT INTO fee
VALUES ('FE1051021955','CI68761',20911207,20990330,131);
INSERT INTO fee
VALUES ('FE1053955853','CI44409',20220903,20830328,692);
INSERT INTO fee
VALUES ('FE1055526778','CI99265',20620706,20290518,966);
INSERT INTO fee
VALUES ('FE1063987146','CI34507',20651209,20950415,495);
INSERT INTO fee
VALUES ('FE1066265834','CI63604',20910905,20250124,802);
INSERT INTO fee
VALUES ('FE1069940378','CI99265',20460121,20320505,774);
INSERT INTO fee
VALUES ('FE1070950291','CI95279',20251030,20350621,801);
INSERT INTO fee
VALUES ('FE1077502281','CI57540',20480402,20321123,931);
INSERT INTO fee
VALUES ('FE1077588090','CI91931',20550228,20250121,804);
INSERT INTO fee
VALUES ('FE1079942883','CI24414',20470629,20770224,350);
INSERT INTO fee
VALUES ('FE1083989561','CI57540',20610122,20550521,817);
INSERT INTO fee
VALUES ('FE1086570692','CI13013',20700811,20610621,425);
INSERT INTO fee
VALUES ('FE1088772176','CI42088',20771030,20350327,138);
INSERT INTO fee
VALUES ('FE1092075226','CI69746',20901128,20940402,991);
INSERT INTO fee
VALUES ('FE1092523065','CI91931',20200425,20920519,538);
INSERT INTO fee
VALUES ('FE1093798818','CI31022',20430224,20691027,603);
INSERT INTO fee
VALUES ('FE1094322641','CI26759',20650220,20380308,595);
INSERT INTO fee
VALUES ('FE1094757091','CI24414',20350901,20171016,849);
INSERT INTO fee
VALUES ('FE10985745','CI14728',20480412,20720414,957);
INSERT INTO fee
VALUES ('FE1099399121','CI11614',20771011,20850411,79);
INSERT INTO fee
VALUES ('FE1101539765','CI90615',20940218,20970122,313);
INSERT INTO fee
VALUES ('FE1109057173','CI38144',20361206,20290531,264);
INSERT INTO fee
VALUES ('FE1112490491','CI3171',20100816,20920627,403);
INSERT INTO fee
VALUES ('FE1113666387','CI20572',20790101,20170602,617);
INSERT INTO fee
VALUES ('FE1116530859','CI57540',20450808,20260702,116);
INSERT INTO fee
VALUES ('FE1126065704','CI93153',20200330,20140405,671);
INSERT INTO fee
VALUES ('FE1137367545','CI26759',20111118,20270228,334);
INSERT INTO fee
VALUES ('FE1147334449','CI13013',20811209,20421026,407);
INSERT INTO fee
VALUES ('FE1148539171','CI13013',2040529,20790801,227);
INSERT INTO fee
VALUES ('FE1151427744','CI63604',2010614,20631130,346);
INSERT INTO fee
VALUES ('FE1154009835','CI14728',20530729,20280108,304);
INSERT INTO fee
VALUES ('FE115463587','CI91931',20191004,20811208,697);
INSERT INTO fee
VALUES ('FE1155791222','CI82504',20170811,20900128,645);
INSERT INTO fee
VALUES ('FE1172546860','CI35076',20960303,20870906,387);
INSERT INTO fee
VALUES ('FE1174860148','CI70469',2050219,20930516,620);
INSERT INTO fee
VALUES ('FE1178829306','CI11614',20690215,20990518,923);
INSERT INTO fee
VALUES ('FE1182310162','CI69746',20161122,20550801,898);
INSERT INTO fee
VALUES ('FE1189020619','CI3171',20501218,20140114,591);
INSERT INTO fee
VALUES ('FE118927222','CI8599',20680413,20940915,377);
INSERT INTO fee
VALUES ('FE1201945832','CI82504',20380501,20270824,53);
INSERT INTO fee
VALUES ('FE1209432606','CI21859',20770616,20180906,315);
INSERT INTO fee
VALUES ('FE121128277','CI34507',20610816,20590620,461);
INSERT INTO fee
VALUES ('FE1212852941','CI20572',20150517,20860410,695);
INSERT INTO fee
VALUES ('FE1214181985','CI21788',20141124,20290613,421);
INSERT INTO fee
VALUES ('FE1218179685','CI35076',20921126,20870216,802);
INSERT INTO fee
VALUES ('FE1220205218','CI68761',20620721,20181004,132);
INSERT INTO fee
VALUES ('FE122309568','CI20572',20960312,20760723,166);
INSERT INTO fee
VALUES ('FE1230674379','CI16307',20541023,2040609,406);
INSERT INTO fee
VALUES ('FE1235176349','CI70469',20600603,20490812,882);
INSERT INTO fee
VALUES ('FE1251895815','CI68512',20221203,20750122,581);
INSERT INTO fee
VALUES ('FE1257468744','CI65068',20860502,2070728,161);
INSERT INTO fee
VALUES ('FE1259390538','CI65068',20171006,20501214,703);
INSERT INTO fee
VALUES ('FE1264422963','CI66034',20570131,20601206,495);
INSERT INTO fee
VALUES ('FE126599927','CI34507',2071208,20970210,162);
INSERT INTO fee
VALUES ('FE1273288254','CI40915',20220509,20160502,517);
INSERT INTO fee
VALUES ('FE127967134','CI56939',20360518,20561126,804);
INSERT INTO fee
VALUES ('FE128256890','CI24414',20810907,20530703,781);
INSERT INTO fee
VALUES ('FE1285064625','CI44409',20310730,20110103,769);
INSERT INTO fee
VALUES ('FE1288133806','CI95279',2080219,20401103,294);
INSERT INTO fee
VALUES ('FE128940653','CI11614',20640127,20290618,20);
INSERT INTO fee
VALUES ('FE12906117','CI77143',20250717,2020208,896);
INSERT INTO fee
VALUES ('FE1293381299','CI24414',20290919,20850823,299);
INSERT INTO fee
VALUES ('FE1293433479','CI66034',20870125,20700212,522);
INSERT INTO fee
VALUES ('FE1306250026','CI65068',20830105,20731124,914);
INSERT INTO fee
VALUES ('FE1307105777','CI16307',20920702,20980921,240);
INSERT INTO fee
VALUES ('FE1312963676','CI93153',20760327,20121028,142);
INSERT INTO fee
VALUES ('FE131958729','CI16307',20111215,20610713,174);
INSERT INTO fee
VALUES ('FE132546339','CI48430',20720811,20320715,941);
INSERT INTO fee
VALUES ('FE1328267169','CI75451',20990823,20980127,157);
INSERT INTO fee
VALUES ('FE1332184297','CI95279',20750430,20460604,309);
INSERT INTO fee
VALUES ('FE1333202384','CI34507',20700711,20681220,565);
INSERT INTO fee
VALUES ('FE1334230484','CI69759',20550924,20990715,739);
INSERT INTO fee
VALUES ('FE1341578941','CI68761',20360130,20360723,120);
INSERT INTO fee
VALUES ('FE1350787416','CI42088',20580304,20320106,429);
INSERT INTO fee
VALUES ('FE1352194522','CI16307',20810603,20180222,116);
INSERT INTO fee
VALUES ('FE1354423705','CI40126',20570113,20971220,327);
INSERT INTO fee
VALUES ('FE1365687088','CI21859',20861006,20591126,101);
INSERT INTO fee
VALUES ('FE136811769','CI34507',20850513,20720310,501);
INSERT INTO fee
VALUES ('FE1369316627','CI69759',20630419,20521121,69);
INSERT INTO fee
VALUES ('FE1370465558','CI35076',20410725,20530731,505);
INSERT INTO fee
VALUES ('FE1374409460','CI15203',20331009,20410414,670);
INSERT INTO fee
VALUES ('FE1379861027','CI42088',20931224,20110519,651);
INSERT INTO fee
VALUES ('FE1381912487','CI93153',20231108,20420325,74);
INSERT INTO fee
VALUES ('FE1383899415','CI89706',20580717,20370323,579);
INSERT INTO fee
VALUES ('FE1390900915','CI49218',20521104,20600606,907);
INSERT INTO fee
VALUES ('FE1393481039','CI90910',20450208,20610430,175);
INSERT INTO fee
VALUES ('FE1394441187','CI90615',20270928,20290220,383);
INSERT INTO fee
VALUES ('FE1401095330','CI26759',20560803,20321130,689);
INSERT INTO fee
VALUES ('FE1404675448','CI99265',20760227,20930624,559);
INSERT INTO fee
VALUES ('FE1418773468','CI13013',20560120,20920422,646);
INSERT INTO fee
VALUES ('FE1420490497','CI35773',20701018,20591108,794);
INSERT INTO fee
VALUES ('FE1423526513','CI93153',2020606,20780909,356);
INSERT INTO fee
VALUES ('FE1425165544','CI77143',20870603,2011014,717);
INSERT INTO fee
VALUES ('FE1431195869','CI65068',20950527,20930116,72);
INSERT INTO fee
VALUES ('FE1436693512','CI13013',2050120,20400223,733);
INSERT INTO fee
VALUES ('FE143810228','CI57540',20841206,20851222,980);
INSERT INTO fee
VALUES ('FE1439042167','CI69746',20891015,20270924,805);
INSERT INTO fee
VALUES ('FE1445267831','CI49218',20660305,20210115,562);
INSERT INTO fee
VALUES ('FE144640236','CI95279',20270329,20260325,592);
INSERT INTO fee
VALUES ('FE1446713357','CI15203',20741014,2000203,722);
INSERT INTO fee
VALUES ('FE1464212746','CI65068',2020620,20141007,176);
INSERT INTO fee
VALUES ('FE1464408556','CI82504',20590925,20300828,728);
INSERT INTO fee
VALUES ('FE1468183848','CI70469',20480831,2051006,185);
INSERT INTO fee
VALUES ('FE1473001110','CI71216',20960911,2050108,865);
INSERT INTO fee
VALUES ('FE1474398069','CI35773',20411122,20991220,76);
INSERT INTO fee
VALUES ('FE1477246435','CI40915',20851103,20300302,695);
INSERT INTO fee
VALUES ('FE1480692500','CI49218',2090117,20600512,30);
INSERT INTO fee
VALUES ('FE1485905902','CI24414',20640818,20650603,742);
INSERT INTO fee
VALUES ('FE1485985090','CI65068',20490811,20230802,547);
INSERT INTO fee
VALUES ('FE1486451534','CI56939',20681017,20130426,295);
INSERT INTO fee
VALUES ('FE1490507831','CI57540',20110608,20340710,388);
INSERT INTO fee
VALUES ('FE149413792','CI21788',20241013,20620302,652);
INSERT INTO fee
VALUES ('FE149837879','CI56939',20470707,20260307,824);
INSERT INTO fee
VALUES ('FE1508745235','CI53210',20650731,20770426,966);
INSERT INTO fee
VALUES ('FE1508774226','CI89706',20721125,20850809,683);
INSERT INTO fee
VALUES ('FE1510549337','CI99265',20920507,20640210,226);
INSERT INTO fee
VALUES ('FE1511834643','CI40915',20710622,20930909,376);
INSERT INTO fee
VALUES ('FE1512180810','CI68761',20840615,20800413,925);
INSERT INTO fee
VALUES ('FE1517122996','CI34507',20860322,20330822,732);
INSERT INTO fee
VALUES ('FE1518480788','CI90910',20380213,20720913,855);
INSERT INTO fee
VALUES ('FE1529283596','CI46777',20480325,20790902,854);
INSERT INTO fee
VALUES ('FE1533278401','CI90615',20590730,20270623,797);
INSERT INTO fee
VALUES ('FE1534208198','CI70469',20130521,2000606,186);
INSERT INTO fee
VALUES ('FE153814583','CI16307',20210404,20381015,696);
INSERT INTO fee
VALUES ('FE1541384535','CI46777',20120530,20820722,368);
INSERT INTO fee
VALUES ('FE1546071332','CI3171',20360212,20330811,627);
INSERT INTO fee
VALUES ('FE1549611781','CI93153',20930812,20890316,808);
INSERT INTO fee
VALUES ('FE1561569826','CI46777',20930703,20680107,326);
INSERT INTO fee
VALUES ('FE1567980313','CI68512',2060212,20440222,429);
INSERT INTO fee
VALUES ('FE1571724597','CI70469',20330302,20970609,687);
INSERT INTO fee
VALUES ('FE1584749173','CI66034',20540325,2010902,264);
INSERT INTO fee
VALUES ('FE1585110676','CI68512',20570327,20990917,894);
INSERT INTO fee
VALUES ('FE1586015794','CI38144',20260325,20870414,625);
INSERT INTO fee
VALUES ('FE1586029607','CI66034',20210203,2070213,391);
INSERT INTO fee
VALUES ('FE1586037292','CI16307',20890120,20630802,672);
INSERT INTO fee
VALUES ('FE1587899293','CI49218',20230620,20460701,160);
INSERT INTO fee
VALUES ('FE1600423194','CI97835',20781217,20660223,173);
INSERT INTO fee
VALUES ('FE1607356715','CI8599',20450410,20940413,18);
INSERT INTO fee
VALUES ('FE1610417446','CI75451',20120730,20881205,278);
INSERT INTO fee
VALUES ('FE1614278639','CI16307',20660405,20940714,25);
INSERT INTO fee
VALUES ('FE1617668341','CI90615',20220411,20880212,100);
INSERT INTO fee
VALUES ('FE1618396029','CI44409',2000512,20880223,140);
INSERT INTO fee
VALUES ('FE1627234599','CI71216',20901217,20760223,672);
INSERT INTO fee
VALUES ('FE1634468275','CI56939',20860317,20841125,745);
INSERT INTO fee
VALUES ('FE1635051455','CI35773',20271220,20180420,695);
INSERT INTO fee
VALUES ('FE1636288867','CI8599',2000416,20220708,726);
INSERT INTO fee
VALUES ('FE1638531161','CI90615',20710622,2030506,210);
INSERT INTO fee
VALUES ('FE1640236560','CI13013',20931025,20720714,679);
INSERT INTO fee
VALUES ('FE1640787741','CI53210',20580503,20640923,162);
INSERT INTO fee
VALUES ('FE1641131468','CI71216',20660316,2070305,480);
INSERT INTO fee
VALUES ('FE1647513392','CI90615',20830603,20200603,274);
INSERT INTO fee
VALUES ('FE1647953999','CI14728',20820729,20720528,871);
INSERT INTO fee
VALUES ('FE1650028444','CI69759',20731002,20361001,537);
INSERT INTO fee
VALUES ('FE1652519231','CI66034',20650624,20720728,987);
INSERT INTO fee
VALUES ('FE1660164314','CI7191',20360114,20530113,246);
INSERT INTO fee
VALUES ('FE166110643','CI7191',20280819,20581027,498);
INSERT INTO fee
VALUES ('FE1661378700','CI49218',20220506,20730730,325);
INSERT INTO fee
VALUES ('FE1665877579','CI68761',20350128,20300306,211);
INSERT INTO fee
VALUES ('FE1667753723','CI97835',20250311,20630222,810);
INSERT INTO fee
VALUES ('FE1668492047','CI31022',20520706,20291031,789);
INSERT INTO fee
VALUES ('FE1669788737','CI99265',20220912,20220107,395);
INSERT INTO fee
VALUES ('FE1672451522','CI69759',20550831,20530520,314);
INSERT INTO fee
VALUES ('FE1678351582','CI68761',20980512,20700616,285);
INSERT INTO fee
VALUES ('FE1685131148','CI49218',20920901,2091121,753);
INSERT INTO fee
VALUES ('FE1687452289','CI68512',20761122,20541222,368);
INSERT INTO fee
VALUES ('FE1688798077','CI44409',20500317,20210803,781);
INSERT INTO fee
VALUES ('FE1689115740','CI53210',20880613,20750818,733);
INSERT INTO fee
VALUES ('FE1690045228','CI91931',2090124,20481202,78);
INSERT INTO fee
VALUES ('FE16958048','CI11614',20470406,20450405,92);
INSERT INTO fee
VALUES ('FE1707931237','CI71216',20930821,20610320,251);
INSERT INTO fee
VALUES ('FE171280696','CI24414',2000909,20940305,631);
INSERT INTO fee
VALUES ('FE1712833149','CI66034',2080716,2030414,928);
INSERT INTO fee
VALUES ('FE1715673046','CI15203',2080904,20231122,942);
INSERT INTO fee
VALUES ('FE17260072','CI66034',20690927,2011119,285);
INSERT INTO fee
VALUES ('FE1735419046','CI90615',20870425,20160122,413);
INSERT INTO fee
VALUES ('FE1738869140','CI86022',20890329,20940420,347);
INSERT INTO fee
VALUES ('FE1744537700','CI20572',20641025,20670703,438);
INSERT INTO fee
VALUES ('FE1753077257','CI90615',20331012,20230629,603);
INSERT INTO fee
VALUES ('FE175487541','CI69746',20690325,20170429,505);
INSERT INTO fee
VALUES ('FE1756162559','CI53210',20470211,2050324,679);
INSERT INTO fee
VALUES ('FE1767082923','CI49218',20350502,20230429,726);
INSERT INTO fee
VALUES ('FE1767086780','CI90615',2080828,20431026,941);
INSERT INTO fee
VALUES ('FE1774763928','CI69746',20120624,20991027,161);
INSERT INTO fee
VALUES ('FE1782130105','CI48430',20360105,20490206,587);
INSERT INTO fee
VALUES ('FE1783374634','CI90910',2051105,20851006,903);
INSERT INTO fee
VALUES ('FE1783639177','CI34507',20440623,20440524,282);
INSERT INTO fee
VALUES ('FE1787160517','CI77143',20900920,20610216,450);
INSERT INTO fee
VALUES ('FE1791016098','CI55862',20890327,20380707,558);
INSERT INTO fee
VALUES ('FE179189398','CI95279',20600615,20341231,119);
INSERT INTO fee
VALUES ('FE1792896545','CI56939',20920820,20110706,708);
INSERT INTO fee
VALUES ('FE179737759','CI90910',20231021,20630127,949);
INSERT INTO fee
VALUES ('FE1801342361','CI77143',20510225,20680527,586);
INSERT INTO fee
VALUES ('FE1806052076','CI42088',20121126,20940521,652);
INSERT INTO fee
VALUES ('FE1811332498','CI93153',20431207,20780923,259);
INSERT INTO fee
VALUES ('FE1814744035','CI95279',20830212,20220216,178);
INSERT INTO fee
VALUES ('FE1827941586','CI7191',20590526,20891123,123);
INSERT INTO fee
VALUES ('FE1832578285','CI99265',20180112,2081030,407);
INSERT INTO fee
VALUES ('FE1835086806','CI91931',20720827,20120315,720);
INSERT INTO fee
VALUES ('FE1840241551','CI49218',20100921,20690803,358);
INSERT INTO fee
VALUES ('FE1842813408','CI21859',20510525,20310322,168);
INSERT INTO fee
VALUES ('FE1846635864','CI82504',20220906,20170417,190);
INSERT INTO fee
VALUES ('FE1854377094','CI68761',20250122,20340704,29);
INSERT INTO fee
VALUES ('FE1860409418','CI11614',20500517,20401221,823);
INSERT INTO fee
VALUES ('FE1864076667','CI56939',20380104,20670325,336);
INSERT INTO fee
VALUES ('FE1864703497','CI71216',20990720,20650316,345);
INSERT INTO fee
VALUES ('FE1869180758','CI70469',20281222,20700227,417);
INSERT INTO fee
VALUES ('FE1872183017','CI42088',20410928,20720410,431);
INSERT INTO fee
VALUES ('FE1872414742','CI21859',20661125,20951225,487);
INSERT INTO fee
VALUES ('FE1873179465','CI77143',20660413,20410616,355);
INSERT INTO fee
VALUES ('FE1874818164','CI49218',20310110,20190624,817);
INSERT INTO fee
VALUES ('FE1876157097','CI69746',20700417,20111206,978);
INSERT INTO fee
VALUES ('FE1877074968','CI40126',20911210,20741214,807);
INSERT INTO fee
VALUES ('FE1883289760','CI31022',20330524,20650426,937);
INSERT INTO fee
VALUES ('FE1884963000','CI86022',20181113,20771019,547);
INSERT INTO fee
VALUES ('FE1896602121','CI49218',20300615,20930227,940);
INSERT INTO fee
VALUES ('FE1899310149','CI38144',20730901,20620801,271);
INSERT INTO fee
VALUES ('FE1899488371','CI48430',20140109,20860613,523);
INSERT INTO fee
VALUES ('FE1901395072','CI86022',20191218,20900516,968);
INSERT INTO fee
VALUES ('FE1907006619','CI71216',20550812,20690317,317);
INSERT INTO fee
VALUES ('FE1909856918','CI16307',20991205,20130715,397);
INSERT INTO fee
VALUES ('FE1911007510','CI66034',20340712,20530816,240);
INSERT INTO fee
VALUES ('FE1912183504','CI14728',20720725,20540823,578);
INSERT INTO fee
VALUES ('FE1912773226','CI90910',20690413,20320920,973);
INSERT INTO fee
VALUES ('FE1913302182','CI69746',20370518,20290911,180);
INSERT INTO fee
VALUES ('FE1913334298','CI70469',20690726,20480223,677);
INSERT INTO fee
VALUES ('FE1914281525','CI34507',20570414,20310523,988);
INSERT INTO fee
VALUES ('FE1914827761','CI34507',20290408,20130405,397);
INSERT INTO fee
VALUES ('FE1916568876','CI31022',20670927,20430630,499);
INSERT INTO fee
VALUES ('FE1919904878','CI68512',20421003,20890715,694);
INSERT INTO fee
VALUES ('FE1926443679','CI20572',20570121,20130117,353);
INSERT INTO fee
VALUES ('FE1926651938','CI34507',20100205,20150209,488);
INSERT INTO fee
VALUES ('FE1930211390','CI35773',20810514,20690502,743);
INSERT INTO fee
VALUES ('FE1933874457','CI71216',20560402,20741002,684);
INSERT INTO fee
VALUES ('FE1935882311','CI3171',20290615,20360430,814);
INSERT INTO fee
VALUES ('FE1940170003','CI21859',20730728,20110614,663);
INSERT INTO fee
VALUES ('FE1949570895','CI66034',20881217,20990306,61);
INSERT INTO fee
VALUES ('FE1961740080','CI53210',2020420,20200806,558);
INSERT INTO fee
VALUES ('FE1963254393','CI46777',20611221,20450609,672);
INSERT INTO fee
VALUES ('FE1967165558','CI40126',20921204,20661208,68);
INSERT INTO fee
VALUES ('FE1971431774','CI31022',20720717,20761230,395);
INSERT INTO fee
VALUES ('FE1984358944','CI48430',20961026,20880410,614);
INSERT INTO fee
VALUES ('FE1986435173','CI46777',20800126,20980414,720);
INSERT INTO fee
VALUES ('FE1996748927','CI97835',20570310,20651017,922);
INSERT INTO fee
VALUES ('FE1998725263','CI90910',20730209,20210520,423);
INSERT INTO fee
VALUES ('FE2000826273','CI68761',20540529,20801101,284);
INSERT INTO fee
VALUES ('FE2000887944','CI65068',20611228,20570909,828);
INSERT INTO fee
VALUES ('FE2014297705','CI44409',20130428,20171008,796);
INSERT INTO fee
VALUES ('FE2015336469','CI71216',20620929,20620406,539);
INSERT INTO fee
VALUES ('FE2016647171','CI89706',20670122,20530118,198);
INSERT INTO fee
VALUES ('FE201729316','CI68761',20460911,20350531,964);
INSERT INTO fee
VALUES ('FE2020173122','CI53210',20570701,2000421,479);
INSERT INTO fee
VALUES ('FE2022561761','CI49218',20260525,20350711,99);
INSERT INTO fee
VALUES ('FE2023633626','CI63604',20340211,2080128,350);
INSERT INTO fee
VALUES ('FE2023986318','CI7191',20750912,20760422,880);
INSERT INTO fee
VALUES ('FE2025396994','CI56939',20260102,20700511,556);
INSERT INTO fee
VALUES ('FE20299613','CI16307',20941212,20820801,163);
INSERT INTO fee
VALUES ('FE2031965741','CI70469',2020421,20900525,911);
INSERT INTO fee
VALUES ('FE2034530246','CI21859',20690921,2020321,560);
INSERT INTO fee
VALUES ('FE2044969148','CI86022',20340212,20490815,136);
INSERT INTO fee
VALUES ('FE2045099833','CI3171',20930929,20961220,117);
INSERT INTO fee
VALUES ('FE2045186514','CI93153',20810210,20960525,633);
INSERT INTO fee
VALUES ('FE2047502367','CI77143',20900209,20240308,190);
INSERT INTO fee
VALUES ('FE2047930909','CI55862',20180119,20791211,741);
INSERT INTO fee
VALUES ('FE2056964713','CI65068',20880304,20431221,382);
INSERT INTO fee
VALUES ('FE2058404100','CI71216',20180914,20380324,777);
INSERT INTO fee
VALUES ('FE2070982704','CI77143',20780908,20821102,640);
INSERT INTO fee
VALUES ('FE208287381','CI15203',20350220,20820509,559);
INSERT INTO fee
VALUES ('FE2084089568','CI24414',20140329,20500703,292);
INSERT INTO fee
VALUES ('FE2090024588','CI3171',20330717,20880210,352);
INSERT INTO fee
VALUES ('FE209155095','CI15203',20151119,20860615,786);
INSERT INTO fee
VALUES ('FE2100522277','CI24414',20270902,20960622,270);
INSERT INTO fee
VALUES ('FE2101169659','CI3171',20841201,20400106,880);
INSERT INTO fee
VALUES ('FE2101306220','CI15203',20710913,20621224,694);
INSERT INTO fee
VALUES ('FE2104258419','CI97835',20390926,20390518,582);
INSERT INTO fee
VALUES ('FE2105719247','CI15203',2050717,20321231,41);
INSERT INTO fee
VALUES ('FE2113076120','CI97835',20511020,20160124,742);
INSERT INTO fee
VALUES ('FE2115216988','CI57540',20250323,20731007,271);
INSERT INTO fee
VALUES ('FE2125629135','CI90615',20490325,2060920,809);
INSERT INTO fee
VALUES ('FE2126321470','CI35076',20400606,20260424,477);
INSERT INTO fee
VALUES ('FE2126824090','CI71216',20940605,2070317,332);
INSERT INTO fee
VALUES ('FE2135336470','CI31022',20910224,20460814,639);
INSERT INTO fee
VALUES ('FE2135937830','CI53210',2090626,20670808,310);
INSERT INTO fee
VALUES ('FE2141744516','CI65068',20400412,20600316,304);
INSERT INTO fee
VALUES ('FE2144495211','CI71216',20200130,20631219,361);
INSERT INTO fee
VALUES ('FE216522566','CI90615',20150707,2030822,79);
INSERT INTO fee
VALUES ('FE216620608','CI68512',20591118,20861225,298);
INSERT INTO fee
VALUES ('FE251032125','CI21859',20231222,20571212,201);
INSERT INTO fee
VALUES ('FE264484536','CI93153',20840916,20480328,700);
INSERT INTO fee
VALUES ('FE268748224','CI14728',20320812,20671201,308);
INSERT INTO fee
VALUES ('FE276459356','CI68761',20790731,20900731,838);
INSERT INTO fee
VALUES ('FE282074414','CI34507',20230901,20941227,935);
INSERT INTO fee
VALUES ('FE285805945','CI95279',20450214,20980213,930);
INSERT INTO fee
VALUES ('FE287667857','CI46777',20881126,20530612,239);
INSERT INTO fee
VALUES ('FE288095090','CI93153',2010520,20570621,58);
INSERT INTO fee
VALUES ('FE292881769','CI68512',20990507,20460317,584);
INSERT INTO fee
VALUES ('FE294555148','CI21788',20260821,20970524,457);
INSERT INTO fee
VALUES ('FE31277135','CI71216',20450505,20910520,478);
INSERT INTO fee
VALUES ('FE313181920','CI24414',20280121,20461022,911);
INSERT INTO fee
VALUES ('FE320245185','CI99265',20531107,2060908,973);
INSERT INTO fee
VALUES ('FE323785061','CI48430',20880410,20970813,15);
INSERT INTO fee
VALUES ('FE326257756','CI89706',2081214,20921004,674);
INSERT INTO fee
VALUES ('FE328636055','CI63604',20400604,20481117,713);
INSERT INTO fee
VALUES ('FE329279087','CI20572',20660906,20980816,143);
INSERT INTO fee
VALUES ('FE330346996','CI63604',20421014,20120913,835);
INSERT INTO fee
VALUES ('FE335634253','CI97835',20780616,20481128,25);
INSERT INTO fee
VALUES ('FE337114014','CI65068',20860521,20810106,594);
INSERT INTO fee
VALUES ('FE337576534','CI16307',20260514,2000831,119);
INSERT INTO fee
VALUES ('FE337917740','CI71216',20141231,20431108,241);
INSERT INTO fee
VALUES ('FE354186501','CI8599',20510330,20220923,921);
INSERT INTO fee
VALUES ('FE356755570','CI26759',20111023,20191017,576);
INSERT INTO fee
VALUES ('FE356976057','CI70469',20571106,20850508,950);
INSERT INTO fee
VALUES ('FE358444148','CI46777',20300426,2051126,693);
INSERT INTO fee
VALUES ('FE36010936','CI63604',20230929,20921224,124);
INSERT INTO fee
VALUES ('FE372401360','CI15203',2080317,20760201,770);
INSERT INTO fee
VALUES ('FE372758893','CI44409',20760303,20890813,566);
INSERT INTO fee
VALUES ('FE376073988','CI69746',2050407,20890909,473);
INSERT INTO fee
VALUES ('FE376450546','CI31022',20180507,20850921,92);
INSERT INTO fee
VALUES ('FE378333597','CI90910',20250323,20770517,411);
INSERT INTO fee
VALUES ('FE387502614','CI90615',20850213,2060619,151);
INSERT INTO fee
VALUES ('FE390827841','CI86022',20711109,20130609,713);
INSERT INTO fee
VALUES ('FE394542950','CI20572',20380131,2040914,352);
INSERT INTO fee
VALUES ('FE399146554','CI16307',20211004,20480531,452);
INSERT INTO fee
VALUES ('FE403893129','CI99265',20520617,20680713,175);
INSERT INTO fee
VALUES ('FE410942968','CI35773',20560704,20180411,627);
INSERT INTO fee
VALUES ('FE411054424','CI26759',20450104,20590606,781);
INSERT INTO fee
VALUES ('FE41329917','CI95279',20180322,20960830,521);
INSERT INTO fee
VALUES ('FE415172263','CI53210',20951001,20730409,115);
INSERT INTO fee
VALUES ('FE415179503','CI8599',20311022,20131201,125);
INSERT INTO fee
VALUES ('FE417003235','CI21788',20651130,20621020,108);
INSERT INTO fee
VALUES ('FE418863701','CI71216',20970225,20800606,373);
INSERT INTO fee
VALUES ('FE419009429','CI34507',2060131,2080515,458);
INSERT INTO fee
VALUES ('FE420707043','CI91931',20271214,20750803,819);
INSERT INTO fee
VALUES ('FE42824097','CI68761',20640710,2080718,125);
INSERT INTO fee
VALUES ('FE428904400','CI49218',20130615,20960613,151);
INSERT INTO fee
VALUES ('FE431372659','CI56939',2000319,2030516,657);
INSERT INTO fee
VALUES ('FE431404187','CI91931',20960117,20200228,143);
INSERT INTO fee
VALUES ('FE433950838','CI26759',2000304,2020519,283);
INSERT INTO fee
VALUES ('FE434415233','CI68761',20950708,20790111,65);
INSERT INTO fee
VALUES ('FE440741938','CI35076',20670110,20220523,349);
INSERT INTO fee
VALUES ('FE446884747','CI65068',2021206,20361121,960);
INSERT INTO fee
VALUES ('FE449205656','CI57540',20450828,20621119,114);
INSERT INTO fee
VALUES ('FE449642696','CI91931',20840323,20510209,96);
INSERT INTO fee
VALUES ('FE4522425','CI40126',20100302,20471204,833);
INSERT INTO fee
VALUES ('FE453723730','CI14728',2061021,20441202,183);
INSERT INTO fee
VALUES ('FE453785325','CI13013',20780118,20581210,90);
INSERT INTO fee
VALUES ('FE463001454','CI44409',20990520,20410427,664);
INSERT INTO fee
VALUES ('FE472551735','CI53210',20130118,20141120,170);
INSERT INTO fee
VALUES ('FE47675841','CI55862',20230304,20421029,304);
INSERT INTO fee
VALUES ('FE479274671','CI34507',20801123,20110726,4);
INSERT INTO fee
VALUES ('FE481142623','CI90910',20611104,20140128,380);
INSERT INTO fee
VALUES ('FE481512606','CI48430',20990729,2060419,268);
INSERT INTO fee
VALUES ('FE484708766','CI57540',20500327,20890524,765);
INSERT INTO fee
VALUES ('FE493821559','CI3171',20970225,20180212,411);
INSERT INTO fee
VALUES ('FE497606099','CI86022',20280606,2090203,892);
INSERT INTO fee
VALUES ('FE504371403','CI42088',2050228,20700819,222);
INSERT INTO fee
VALUES ('FE504602063','CI15203',20440422,20550322,722);
INSERT INTO fee
VALUES ('FE515059197','CI66034',20980316,20710227,458);
INSERT INTO fee
VALUES ('FE517502560','CI14728',20760901,20570302,567);
INSERT INTO fee
VALUES ('FE525973177','CI90615',20540904,20730709,467);
INSERT INTO fee
VALUES ('FE527149117','CI8599',20160606,20210504,255);
INSERT INTO fee
VALUES ('FE533163951','CI49218',20500315,20650625,282);
INSERT INTO fee
VALUES ('FE537796038','CI63604',20931010,20570911,833);
INSERT INTO fee
VALUES ('FE538173154','CI89706',20650326,20820712,924);
INSERT INTO fee
VALUES ('FE539188006','CI95279',20870906,20740728,145);
INSERT INTO fee
VALUES ('FE54602396','CI69759',2060615,20530129,297);
INSERT INTO fee
VALUES ('FE555198167','CI26759',20230111,20780308,185);
INSERT INTO fee
VALUES ('FE557269054','CI40915',20371224,20150119,826);
INSERT INTO fee
VALUES ('FE562699035','CI57540',20170921,20670712,433);
INSERT INTO fee
VALUES ('FE565995779','CI68512',20660419,20380915,757);
INSERT INTO fee
VALUES ('FE568373362','CI68761',20681215,20850206,696);
INSERT INTO fee
VALUES ('FE568447208','CI42088',20590226,20670423,421);
INSERT INTO fee
VALUES ('FE574859158','CI66034',20750607,20160402,684);
INSERT INTO fee
VALUES ('FE58236301','CI71216',20410821,20300307,653);
INSERT INTO fee
VALUES ('FE591355552','CI13013',20450503,20111123,717);
INSERT INTO fee
VALUES ('FE601034257','CI34507',20220402,20790418,695);
INSERT INTO fee
VALUES ('FE608079380','CI77143',2011205,20430730,504);
INSERT INTO fee
VALUES ('FE625855138','CI86022',20640510,20560504,77);
INSERT INTO fee
VALUES ('FE631143195','CI77143',20880117,20450412,585);
INSERT INTO fee
VALUES ('FE6321607','CI31022',20160415,20140203,822);
INSERT INTO fee
VALUES ('FE632264420','CI75451',20630321,20300710,92);
INSERT INTO fee
VALUES ('FE635472997','CI70469',2091120,20941014,865);
INSERT INTO fee
VALUES ('FE636074246','CI77143',20281122,20830719,654);
INSERT INTO fee
VALUES ('FE638566101','CI90615',20831104,20700322,778);
INSERT INTO fee
VALUES ('FE640807144','CI93153',2090905,20330527,365);
INSERT INTO fee
VALUES ('FE643833278','CI21859',20950705,20920114,378);
INSERT INTO fee
VALUES ('FE648376836','CI42088',20241112,20430322,302);
INSERT INTO fee
VALUES ('FE649092169','CI68512',2070105,20620929,800);
INSERT INTO fee
VALUES ('FE65012568','CI40126',20480221,20911223,370);
INSERT INTO fee
VALUES ('FE651727859','CI95279',20960303,20360104,888);
INSERT INTO fee
VALUES ('FE653236537','CI13013',20401127,20311114,170);
INSERT INTO fee
VALUES ('FE667176315','CI63604',20221022,20280714,307);
INSERT INTO fee
VALUES ('FE676868764','CI46777',20390714,20491001,590);
INSERT INTO fee
VALUES ('FE679165601','CI99265',20821022,20200125,464);
INSERT INTO fee
VALUES ('FE68250137','CI95279',20140313,20590715,462);
INSERT INTO fee
VALUES ('FE684113282','CI69759',20631104,20850911,833);
INSERT INTO fee
VALUES ('FE68683957','CI82504',20980413,20410405,56);
INSERT INTO fee
VALUES ('FE689523187','CI31022',20490529,20661209,649);
INSERT INTO fee
VALUES ('FE692594690','CI95279',20940909,20670729,384);
INSERT INTO fee
VALUES ('FE693291127','CI97835',20950810,20700723,537);
INSERT INTO fee
VALUES ('FE698391917','CI69759',20640319,20360114,496);
INSERT INTO fee
VALUES ('FE699733898','CI34507',20490920,20751228,560);
INSERT INTO fee
VALUES ('FE704615739','CI95279',20520507,20140128,271);
INSERT INTO fee
VALUES ('FE705280619','CI93153',20571220,20211213,294);
INSERT INTO fee
VALUES ('FE705378637','CI93153',20270805,20691024,922);
INSERT INTO fee
VALUES ('FE719021584','CI35773',20600119,2010211,300);
INSERT INTO fee
VALUES ('FE726952303','CI69746',20621009,20770501,761);
INSERT INTO fee
VALUES ('FE727660848','CI3171',20260815,20100727,914);
INSERT INTO fee
VALUES ('FE747537818','CI31022',20141115,20681125,874);
INSERT INTO fee
VALUES ('FE748212459','CI56939',20821116,20880123,833);
INSERT INTO fee
VALUES ('FE748916352','CI71216',20380327,20521222,380);
INSERT INTO fee
VALUES ('FE75157623','CI55862',20470305,20510207,394);
INSERT INTO fee
VALUES ('FE757776991','CI3171',20440316,20271208,947);
INSERT INTO fee
VALUES ('FE765777634','CI77143',20931112,20660125,210);
INSERT INTO fee
VALUES ('FE766804913','CI99265',2020224,20170212,670);
INSERT INTO fee
VALUES ('FE767526704','CI82504',20370817,20201015,940);
INSERT INTO fee
VALUES ('FE782483539','CI66034',20611025,20570603,372);
INSERT INTO fee
VALUES ('FE789218801','CI53210',20160101,20340118,349);
INSERT INTO fee
VALUES ('FE794945148','CI21788',20241115,20491010,426);
INSERT INTO fee
VALUES ('FE797668880','CI91931',20170831,20600311,260);
INSERT INTO fee
VALUES ('FE807172714','CI48430',20320522,20950516,90);
INSERT INTO fee
VALUES ('FE808884745','CI46777',2070318,20390924,857);
INSERT INTO fee
VALUES ('FE809576563','CI66034',20940609,20730706,325);
INSERT INTO fee
VALUES ('FE809689848','CI65068',20841017,20240520,958);
INSERT INTO fee
VALUES ('FE813372512','CI11614',20970817,20780315,177);
INSERT INTO fee
VALUES ('FE822039727','CI97835',20930503,20490817,990);
INSERT INTO fee
VALUES ('FE823003763','CI82504',20480420,20341113,775);
INSERT INTO fee
VALUES ('FE826486916','CI70469',20560629,20380808,468);
INSERT INTO fee
VALUES ('FE827123897','CI69759',20200603,20261119,311);
INSERT INTO fee
VALUES ('FE838114496','CI46777',20991216,2090308,186);
INSERT INTO fee
VALUES ('FE838305690','CI68761',20780501,20811223,412);
INSERT INTO fee
VALUES ('FE841368416','CI71216',2030903,20690305,726);
INSERT INTO fee
VALUES ('FE844806011','CI40915',20190416,20251015,402);
INSERT INTO fee
VALUES ('FE845093599','CI91931',20850912,20591101,402);
INSERT INTO fee
VALUES ('FE846469330','CI97835',20300809,20561102,730);
INSERT INTO fee
VALUES ('FE847983202','CI15203',20470522,20271024,212);
INSERT INTO fee
VALUES ('FE849570875','CI7191',20520514,20551016,342);
INSERT INTO fee
VALUES ('FE850891409','CI7191',20580330,20410913,406);
INSERT INTO fee
VALUES ('FE852215512','CI14728',20110521,20751128,402);
INSERT INTO fee
VALUES ('FE852888738','CI69746',2020213,2050301,98);
INSERT INTO fee
VALUES ('FE85649947','CI77143',20421122,20170828,814);
INSERT INTO fee
VALUES ('FE857335329','CI46777',20800205,20460403,76);
INSERT INTO fee
VALUES ('FE860672202','CI20572',20151113,20580310,39);
INSERT INTO fee
VALUES ('FE864139092','CI82504',20270816,20570508,948);
INSERT INTO fee
VALUES ('FE878653463','CI68761',20430912,20570913,874);
INSERT INTO fee
VALUES ('FE880263563','CI53210',20700421,20450123,798);
INSERT INTO fee
VALUES ('FE882051860','CI65068',20810126,20861023,430);
INSERT INTO fee
VALUES ('FE882232035','CI93153',20661229,20351114,347);
INSERT INTO fee
VALUES ('FE883990198','CI35076',2010718,20290220,55);
INSERT INTO fee
VALUES ('FE884726351','CI70469',20481106,20760708,868);
INSERT INTO fee
VALUES ('FE888354301','CI46777',20780515,2081119,881);
INSERT INTO fee
VALUES ('FE890610281','CI91931',20561229,2031016,493);
INSERT INTO fee
VALUES ('FE894380456','CI70469',20880702,20640926,821);
INSERT INTO fee
VALUES ('FE896734277','CI70469',20921227,20780914,650);
INSERT INTO fee
VALUES ('FE899419366','CI7191',2091113,20830404,934);
INSERT INTO fee
VALUES ('FE906415595','CI99265',20620221,20311102,613);
INSERT INTO fee
VALUES ('FE912438389','CI15203',20750318,20401125,549);
INSERT INTO fee
VALUES ('FE922487417','CI49218',20621025,20230817,622);
INSERT INTO fee
VALUES ('FE924054256','CI77143',20960930,20420826,338);
INSERT INTO fee
VALUES ('FE92835801','CI75451',20900314,20190210,734);
INSERT INTO fee
VALUES ('FE931387840','CI21859',20150611,20530411,91);
INSERT INTO fee
VALUES ('FE932770721','CI93153',20990624,2090720,913);
INSERT INTO fee
VALUES ('FE93342922','CI13013',20950402,20220303,488);
INSERT INTO fee
VALUES ('FE937457774','CI75451',20860315,20401019,701);
INSERT INTO fee
VALUES ('FE94792764','CI48430',20910717,20850131,691);
INSERT INTO fee
VALUES ('FE95284304','CI57540',20960305,2010215,844);
INSERT INTO fee
VALUES ('FE954645984','CI69759',2040925,20950817,454);
INSERT INTO fee
VALUES ('FE958346064','CI77143',2030515,20981221,644);
INSERT INTO fee
VALUES ('FE958484048','CI34507',20871008,20551130,229);
INSERT INTO fee
VALUES ('FE964384475','CI26759',2040518,20530205,785);
INSERT INTO fee
VALUES ('FE966558589','CI8599',20670227,20510908,273);
INSERT INTO fee
VALUES ('FE96906949','CI16307',20220928,20630429,351);
INSERT INTO fee
VALUES ('FE975299804','CI42088',20830606,20800101,147);
INSERT INTO fee
VALUES ('FE975374373','CI77143',2060212,20960128,638);
INSERT INTO fee
VALUES ('FE977947334','CI90910',20361008,2091108,14);
INSERT INTO fee
VALUES ('FE980261817','CI95279',20750107,20270428,381);
INSERT INTO fee
VALUES ('FE984386868','CI8599',20211114,20380103,67);
INSERT INTO fee
VALUES ('FE984867800','CI95279',20241104,2090417,399);
INSERT INTO fee
VALUES ('FE988494787','CI82504',20821005,20750206,814);
INSERT INTO fee
VALUES ('FE989416308','CI42088',20520330,20541104,535);
INSERT INTO fee
VALUES ('FE994236506','CI99265',20241106,20350508,919);
INSERT INTO fee
VALUES ('FE994417930','CI66034',20900118,20450811,317);
INSERT INTO fee
VALUES ('FE994444697','CI31022',20470426,20850501,68);
INSERT INTO fee
VALUES ('FE994697038','CI26759',20981109,20240418,876);
INSERT INTO fee
VALUES ('FE997078146','CI8599',2040731,2080117,415);
INSERT INTO fee
VALUES ('FE999637836','CI38144',20500324,20491008,722);
INSERT INTO chargingSituation
VALUES ('CS1002302523','FE1264422963','P1588142318','SF1160017263',20680822);
INSERT INTO chargingSituation
VALUES ('CS1005634063','FE128256890','P2138365981','SF609151569',20320620);
INSERT INTO chargingSituation
VALUES ('CS1011477282','FE2025396994','P1802346622','SF1494346797',20260113);
INSERT INTO chargingSituation
VALUES ('CS1011513699','FE1334230484','P793954027','SF489261328',20751111);
INSERT INTO chargingSituation
VALUES ('CS1012895980','FE216522566','P1156948055','SF1865471617',20480820);
INSERT INTO chargingSituation
VALUES ('CS1013248910','FE449642696','P564938481','SF609151569',20490910);
INSERT INTO chargingSituation
VALUES ('CS101337471','FE2031965741','P432880366','SF1952294928',20140814);
INSERT INTO chargingSituation
VALUES ('CS1014851006','FE1640236560','P419228622','SF1160017263',20880630);
INSERT INTO chargingSituation
VALUES ('CS1016074224','FE964384475','P1080402115','SF665365514',2000125);
INSERT INTO chargingSituation
VALUES ('CS1020143923','FE727660848','P2045695671','SF955874934',20600327);
INSERT INTO chargingSituation
VALUES ('CS102095808','FE431372659','P1014473867','SF611175310',20541201);
INSERT INTO chargingSituation
VALUES ('CS1021950491','FE640807144','P439740959','SF205103753',20640723);
INSERT INTO chargingSituation
VALUES ('CS1023309652','FE888354301','P1645575813','SF602757702',20221112);
INSERT INTO chargingSituation
VALUES ('CS1025387606','FE1984358944','P1299828895','SF797671113',20260109);
INSERT INTO chargingSituation
VALUES ('CS1026117192','FE1998725263','P2106805826','SF1867704366',2030323);
INSERT INTO chargingSituation
VALUES ('CS1029205328','FE705280619','P268508012','SF591746655',20981223);
INSERT INTO chargingSituation
VALUES ('CS1030189441','FE1877074968','P2035481713','SF955874934',20930530);
INSERT INTO chargingSituation
VALUES ('CS1030566082','FE358444148','P1119129901','SF665365514',20420202);
INSERT INTO chargingSituation
VALUES ('CS1035975123','FE96906949','P515951363','SF1921617049',20760417);
INSERT INTO chargingSituation
VALUES ('CS1037521080','FE748212459','P1237111973','SF1983128491',20710522);
INSERT INTO chargingSituation
VALUES ('CS1042637979','FE994444697','P908816450','SF1660893152',20330603);
INSERT INTO chargingSituation
VALUES ('CS1043464287','FE1485985090','P432880366','SF1494346797',20220317);
INSERT INTO chargingSituation
VALUES ('CS1049531465','FE1404675448','P1713242482','SF64852531',20200605);
INSERT INTO chargingSituation
VALUES ('CS1050600815','FE1288133806','P1678118632','SF1638761958',20850226);
INSERT INTO chargingSituation
VALUES ('CS1054246736','FE453723730','P706730055','SF899961553',20120730);
INSERT INTO chargingSituation
VALUES ('CS1058187376','FE931387840','P1493635625','SF1202279488',20911105);
INSERT INTO chargingSituation
VALUES ('CS1058205641','FE1369316627','P1932811957','SF665365514',20700315);
INSERT INTO chargingSituation
VALUES ('CS1058272948','FE1587899293','P1516195334','SF609151569',20471016);
INSERT INTO chargingSituation
VALUES ('CS1062402685','FE692594690','P262262658','SF1202279488',20491023);
INSERT INTO chargingSituation
VALUES ('CS1066056141','FE1986435173','P1076230980','SF1948492940',20610826);
INSERT INTO chargingSituation
VALUES ('CS1079067352','FE1086570692','P680800932','SF665365514',20770112);
INSERT INTO chargingSituation
VALUES ('CS1081483663','FE1109057173','P1554465681','SF70906444',2060422);
INSERT INTO chargingSituation
VALUES ('CS1081616843','FE1288133806','P1667698379','SF1634053800',20490327);
INSERT INTO chargingSituation
VALUES ('CS108430329','FE493821559','P1577345667','SF792368880',20390721);
INSERT INTO chargingSituation
VALUES ('CS1086922916','FE1445267831','P1601629081','SF1948492940',20150603);
INSERT INTO chargingSituation
VALUES ('CS1088175129','FE1030017359','P1056907174','SF1638761958',20930201);
INSERT INTO chargingSituation
VALUES ('CS1094532430','FE1933874457','P1841444381','SF797671113',20970717);
INSERT INTO chargingSituation
VALUES ('CS1097647074','FE649092169','P430279845','SF997128370',20971113);
INSERT INTO chargingSituation
VALUES ('CS1103282168','FE1218179685','P68701318','SF1252914741',20560729);
INSERT INTO chargingSituation
VALUES ('CS1107249810','FE591355552','P136588039','SF1494346797',20750904);
INSERT INTO chargingSituation
VALUES ('CS1108473954','FE403893129','P1426331843','SF1357729340',20251030);
INSERT INTO chargingSituation
VALUES ('CS1108925709','FE1251895815','P2106805826','SF1248586464',20151107);
INSERT INTO chargingSituation
VALUES ('CS1109399827','FE975374373','P986800342','SF1638761958',20110407);
INSERT INTO chargingSituation
VALUES ('CS1112404982','FE958484048','P1601629081','SF70906444',20970306);
INSERT INTO chargingSituation
VALUES ('CS1112765796','FE896734277','P1672959643','SF611175310',20820901);
INSERT INTO chargingSituation
VALUES ('CS1120814000','FE727660848','P551057864','SF1252914741',20170922);
INSERT INTO chargingSituation
VALUES ('CS1122253574','FE954645984','P497217063','SF1494346797',20520918);
INSERT INTO chargingSituation
VALUES ('CS1123408900','FE1088772176','P1688750762','SF818212383',20620820);
INSERT INTO chargingSituation
VALUES ('CS1123668415','FE313181920','P1687793234','SF1194455331',20460425);
INSERT INTO chargingSituation
VALUES ('CS1124514209','FE1586015794','P1014473867','SF1037720193',20740117);
INSERT INTO chargingSituation
VALUES ('CS1124514227','FE2113076120','P764758191','SF591746655',2061121);
INSERT INTO chargingSituation
VALUES ('CS1125851692','FE1971431774','P2045616646','SF205103753',2080129);
INSERT INTO chargingSituation
VALUES ('CS1126231283','FE1404675448','P1881993911','SF1037720193',20771205);
INSERT INTO chargingSituation
VALUES ('CS1128172273','FE92835801','P833108420','SF1357729340',20450120);
INSERT INTO chargingSituation
VALUES ('CS1128840122','FE356755570','P1031671263','SF195784358',20320928);
INSERT INTO chargingSituation
VALUES ('CS1129916767','FE115463587','P1893198973','SF205103753',20250629);
INSERT INTO chargingSituation
VALUES ('CS1130969638','FE1533278401','P209237544','SF1948492940',20681007);
INSERT INTO chargingSituation
VALUES ('CS1131263285','FE2014297705','P1373878872','SF665365514',20800321);
INSERT INTO chargingSituation
VALUES ('CS1132174307','FE1641131468','P1808924448','SF1357729340',20670131);
INSERT INTO chargingSituation
VALUES ('CS1132543066','FE1911007510','P1235068586','SF533615961',20181218);
INSERT INTO chargingSituation
VALUES ('CS1134086033','FE899419366','P1109332183','SF1037720193',20100903);
INSERT INTO chargingSituation
VALUES ('CS1138172778','FE1381912487','P1479503248','SF1202279488',20410120);
INSERT INTO chargingSituation
VALUES ('CS1142124263','FE1394441187','P409857422','SF70906444',2090601);
INSERT INTO chargingSituation
VALUES ('CS1149173211','FE667176315','P869989224','SF70906444',20541001);
INSERT INTO chargingSituation
VALUES ('CS1152810207','FE640807144','P1291167524','SF1037720193',2000905);
INSERT INTO chargingSituation
VALUES ('CS1156533917','FE704615739','P1791650381','SF1983128491',20860602);
INSERT INTO chargingSituation
VALUES ('CS116254515','FE1842813408','P1574275003','SF955874934',20380420);
INSERT INTO chargingSituation
VALUES ('CS1162565088','FE6321607','P1052794598','SF300255333',20781217);
INSERT INTO chargingSituation
VALUES ('CS116459912','FE1112490491','P1753148361','SF665365514',20861124);
INSERT INTO chargingSituation
VALUES ('CS1169840045','FE1678351582','P1948905576','SF1737007784',20770331);
INSERT INTO chargingSituation
VALUES ('CS117038320','FE93342922','P2024940448','SF1194455331',20660104);
INSERT INTO chargingSituation
VALUES ('CS1172632076','FE292881769','P1825893594','SF300255333',20841003);
INSERT INTO chargingSituation
VALUES ('CS1173086448','FE294555148','P371200230','SF1194455331',20351005);
INSERT INTO chargingSituation
VALUES ('CS1173096900','FE1933874457','P1356455375','SF1983128491',20610221);
INSERT INTO chargingSituation
VALUES ('CS117452410','FE131958729','P722245672','SF1929985611',20961212);
INSERT INTO chargingSituation
VALUES ('CS1176523266','FE1016715806','P1948062518','SF1867704366',20910419);
INSERT INTO chargingSituation
VALUES ('CS1177873767','FE481512606','P410196242','SF1737007784',20600618);
INSERT INTO chargingSituation
VALUES ('CS117815384','FE268748224','P439740959','SF1634053800',20560317);
INSERT INTO chargingSituation
VALUES ('CS117860704','FE1767082923','P976736870','SF792368880',20400221);
INSERT INTO chargingSituation
VALUES ('CS118268985','FE525973177','P31183066','SF20363079',20541223);
INSERT INTO chargingSituation
VALUES ('CS1185231599','FE1374409460','P582346247','SF1737007784',20930728);
INSERT INTO chargingSituation
VALUES ('CS1186351620','FE2070982704','P1163072061','SF1248586464',20701208);
INSERT INTO chargingSituation
VALUES ('CS1192294911','FE964384475','P895846780','SF39300910',20630709);
INSERT INTO chargingSituation
VALUES ('CS1192753354','FE1066265834','P2134048141','SF1921617049',20230302);
INSERT INTO chargingSituation
VALUES ('CS1195327987','FE1235176349','P651576422','SF489261328',20320828);
INSERT INTO chargingSituation
VALUES ('CS1198332168','FE864139092','P1355974233','SF1948492940',20300406);
INSERT INTO chargingSituation
VALUES ('CS1199512387','FE809576563','P1574275003','SF533615961',20900402);
INSERT INTO chargingSituation
VALUES ('CS1199701183','FE313181920','P419228622','SF899961553',20671016);
INSERT INTO chargingSituation
VALUES ('CS1201862154','FE1668492047','P1098218214','SF1921617049',20381215);
INSERT INTO chargingSituation
VALUES ('CS1207395963','FE1341578941','P718714729','SF609151569',20970627);
INSERT INTO chargingSituation
VALUES ('CS1207408442','FE356755570','P1364681725','SF195784358',20280220);
INSERT INTO chargingSituation
VALUES ('CS1209775460','FE1116530859','P116026169','SF1357729340',20201220);
INSERT INTO chargingSituation
VALUES ('CS1218328307','FE1614278639','P1753148361','SF611175310',20490418);
INSERT INTO chargingSituation
VALUES ('CS1223578469','FE328636055','P259091073','SF1948492940',20330910);
INSERT INTO chargingSituation
VALUES ('CS1223950368','FE118927222','P1233570418','SF1948492940',20690427);
INSERT INTO chargingSituation
VALUES ('CS1224308596','FE994236506','P1367506691','SF1553591775',20210215);
INSERT INTO chargingSituation
VALUES ('CS1226988415','FE1086570692','P1573333797','SF1553591775',2090924);
INSERT INTO chargingSituation
VALUES ('CS1229869135','FE1293381299','P1948062518','SF20363079',20610115);
INSERT INTO chargingSituation
VALUES ('CS1236269611','FE1394441187','P1669432978','SF70906444',20760610);
INSERT INTO chargingSituation
VALUES ('CS1244516693','FE782483539','P1274538850','SF868334615',20380811);
INSERT INTO chargingSituation
VALUES ('CS1247041880','FE838305690','P1678118632','SF1921617049',20120912);
INSERT INTO chargingSituation
VALUES ('CS1247826718','FE1189020619','P1201040953','SF1200305366',20761022);
INSERT INTO chargingSituation
VALUES ('CS1251487361','FE144640236','P1276087627','SF868334615',20701014);
INSERT INTO chargingSituation
VALUES ('CS1257360985','FE1707931237','P1841444381','SF850843869',20770728);
INSERT INTO chargingSituation
VALUES ('CS1259389959','FE1587899293','P204259957','SF1675159789',20430129);
INSERT INTO chargingSituation
VALUES ('CS1263430511','FE1477246435','P1490485383','SF1357729340',20500314);
INSERT INTO chargingSituation
VALUES ('CS1265892612','FE2126321470','P268837742','SF1160017263',20350923);
INSERT INTO chargingSituation
VALUES ('CS126681037','FE431404187','P1990419575','SF926495450',20631101);
INSERT INTO chargingSituation
VALUES ('CS1267106010','FE1586037292','P1742979396','SF1675159789',20620603);
INSERT INTO chargingSituation
VALUES ('CS1268527119','FE890610281','P582888707','SF926495450',20690220);
INSERT INTO chargingSituation
VALUES ('CS1269844988','FE883990198','P1588142318','SF1638761958',20460413);
INSERT INTO chargingSituation
VALUES ('CS1270433466','FE1008836167','P2116416310','SF64852531',20240402);
INSERT INTO chargingSituation
VALUES ('CS1270711200','FE419009429','P1485555462','SF665365514',20951219);
INSERT INTO chargingSituation
VALUES ('CS1271493583','FE1401095330','P1835431788','SF1248586464',2000208);
INSERT INTO chargingSituation
VALUES ('CS1274306344','FE419009429','P1177097206','SF467523236',20250410);
INSERT INTO chargingSituation
VALUES ('CS1278880310','FE1919904878','P1177745277','SF926495450',20300622);
INSERT INTO chargingSituation
VALUES ('CS128094024','FE705280619','P252255233','SF1983128491',20200930);
INSERT INTO chargingSituation
VALUES ('CS1281024834','FE179189398','P859382189','SF1200305366',20390421);
INSERT INTO chargingSituation
VALUES ('CS1285302266','FE841368416','P465107944','SF64852531',20150404);
INSERT INTO chargingSituation
VALUES ('CS1285733368','FE2025396994','P430279845','SF926495450',20880607);
INSERT INTO chargingSituation
VALUES ('CS1287418533','FE2104258419','P1482396070','SF899961553',2090216);
INSERT INTO chargingSituation
VALUES ('CS1288848030','FE1791016098','P432880366','SF997128370',20750327);
INSERT INTO chargingSituation
VALUES ('CS1289465527','FE153814583','P818903912','SF997128370',20950108);
INSERT INTO chargingSituation
VALUES ('CS129109660','FE1370465558','P2051151083','SF665365514',20460726);
INSERT INTO chargingSituation
VALUES ('CS129174821','FE399146554','P1841845221','SF533615961',20680505);
INSERT INTO chargingSituation
VALUES ('CS1292740150','FE2000826273','P1687793234','SF1638761958',20400310);
INSERT INTO chargingSituation
VALUES ('CS1292921','FE1618396029','P2104068608','SF1867704366',20881122);
INSERT INTO chargingSituation
VALUES ('CS1293061395','FE757776991','P713381171','SF1160017263',20230205);
INSERT INTO chargingSituation
VALUES ('CS1293237609','FE1669788737','P1411208620','SF1865471617',20670912);
INSERT INTO chargingSituation
VALUES ('CS1299625112','FE823003763','P497217063','SF20363079',20850521);
INSERT INTO chargingSituation
VALUES ('CS1299956400','FE1634468275','P1893198973','SF1494346797',2000528);
INSERT INTO chargingSituation
VALUES ('CS1301250633','FE47675841','P1946238407','SF1952294928',20270901);
INSERT INTO chargingSituation
VALUES ('CS1301361235','FE1689115740','P931159889','SF533615961',20190419);
INSERT INTO chargingSituation
VALUES ('CS1303672293','FE699733898','P95355361','SF1202279488',20870807);
INSERT INTO chargingSituation
VALUES ('CS1303757655','FE1201945832','P137142213','SF899961553',20950505);
INSERT INTO chargingSituation
VALUES ('CS1304858826','FE1926443679','P459836500','SF300255333',20770423);
INSERT INTO chargingSituation
VALUES ('CS1305731427','FE1869180758','P1835431788','SF1200305366',20590419);
INSERT INTO chargingSituation
VALUES ('CS1312385536','FE1614278639','P1014473867','SF489261328',20660926);
INSERT INTO chargingSituation
VALUES ('CS1316064217','FE1767086780','P853385078','SF1194455331',20590531);
INSERT INTO chargingSituation
VALUES ('CS1319332165','FE337917740','P364344892','SF1737007784',20111027);
INSERT INTO chargingSituation
VALUES ('CS1322406847','FE131958729','P446483833','SF489261328',20540530);
INSERT INTO chargingSituation
VALUES ('CS1324080048','FE852888738','P600838444','SF489261328',20121102);
INSERT INTO chargingSituation
VALUES ('CS1324457420','FE984867800','P1346339215','SF818212383',20190522);
INSERT INTO chargingSituation
VALUES ('CS1325203010','FE980261817','P812218575','SF1252914741',20630813);
INSERT INTO chargingSituation
VALUES ('CS1326224728','FE1827941586','P772190608','SF609151569',20400823);
INSERT INTO chargingSituation
VALUES ('CS1329222648','FE1473001110','P1688866487','SF792368880',20511225);
INSERT INTO chargingSituation
VALUES ('CS1330414817','FE1510549337','P1554324408','SF850843869',20110707);
INSERT INTO chargingSituation
VALUES ('CS133152345','FE1051021955','P1940053845','SF602757702',20460602);
INSERT INTO chargingSituation
VALUES ('CS133226867','FE1756162559','P515951363','SF1521338764',20850922);
INSERT INTO chargingSituation
VALUES ('CS13326165','FE698391917','P1478821977','SF1675159789',2090212);
INSERT INTO chargingSituation
VALUES ('CS1335923413','FE6321607','P1008686012','SF1160017263',20721004);
INSERT INTO chargingSituation
VALUES ('CS1339428860','FE2015336469','P799639139','SF1675159789',20650413);
INSERT INTO chargingSituation
VALUES ('CS1340259862','FE958346064','P706730055','SF1867704366',2070625);
INSERT INTO chargingSituation
VALUES ('CS1340704191','FE705280619','P1532298285','SF20363079',2020621);
INSERT INTO chargingSituation
VALUES ('CS1344284628','FE1872183017','P497217063','SF1160017263',20900706);
INSERT INTO chargingSituation
VALUES ('CS1344452819','FE54602396','P1222489122','SF1194455331',20800711);
INSERT INTO chargingSituation
VALUES ('CS1348679049','FE92835801','P318763194','SF1200305366',20380822);
INSERT INTO chargingSituation
VALUES ('CS1349354460','FE1846635864','P1624293028','SF1202279488',20170422);
INSERT INTO chargingSituation
VALUES ('CS1352441682','FE533163951','P1189000235','SF591746655',20590517);
INSERT INTO chargingSituation
VALUES ('CS1352673606','FE1876157097','P2053805379','SF955874934',20840603);
INSERT INTO chargingSituation
VALUES ('CS1354192082','FE1967165558','P1735205312','SF955874934',20720310);
INSERT INTO chargingSituation
VALUES ('CS1355226973','FE2101169659','P728049667','SF1521338764',20230827);
INSERT INTO chargingSituation
VALUES ('CS1355957383','FE906415595','P307416183','SF797671113',20160102);
INSERT INTO chargingSituation
VALUES ('CS1358915138','FE1610417446','P1256590126','SF818212383',20790114);
INSERT INTO chargingSituation
VALUES ('CS1359859159','FE1464212746','P814710435','SF64852531',20180701);
INSERT INTO chargingSituation
VALUES ('CS1359990327','FE1264422963','P1212647176','SF533615961',20421115);
INSERT INTO chargingSituation
VALUES ('CS1362151197','FE326257756','P146679069','SF70906444',20850124);
INSERT INTO chargingSituation
VALUES ('CS1362161818','FE807172714','P497217063','SF1160017263',20360415);
INSERT INTO chargingSituation
VALUES ('CS1371732667','FE1984358944','P1843657583','SF868334615',2010107);
INSERT INTO chargingSituation
VALUES ('CS1372003898','FE1418773468','P315983628','SF1634053800',20351027);
INSERT INTO chargingSituation
VALUES ('CS1372887708','FE912438389','P810887188','SF997128370',20850925);
INSERT INTO chargingSituation
VALUES ('CS1373524994','FE1092523065','P1056907174','SF1200305366',20870815);
INSERT INTO chargingSituation
VALUES ('CS1375921117','FE826486916','P492307436','SF665365514',20421114);
INSERT INTO chargingSituation
VALUES ('CS1377496114','FE2047502367','P1135915466','SF1202279488',20640124);
INSERT INTO chargingSituation
VALUES ('CS1380772773','FE1811332498','P1608370104','SF70906444',20860407);
INSERT INTO chargingSituation
VALUES ('CS1383614726','FE1600423194','P1005655998','SF868334615',20890316);
INSERT INTO chargingSituation
VALUES ('CS1386210745','FE648376836','P1287635105','SF1521338764',2091119);
INSERT INTO chargingSituation
VALUES ('CS1386518823','FE1689115740','P582346247','SF665365514',20310412);
INSERT INTO chargingSituation
VALUES ('CS1388066705','FE1864076667','P279982828','SF1494346797',20570325);
INSERT INTO chargingSituation
VALUES ('CS1390485894','FE2014297705','P1822717240','SF899961553',20221130);
INSERT INTO chargingSituation
VALUES ('CS1391128524','FE1883289760','P1355974233','SF467523236',20690916);
INSERT INTO chargingSituation
VALUES ('CS1391550638','FE1077588090','P582888707','SF1037720193',20420311);
INSERT INTO chargingSituation
VALUES ('CS1391829441','FE17260072','P1886103062','SF1494346797',20540708);
INSERT INTO chargingSituation
VALUES ('CS1392313117','FE1257468744','P1740106807','SF489261328',20510705);
INSERT INTO chargingSituation
VALUES ('CS1394333619','FE1907006619','P2030260615','SF792368880',20951018);
INSERT INTO chargingSituation
VALUES ('CS1400220249','FE884726351','P1696498918','SF195784358',20120126);
INSERT INTO chargingSituation
VALUES ('CS1408896130','FE809689848','P986800342','SF1553591775',20660402);
INSERT INTO chargingSituation
VALUES ('CS1412475194','FE1439042167','P1948905576','SF1865471617',20270113);
INSERT INTO chargingSituation
VALUES ('CS1412674748','FE41329917','P374493763','SF39300910',20601128);
INSERT INTO chargingSituation
VALUES ('CS1413761248','FE1007624878','P1276087627','SF1342709477',20331224);
INSERT INTO chargingSituation
VALUES ('CS1417547830','FE68683957','P1293901851','SF1494346797',20421107);
INSERT INTO chargingSituation
VALUES ('CS1420591300','FE1783374634','P1825893594','SF1342709477',20660618);
INSERT INTO chargingSituation
VALUES ('CS1420824040','FE1872414742','P1364056496','SF926495450',2040523);
INSERT INTO chargingSituation
VALUES ('CS1420913289','FE705280619','P1272340419','SF1252914741',20351015);
INSERT INTO chargingSituation
VALUES ('CS1425213610','FE954645984','P2051151083','SF1357729340',20850405);
INSERT INTO chargingSituation
VALUES ('CS1425336170','FE1529283596','P2035481713','SF1342709477',20560824);
INSERT INTO chargingSituation
VALUES ('CS1428735188','FE410942968','P745943980','SF1634053800',20560715);
INSERT INTO chargingSituation
VALUES ('CS1431927622','FE684113282','P566622064','SF1660893152',20401008);
INSERT INTO chargingSituation
VALUES ('CS143236354','FE1787160517','P1645575813','SF899961553',20760721);
INSERT INTO chargingSituation
VALUES ('CS143284976','FE1584749173','P1821695680','SF1929985611',2020811);
INSERT INTO chargingSituation
VALUES ('CS1437812033','FE705280619','P45213498','SF1675159789',2020806);
INSERT INTO chargingSituation
VALUES ('CS1439062473','FE118927222','P1603454572','SF868334615',20751201);
INSERT INTO chargingSituation
VALUES ('CS1440195740','FE1883289760','P1509020447','SF205103753',2000404);
INSERT INTO chargingSituation
VALUES ('CS1444528068','FE1151427744','P767752524','SF792368880',20750220);
INSERT INTO chargingSituation
VALUES ('CS1448567889','FE1066265834','P419228622','SF1634053800',20620725);
INSERT INTO chargingSituation
VALUES ('CS1449657567','FE358444148','P63432740','SF665365514',20380404);
INSERT INTO chargingSituation
VALUES ('CS1450547220','FE356755570','P1808924448','SF2018663870',20471026);
INSERT INTO chargingSituation
VALUES ('CS1453322009','FE1877074968','P10499078','SF1921617049',20701108);
INSERT INTO chargingSituation
VALUES ('CS145432823','FE692594690','P764758191','SF1865471617',20440601);
INSERT INTO chargingSituation
VALUES ('CS145927783','FE36010936','P364344892','SF611175310',20660616);
INSERT INTO chargingSituation
VALUES ('CS1459770166','FE719021584','P1824110065','SF1494346797',20711128);
INSERT INTO chargingSituation
VALUES ('CS1460734414','FE1512180810','P1156948055','SF899961553',20580228);
INSERT INTO chargingSituation
VALUES ('CS1461419077','FE1328267169','P1306041709','SF1494346797',20940125);
INSERT INTO chargingSituation
VALUES ('CS1465993495','FE1420490497','P172403617','SF1248586464',2090106);
INSERT INTO chargingSituation
VALUES ('CS1467261224','FE1093798818','P1014473867','SF850843869',20570830);
INSERT INTO chargingSituation
VALUES ('CS1467278790','FE1896602121','P1940053845','SF665365514',20140320);
INSERT INTO chargingSituation
VALUES ('CS1469234020','FE954645984','P1634420012','SF1553591775',20890807);
INSERT INTO chargingSituation
VALUES ('CS1469304104','FE1423526513','P1287635105','SF609151569',2030412);
INSERT INTO chargingSituation
VALUES ('CS1470930183','FE689523187','P228739728','SF1202279488',20221109);
INSERT INTO chargingSituation
VALUES ('CS1473477730','FE31277135','P1882444534','SF1737007784',20310114);
INSERT INTO chargingSituation
VALUES ('CS1473651355','FE640807144','P1098218214','SF818212383',20841010);
INSERT INTO chargingSituation
VALUES ('CS1473983724','FE1008511049','P1601629081','SF1202279488',20940319);
INSERT INTO chargingSituation
VALUES ('CS1474105734','FE394542950','P1597599592','SF195784358',20801109);
INSERT INTO chargingSituation
VALUES ('CS1479257244','FE1273288254','P559275609','SF1867704366',20591101);
INSERT INTO chargingSituation
VALUES ('CS1481402362','FE601034257','P1157311697','SF591746655',2051104);
INSERT INTO chargingSituation
VALUES ('CS1486932848','FE864139092','P1201040953','SF609151569',20120607);
INSERT INTO chargingSituation
VALUES ('CS1487856785','FE1220205218','P2071369574','SF1553591775',20921026);
INSERT INTO chargingSituation
VALUES ('CS1487858162','FE1251895815','P1669432978','SF609151569',20491217);
INSERT INTO chargingSituation
VALUES ('CS148799268','FE1926443679','P1427255543','SF195784358',20950803);
INSERT INTO chargingSituation
VALUES ('CS148916197','FE1148539171','P1291167524','SF591746655',20220825);
INSERT INTO chargingSituation
VALUES ('CS1489589378','FE958346064','P1410393950','SF591746655',20931204);
INSERT INTO chargingSituation
VALUES ('CS1493399573','FE555198167','P199718190','SF955874934',20380903);
INSERT INTO chargingSituation
VALUES ('CS149342561','FE1436693512','P649744854','SF1194455331',20100112);
INSERT INTO chargingSituation
VALUES ('CS1496495503','FE667176315','P1474678852','SF2110782199',20510112);
INSERT INTO chargingSituation
VALUES ('CS1498624028','FE4522425','P68701318','SF1929985611',20980909);
INSERT INTO chargingSituation
VALUES ('CS1499490959','FE1835086806','P2002403402','SF70906444',20310704);
INSERT INTO chargingSituation
VALUES ('CS149953533','FE1685131148','P833267547','SF1357729340',20101025);
INSERT INTO chargingSituation
VALUES ('CS1503746901','FE481142623','P542046566','SF997128370',20201116);
INSERT INTO chargingSituation
VALUES ('CS1503996634','FE568447208','P698381408','SF300255333',20250405);
INSERT INTO chargingSituation
VALUES ('CS151210715','FE922487417','P951015337','SF591746655',20840703);
INSERT INTO chargingSituation
VALUES ('CS1514452402','FE122309568','P467879507','SF64852531',20380702);
INSERT INTO chargingSituation
VALUES ('CS1519244295','FE337917740','P1624293028','SF1200305366',2021109);
INSERT INTO chargingSituation
VALUES ('CS1519845717','FE1486451534','P1286213191','SF1638761958',20570905);
INSERT INTO chargingSituation
VALUES ('CS1520429526','FE533163951','P1152924975','SF1660893152',20820817);
INSERT INTO chargingSituation
VALUES ('CS1531663137','FE882232035','P1211212648','SF1865471617',20170317);
INSERT INTO chargingSituation
VALUES ('CS1532852555','FE1998725263','P1205159087','SF1342709477',20650602);
INSERT INTO chargingSituation
VALUES ('CS1536823319','FE698391917','P2106805826','SF1200305366',2081117);
INSERT INTO chargingSituation
VALUES ('CS153728812','FE1022390078','P2146427539','SF899961553',20550622);
INSERT INTO chargingSituation
VALUES ('CS1541087435','FE1911007510','P591297622','SF300255333',2020530);
INSERT INTO chargingSituation
VALUES ('CS1541257480','FE1814744035','P717008523','SF792368880',20350203);
INSERT INTO chargingSituation
VALUES ('CS1542968617','FE1876157097','P2089439336','SF1865471617',20690811);
INSERT INTO chargingSituation
VALUES ('CS1544248997','FE636074246','P311454918','SF1037720193',20170427);
INSERT INTO chargingSituation
VALUES ('CS1545392856','FE1418773468','P1119129901','SF1638761958',20810716);
INSERT INTO chargingSituation
VALUES ('CS1547896166','FE1967165558','P364344892','SF1521338764',2080120);
INSERT INTO chargingSituation
VALUES ('CS154791754','FE2115216988','P962172268','SF195784358',20350930);
INSERT INTO chargingSituation
VALUES ('CS1550321601','FE1914827761','P2035481713','SF1952294928',20530121);
INSERT INTO chargingSituation
VALUES ('CS1551568336','FE984867800','P1667698379','SF868334615',20250816);
INSERT INTO chargingSituation
VALUES ('CS1553595160','FE852215512','P833690063','SF1634053800',2021017);
INSERT INTO chargingSituation
VALUES ('CS155631040','FE2125629135','P1291167524','SF39300910',20460614);
INSERT INTO chargingSituation
VALUES ('CS1559146121','FE6321607','P1286213191','SF818212383',20130522);
INSERT INTO chargingSituation
VALUES ('CS1559404988','FE2126824090','P311454918','SF195784358',2060102);
INSERT INTO chargingSituation
VALUES ('CS1559717345','FE748212459','P845331488','SF205103753',20310830);
INSERT INTO chargingSituation
VALUES ('CS1563524196','FE964384475','P2024940448','SF591746655',20441106);
INSERT INTO chargingSituation
VALUES ('CS1564998734','FE1627234599','P1031245271','SF1983128491',20400328);
INSERT INTO chargingSituation
VALUES ('CS1566784046','FE1030017359','P1858436429','SF1357729340',2030615);
INSERT INTO chargingSituation
VALUES ('CS1569552562','FE846469330','P818903912','SF1867704366',20271215);
INSERT INTO chargingSituation
VALUES ('CS1570817216','FE1854377094','P1255615114','SF1160017263',20681114);
INSERT INTO chargingSituation
VALUES ('CS1571147620','FE1147334449','P1122303807','SF1194455331',20190922);
INSERT INTO chargingSituation
VALUES ('CS1573192265','FE2101169659','P632151116','SF1252914741',20640707);
INSERT INTO chargingSituation
VALUES ('CS1578375573','FE132546339','P1730748954','SF955874934',20360906);
INSERT INTO chargingSituation
VALUES ('CS1578681852','FE1792896545','P908816450','SF1521338764',20341030);
INSERT INTO chargingSituation
VALUES ('CS158296841','FE1791016098','P50336506','SF1948492940',20130605);
INSERT INTO chargingSituation
VALUES ('CS1584408947','FE1178829306','P252255233','SF899961553',20100830);
INSERT INTO chargingSituation
VALUES ('CS1587816522','FE1137367545','P1910486701','SF997128370',20750527);
INSERT INTO chargingSituation
VALUES ('CS1588104037','FE2045099833','P465107944','SF665365514',20511228);
INSERT INTO chargingSituation
VALUES ('CS1588243244','FE1285064625','P822830779','SF1252914741',20590529);
INSERT INTO chargingSituation
VALUES ('CS1588496568','FE2047502367','P1725745970','SF1553591775',20351120);
INSERT INTO chargingSituation
VALUES ('CS1590838913','FE122309568','P822830779','SF1921617049',2040524);
INSERT INTO chargingSituation
VALUES ('CS159138481','FE1379861027','P488705401','SF1929985611',2000521);
INSERT INTO chargingSituation
VALUES ('CS1595329059','FE994417930','P764758191','SF1194455331',20550516);
INSERT INTO chargingSituation
VALUES ('CS1597530784','FE330346996','P1919486249','SF467523236',20421221);
INSERT INTO chargingSituation
VALUES ('CS1601203882','FE372401360','P81604147','SF1638761958',20610904);
INSERT INTO chargingSituation
VALUES ('CS1601755415','FE638566101','P1464333187','SF1638761958',20140813);
INSERT INTO chargingSituation
VALUES ('CS1602542761','FE1872183017','P1016056012','SF64852531',20690318);
INSERT INTO chargingSituation
VALUES ('CS1603316079','FE894380456','P1932811957','SF899961553',20170816);
INSERT INTO chargingSituation
VALUES ('CS1603699964','FE1860409418','P1499673139','SF899961553',20921007);
INSERT INTO chargingSituation
VALUES ('CS1609934019','FE538173154','P513468295','SF533615961',20850522);
INSERT INTO chargingSituation
VALUES ('CS1612662085','FE292881769','P1008096140','SF1202279488',20221116);
INSERT INTO chargingSituation
VALUES ('CS1622714448','FE1935882311','P1255615114','SF1252914741',20460420);
INSERT INTO chargingSituation
VALUES ('CS1622885637','FE1381912487','P1493772674','SF195784358',20101010);
INSERT INTO chargingSituation
VALUES ('CS1624479697','FE2023986318','P771116236','SF1867704366',20590404);
INSERT INTO chargingSituation
VALUES ('CS1624739707','FE264484536','P718948262','SF1634053800',20400507);
INSERT INTO chargingSituation
VALUES ('CS1627792505','FE1306250026','P1299828895','SF2110782199',20980811);
INSERT INTO chargingSituation
VALUES ('CS1631913939','FE68683957','P268508012','SF609151569',20361101);
INSERT INTO chargingSituation
VALUES ('CS1633036017','FE1468183848','P1766134812','SF1248586464',20500522);
INSERT INTO chargingSituation
VALUES ('CS1633626873','FE1774763928','P818903912','SF1737007784',20220402);
INSERT INTO chargingSituation
VALUES ('CS1633814218','FE1088772176','P706730055','SF1638761958',20910411);
INSERT INTO chargingSituation
VALUES ('CS1634031002','FE2090024588','P1732720708','SF997128370',2080302);
INSERT INTO chargingSituation
VALUES ('CS1638550160','FE1404675448','P1509020447','SF955874934',20991022);
INSERT INTO chargingSituation
VALUES ('CS1639821288','FE328636055','P1025808501','SF300255333',20200405);
INSERT INTO chargingSituation
VALUES ('CS1641901228','FE964384475','P1299828895','SF64852531',20430426);
INSERT INTO chargingSituation
VALUES ('CS1642302168','FE449205656','P1270112254','SF591746655',2020917);
INSERT INTO chargingSituation
VALUES ('CS1643147625','FE846469330','P488705401','SF602757702',20340611);
INSERT INTO chargingSituation
VALUES ('CS164319320','FE1767086780','P1434197220','SF1867704366',20341016);
INSERT INTO chargingSituation
VALUES ('CS1646395089','FE565995779','P1946238407','SF1948492940',20920909);
INSERT INTO chargingSituation
VALUES ('CS1647803108','FE121128277','P1156063084','SF1342709477',20600622);
INSERT INTO chargingSituation
VALUES ('CS1649200934','FE1561569826','P530789987','SF591746655',20150925);
INSERT INTO chargingSituation
VALUES ('CS1649311746','FE201729316','P1811104830','SF1252914741',20760921);
INSERT INTO chargingSituation
VALUES ('CS1649589464','FE313181920','P1367915306','SF1194455331',20390726);
INSERT INTO chargingSituation
VALUES ('CS1654879475','FE1070950291','P1439039156','SF797671113',20821226);
INSERT INTO chargingSituation
VALUES ('CS16568429','FE1864703497','P2134048141','SF609151569',20250322);
INSERT INTO chargingSituation
VALUES ('CS1657960534','FE1439042167','P1158653317','SF1921617049',20270919);
INSERT INTO chargingSituation
VALUES ('CS1660823863','FE1354423705','P1575889375','SF1634053800',20120719);
INSERT INTO chargingSituation
VALUES ('CS1666589506','FE1393481039','P1490485383','SF850843869',20731127);
INSERT INTO chargingSituation
VALUES ('CS1669606495','FE1690045228','P2036902119','SF665365514',20870406);
INSERT INTO chargingSituation
VALUES ('CS1669981255','FE1030017359','P1347222106','SF850843869',20720529);
INSERT INTO chargingSituation
VALUES ('CS1670663168','FE1933874457','P220793000','SF609151569',2050127);
INSERT INTO chargingSituation
VALUES ('CS1671571046','FE888354301','P1462816073','SF1194455331',20970125);
INSERT INTO chargingSituation
VALUES ('CS1676894656','FE1689115740','P895846780','SF1675159789',2011110);
INSERT INTO chargingSituation
VALUES ('CS1677613926','FE1069940378','P717008523','SF926495450',20120922);
INSERT INTO chargingSituation
VALUES ('CS1677998106','FE1617668341','P853385078','SF1634053800',20810119);
INSERT INTO chargingSituation
VALUES ('CS1678450059','FE1369316627','P385025514','SF792368880',20120602);
INSERT INTO chargingSituation
VALUES ('CS167959824','FE958346064','P2141467985','SF1921617049',20480803);
INSERT INTO chargingSituation
VALUES ('CS1680632057','FE1961740080','P1493635625','SF1494346797',20890428);
INSERT INTO chargingSituation
VALUES ('CS1684798039','FE1912183504','P601288842','SF1921617049',20980620);
INSERT INTO chargingSituation
VALUES ('CS1685170592','FE115463587','P1049772489','SF602757702',20220131);
INSERT INTO chargingSituation
VALUES ('CS1685436973','FE1735419046','P1356455375','SF1948492940',20481019);
INSERT INTO chargingSituation
VALUES ('CS1685826580','FE313181920','P963869835','SF2018663870',20790503);
INSERT INTO chargingSituation
VALUES ('CS1688970868','FE463001454','P2063341489','SF997128370',20461001);
INSERT INTO chargingSituation
VALUES ('CS1690976224','FE323785061','P1411208620','SF2018663870',20460302);
INSERT INTO chargingSituation
VALUES ('CS1691995535','FE179189398','P860371511','SF195784358',20340305);
INSERT INTO chargingSituation
VALUES ('CS1694657036','FE1273288254','P2038888066','SF1521338764',20760220);
INSERT INTO chargingSituation
VALUES ('CS1698227668','FE1189020619','P762472067','SF1194455331',20720925);
INSERT INTO chargingSituation
VALUES ('CS1699437497','FE2015336469','P1629027706','SF533615961',20150927);
INSERT INTO chargingSituation
VALUES ('CS1701669782','FE1614278639','P612145451','SF926495450',20490914);
INSERT INTO chargingSituation
VALUES ('CS1703473338','FE1567980313','P554428225','SF1865471617',20570711);
INSERT INTO chargingSituation
VALUES ('CS1705794672','FE1872414742','P1919486249','SF1248586464',20510507);
INSERT INTO chargingSituation
VALUES ('CS1708476741','FE1288133806','P1054980668','SF609151569',20330320);
INSERT INTO chargingSituation
VALUES ('CS1716275988','FE326257756','P196993857','SF1867704366',20621106);
INSERT INTO chargingSituation
VALUES ('CS172580031','FE1640236560','P554504423','SF609151569',20121125);
INSERT INTO chargingSituation
VALUES ('CS1727555968','FE320245185','P501114450','SF1737007784',20251018);
INSERT INTO chargingSituation
VALUES ('CS1729226273','FE1909856918','P467879507','SF300255333',20850610);
INSERT INTO chargingSituation
VALUES ('CS173190774','FE1214181985','P1068722247','SF1494346797',20710628);
INSERT INTO chargingSituation
VALUES ('CS1735233679','FE643833278','P168517040','SF467523236',20321026);
INSERT INTO chargingSituation
VALUES ('CS1737058851','FE410942968','P805665232','SF1675159789',20221023);
INSERT INTO chargingSituation
VALUES ('CS1737595847','FE103434926','P1539243148','SF1037720193',20590205);
INSERT INTO chargingSituation
VALUES ('CS1737647609','FE65012568','P1008686012','SF955874934',20220925);
INSERT INTO chargingSituation
VALUES ('CS1738231591','FE335634253','P1735205312','SF1952294928',20380804);
INSERT INTO chargingSituation
VALUES ('CS1739523031','FE1735419046','P1667034823','SF1983128491',20241001);
INSERT INTO chargingSituation
VALUES ('CS1739966087','FE1933874457','P718714729','SF1983128491',20621230);
INSERT INTO chargingSituation
VALUES ('CS1740734163','FE847983202','P868304303','SF1921617049',20950519);
INSERT INTO chargingSituation
VALUES ('CS1741885453','FE932770721','P1668864323','SF792368880',20180212);
INSERT INTO chargingSituation
VALUES ('CS1742375113','FE689523187','P1730748954','SF1342709477',20401109);
INSERT INTO chargingSituation
VALUES ('CS1745540606','FE337576534','P467879507','SF818212383',20800620);
INSERT INTO chargingSituation
VALUES ('CS1745683944','FE1901395072','P141266690','SF955874934',20230901);
INSERT INTO chargingSituation
VALUES ('CS1748024250','FE849570875','P2053805379','SF1660893152',2050504);
INSERT INTO chargingSituation
VALUES ('CS1748095042','FE849570875','P908816450','SF1521338764',20540801);
INSERT INTO chargingSituation
VALUES ('CS1748465329','FE481142623','P2055363280','SF926495450',2060725);
INSERT INTO chargingSituation
VALUES ('CS1750503974','FE1586029607','P962172268','SF1638761958',20780316);
INSERT INTO chargingSituation
VALUES ('CS1753635442','FE1079942883','P1482396070','SF1983128491',20170401);
INSERT INTO chargingSituation
VALUES ('CS1754894988','FE122309568','P1806974291','SF1160017263',20931006);
INSERT INTO chargingSituation
VALUES ('CS1756594961','FE822039727','P2122636477','SF609151569',20830225);
INSERT INTO chargingSituation
VALUES ('CS1758652314','FE1051021955','P1742979396','SF1553591775',20460625);
INSERT INTO chargingSituation
VALUES ('CS17616226','FE85649947','P25073125','SF1252914741',20880327);
INSERT INTO chargingSituation
VALUES ('CS1766140176','FE1967165558','P1490485383','SF300255333',20570314);
INSERT INTO chargingSituation
VALUES ('CS1768623207','FE497606099','P1478821977','SF1983128491',20820314);
INSERT INTO chargingSituation
VALUES ('CS1773498592','FE1787160517','P1886103062','SF792368880',20320105);
INSERT INTO chargingSituation
VALUES ('CS1774227300','FE328636055','P1532298285','SF64852531',20120311);
INSERT INTO chargingSituation
VALUES ('CS1775693920','FE2022561761','P1825893594','SF797671113',2010713);
INSERT INTO chargingSituation
VALUES ('CS1776985566','FE823003763','P2138365981','SF205103753',20191030);
INSERT INTO chargingSituation
VALUES ('CS1778210570','FE1854377094','P559275609','SF602757702',20480217);
INSERT INTO chargingSituation
VALUES ('CS1778770908','FE748916352','P2002403402','SF1160017263',20100808);
INSERT INTO chargingSituation
VALUES ('CS1778781539','FE126599927','P591432517','SF1921617049',20690806);
INSERT INTO chargingSituation
VALUES ('CS1781390829','FE1783639177','P1841845221','SF195784358',20260313);
INSERT INTO chargingSituation
VALUES ('CS1783535579','FE251032125','P136588039','SF926495450',20540613);
INSERT INTO chargingSituation
VALUES ('CS1785883910','FE896734277','P1276087627','SF467523236',20911029);
INSERT INTO chargingSituation
VALUES ('CS1785993398','FE143810228','P699220660','SF797671113',20360305);
INSERT INTO chargingSituation
VALUES ('CS178876007','FE1436693512','P2116416310','SF926495450',20110606);
INSERT INTO chargingSituation
VALUES ('CS1788902448','FE1333202384','P1375145846','SF1252914741',20340827);
INSERT INTO chargingSituation
VALUES ('CS1789630412','FE132546339','P1212049362','SF467523236',20181230);
INSERT INTO chargingSituation
VALUES ('CS1789651384','FE208287381','P745943980','SF818212383',20150922);
INSERT INTO chargingSituation
VALUES ('CS1791021566','FE1899310149','P2020580981','SF1160017263',20611104);
INSERT INTO chargingSituation
VALUES ('CS1794158458','FE2015336469','P2044583071','SF1494346797',20380106);
INSERT INTO chargingSituation
VALUES ('CS1797757819','FE1092523065','P220793000','SF1553591775',20670104);
INSERT INTO chargingSituation
VALUES ('CS1800478398','FE568373362','P1177745277','SF899961553',20140201);
INSERT INTO chargingSituation
VALUES ('CS1800487632','FE1473001110','P1233570418','SF205103753',20421012);
INSERT INTO chargingSituation
VALUES ('CS1802866418','FE640807144','P214021913','SF1983128491',20480203);
INSERT INTO chargingSituation
VALUES ('CS1806608979','FE2045099833','P482599874','SF1553591775',20540629);
INSERT INTO chargingSituation
VALUES ('CS1808508394','FE1512180810','P1464333187','SF1952294928',20790309);
INSERT INTO chargingSituation
VALUES ('CS1812106067','FE1383899415','P1910486701','SF926495450',20511026);
INSERT INTO chargingSituation
VALUES ('CS181643240','FE68683957','P1240760514','SF205103753',2011004);
INSERT INTO chargingSituation
VALUES ('CS1816913813','FE264484536','P137142213','SF1494346797',20170203);
INSERT INTO chargingSituation
VALUES ('CS1818039123','FE356755570','P1951008359','SF1202279488',20711130);
INSERT INTO chargingSituation
VALUES ('CS1818463846','FE847983202','P1557603166','SF64852531',20680828);
INSERT INTO chargingSituation
VALUES ('CS1818745465','FE954645984','P699220660','SF20363079',20230212);
INSERT INTO chargingSituation
VALUES ('CS181924007','FE1306250026','P745918613','SF1634053800',20830731);
INSERT INTO chargingSituation
VALUES ('CS1819636293','FE1907006619','P554504423','SF1194455331',20111104);
INSERT INTO chargingSituation
VALUES ('CS1820842587','FE1909856918','P669683670','SF1675159789',20350603);
INSERT INTO chargingSituation
VALUES ('CS1826998482','FE420707043','P669683670','SF1200305366',20850127);
INSERT INTO chargingSituation
VALUES ('CS1827454793','FE1077502281','P1821695680','SF1037720193',20441227);
INSERT INTO chargingSituation
VALUES ('CS1828755778','FE1001090187','P1792081152','SF1553591775',20120101);
INSERT INTO chargingSituation
VALUES ('CS1828943479','FE1967165558','P1093758416','SF1521338764',20611112);
INSERT INTO chargingSituation
VALUES ('CS1829051888','FE1209432606','P1542800403','SF609151569',20300518);
INSERT INTO chargingSituation
VALUES ('CS1829079362','FE94792764','P285564400','SF205103753',20970502);
INSERT INTO chargingSituation
VALUES ('CS1829901281','FE1214181985','P777901852','SF1948492940',20740703);
INSERT INTO chargingSituation
VALUES ('CS1833719806','FE975299804','P1634420012','SF1553591775',20940607);
INSERT INTO chargingSituation
VALUES ('CS1840360607','FE2058404100','P1735205312','SF1357729340',20510508);
INSERT INTO chargingSituation
VALUES ('CS1846241382','FE980261817','P845331488','SF300255333',20581211);
INSERT INTO chargingSituation
VALUES ('CS1848632510','FE977947334','P443876697','SF1921617049',20460812);
INSERT INTO chargingSituation
VALUES ('CS1851212175','FE1172546860','P1429302247','SF2110782199',20300514);
INSERT INTO chargingSituation
VALUES ('CS1851302497','FE1640787741','P1178300600','SF1948492940',20830925);
INSERT INTO chargingSituation
VALUES ('CS1852007737','FE2135937830','P614751665','SF1675159789',20281201);
INSERT INTO chargingSituation
VALUES ('CS1853018584','FE906415595','P410196242','SF1037720193',20801006);
INSERT INTO chargingSituation
VALUES ('CS1854217063','FE2135336470','P1212049362','SF1660893152',20660819);
INSERT INTO chargingSituation
VALUES ('CS1854519589','FE497606099','P1178300600','SF1638761958',20480303);
INSERT INTO chargingSituation
VALUES ('CS1855411439','FE1436693512','P976736870','SF2018663870',20800604);
INSERT INTO chargingSituation
VALUES ('CS1856312411','FE1678351582','P465107944','SF997128370',20610602);
INSERT INTO chargingSituation
VALUES ('CS1857262166','FE1618396029','P424806214','SF1921617049',20750126);
INSERT INTO chargingSituation
VALUES ('CS1859331894','FE1715673046','P931159889','SF467523236',20580723);
INSERT INTO chargingSituation
VALUES ('CS1859555414','FE636074246','P1306041709','SF792368880',20931105);
INSERT INTO chargingSituation
VALUES ('CS1860853458','FE1607356715','P1574275003','SF665365514',20361128);
INSERT INTO chargingSituation
VALUES ('CS1860929153','FE635472997','P1669432978','SF489261328',20681017);
INSERT INTO chargingSituation
VALUES ('CS1863776356','FE651727859','P262262658','SF926495450',20530220);
INSERT INTO chargingSituation
VALUES ('CS1864165600','FE208287381','P327079052','SF792368880',20350307);
INSERT INTO chargingSituation
VALUES ('CS1864169671','FE667176315','P1841454566','SF1553591775',2010119);
INSERT INTO chargingSituation
VALUES ('CS1866658165','FE1756162559','P1694208479','SF818212383',20920222);
INSERT INTO chargingSituation
VALUES ('CS1870650743','FE320245185','P1291167524','SF792368880',20900122);
INSERT INTO chargingSituation
VALUES ('CS187281604','FE1007624878','P1113247588','SF489261328',20250507);
INSERT INTO chargingSituation
VALUES ('CS1873632244','FE1587899293','P1031671263','SF39300910',20501115);
INSERT INTO chargingSituation
VALUES ('CS1876468201','FE1635051455','P1479503248','SF997128370',20660224);
INSERT INTO chargingSituation
VALUES ('CS187980363','FE1189020619','P2106805826','SF1160017263',20990218);
INSERT INTO chargingSituation
VALUES ('CS1880728786','FE1257468744','P1554465681','SF1553591775',20251017);
INSERT INTO chargingSituation
VALUES ('CS1884637382','FE1627234599','P1669432978','SF1494346797',20801027);
INSERT INTO chargingSituation
VALUES ('CS1886156967','FE999637836','P1090498916','SF1037720193',20200920);
INSERT INTO chargingSituation
VALUES ('CS1886607211','FE1008511049','P2134048141','SF591746655',20510225);
INSERT INTO chargingSituation
VALUES ('CS1889916602','FE823003763','P1122303807','SF70906444',20960615);
INSERT INTO chargingSituation
VALUES ('CS1891221187','FE1668492047','P549883278','SF1521338764',20421122);
INSERT INTO chargingSituation
VALUES ('CS1892844588','FE1030017359','P1367506691','SF1660893152',20880428);
INSERT INTO chargingSituation
VALUES ('CS1893256720','FE1086570692','P2000755527','SF64852531',20980628);
INSERT INTO chargingSituation
VALUES ('CS1893953247','FE294555148','P1177745277','SF64852531',20260115);
INSERT INTO chargingSituation
VALUES ('CS1894432955','FE2056964713','P432880366','SF467523236',20850122);
INSERT INTO chargingSituation
VALUES ('CS1896657537','FE766804913','P1270112254','SF591746655',20180105);
INSERT INTO chargingSituation
VALUES ('CS1899985614','FE1511834643','P1356455375','SF1921617049',20360214);
INSERT INTO chargingSituation
VALUES ('CS1902229165','FE1689115740','P2055363280','SF205103753',20560201);
INSERT INTO chargingSituation
VALUES ('CS1902416596','FE1685131148','P432880366','SF609151569',20721224);
INSERT INTO chargingSituation
VALUES ('CS190301296','FE704615739','P1725745970','SF2110782199',20280408);
INSERT INTO chargingSituation
VALUES ('CS1903416613','FE1077588090','P713381171','SF20363079',20191204);
INSERT INTO chargingSituation
VALUES ('CS1904019827','FE994697038','P1152924975','SF1737007784',20870528);
INSERT INTO chargingSituation
VALUES ('CS190502938','FE988494787','P860371511','SF792368880',20410923);
INSERT INTO chargingSituation
VALUES ('CS1906681497','FE1401095330','P851174552','SF489261328',20961214);
INSERT INTO chargingSituation
VALUES ('CS1907693434','FE264484536','P745943980','SF489261328',20520122);
INSERT INTO chargingSituation
VALUES ('CS1910251701','FE857335329','P1031245271','SF899961553',20250221);
INSERT INTO chargingSituation
VALUES ('CS1911170142','FE216620608','P43016705','SF602757702',20200827);
INSERT INTO chargingSituation
VALUES ('CS1912703688','FE463001454','P2113404633','SF1160017263',20350628);
INSERT INTO chargingSituation
VALUES ('CS1913272975','FE1069940378','P772190608','SF955874934',20510727);
INSERT INTO chargingSituation
VALUES ('CS1913751065','FE1791016098','P1008096140','SF489261328',2050711);
INSERT INTO chargingSituation
VALUES ('CS1918057092','FE565995779','P1276686327','SF1160017263',20120408);
INSERT INTO chargingSituation
VALUES ('CS1918969287','FE1961740080','P1551529693','SF792368880',20441128);
INSERT INTO chargingSituation
VALUES ('CS192235193','FE1533278401','P1049772489','SF868334615',2000127);
INSERT INTO chargingSituation
VALUES ('CS1923448008','FE1767082923','P1076230980','SF591746655',20670725);
INSERT INTO chargingSituation
VALUES ('CS1923719546','FE1230674379','P1667034823','SF1160017263',20520523);
INSERT INTO chargingSituation
VALUES ('CS1924298975','FE1586037292','P1932811957','SF533615961',20710507);
INSERT INTO chargingSituation
VALUES ('CS192483905','FE538173154','P1122303807','SF533615961',20120216);
INSERT INTO chargingSituation
VALUES ('CS1925240922','FE2031965741','P654023236','SF1494346797',20590526);
INSERT INTO chargingSituation
VALUES ('CS1927714365','FE115463587','P2063341489','SF1867704366',2090622);
INSERT INTO chargingSituation
VALUES ('CS1927729192','FE2090024588','P1346339215','SF70906444',2070425);
INSERT INTO chargingSituation
VALUES ('CS1928273433','FE1293433479','P1113247588','SF1948492940',20121025);
INSERT INTO chargingSituation
VALUES ('CS1929081922','FE667176315','P559275609','SF926495450',20181212);
INSERT INTO chargingSituation
VALUES ('CS1929111803','FE358444148','P146679069','SF2018663870',20580508);
INSERT INTO chargingSituation
VALUES ('CS1929733639','FE4522425','P1753148361','SF899961553',20381221);
INSERT INTO chargingSituation
VALUES ('CS1935575189','FE1909856918','P1808924448','SF792368880',20730919);
INSERT INTO chargingSituation
VALUES ('CS1937006927','FE555198167','P1849395786','SF955874934',20140210);
INSERT INTO chargingSituation
VALUES ('CS1937451197','FE287667857','P1056907174','SF818212383',20361111);
INSERT INTO chargingSituation
VALUES ('CS1940166230','FE1116530859','P337679392','SF1553591775',20380516);
INSERT INTO chargingSituation
VALUES ('CS1941830163','FE849570875','P271233851','SF1952294928',20380423);
INSERT INTO chargingSituation
VALUES ('CS1942091079','FE1899488371','P745943980','SF489261328',20850506);
INSERT INTO chargingSituation
VALUES ('CS1943040669','FE635472997','P564938481','SF955874934',2011012);
INSERT INTO chargingSituation
VALUES ('CS194327118','FE1854377094','P343633242','SF205103753',20210815);
INSERT INTO chargingSituation
VALUES ('CS194335833','FE882232035','P1464333187','SF1983128491',2090703);
INSERT INTO chargingSituation
VALUES ('CS1944341592','FE1485985090','P1965492905','SF818212383',2011028);
INSERT INTO chargingSituation
VALUES ('CS1944593733','FE1884963000','P228739728','SF467523236',20190311);
INSERT INTO chargingSituation
VALUES ('CS1946832917','FE2101306220','P1757980712','SF1929985611',20970603);
INSERT INTO chargingSituation
VALUES ('CS1950127480','FE568373362','P885279289','SF609151569',20531019);
INSERT INTO chargingSituation
VALUES ('CS1951720825','FE175487541','P923254653','SF1634053800',20840130);
INSERT INTO chargingSituation
VALUES ('CS1961751669','FE1669788737','P1539243148','SF1921617049',20730407);
INSERT INTO chargingSituation
VALUES ('CS1962740684','FE418863701','P1811104830','SF1342709477',20681021);
INSERT INTO chargingSituation
VALUES ('CS196283453','FE1049971605','P1373878872','SF926495450',20100406);
INSERT INTO chargingSituation
VALUES ('CS1962924975','FE1933874457','P311454918','SF195784358',20350425);
INSERT INTO chargingSituation
VALUES ('CS1965886856','FE2023986318','P1076230980','SF1867704366',20680601);
INSERT INTO chargingSituation
VALUES ('CS1966446858','FE625855138','P859382189','SF1200305366',20211212);
INSERT INTO chargingSituation
VALUES ('CS1967135296','FE1436693512','P2063341489','SF955874934',20310517);
INSERT INTO chargingSituation
VALUES ('CS1968234290','FE1518480788','P1499673139','SF611175310',20710606);
INSERT INTO chargingSituation
VALUES ('CS1969705029','FE16958048','P103172963','SF1675159789',20841003);
INSERT INTO chargingSituation
VALUES ('CS1972415453','FE924054256','P43016705','SF467523236',20660401);
INSERT INTO chargingSituation
VALUES ('CS1973794950','FE68250137','P1049772489','SF20363079',20320530);
INSERT INTO chargingSituation
VALUES ('CS1977373839','FE2135937830','P439627852','SF1865471617',20250219);
INSERT INTO chargingSituation
VALUES ('CS1978668190','FE1627234599','P1008096140','SF1248586464',20361217);
INSERT INTO chargingSituation
VALUES ('CS1978831950','FE1201945832','P1344111420','SF1675159789',20850610);
INSERT INTO chargingSituation
VALUES ('CS197901692','FE1517122996','P1482396070','SF467523236',20380429);
INSERT INTO chargingSituation
VALUES ('CS1979628602','FE1586015794','P916933607','SF1983128491',20520514);
INSERT INTO chargingSituation
VALUES ('CS1983966032','FE890610281','P722245672','SF195784358',20590426);
INSERT INTO chargingSituation
VALUES ('CS1984022133','FE354186501','P749894266','SF1634053800',20870923);
INSERT INTO chargingSituation
VALUES ('CS1984804202','FE809689848','P651028701','SF1948492940',2020608);
INSERT INTO chargingSituation
VALUES ('CS1988000795','FE640807144','P1222901132','SF1660893152',20750723);
INSERT INTO chargingSituation
VALUES ('CS1991881061','FE372401360','P1375145846','SF1948492940',20271126);
INSERT INTO chargingSituation
VALUES ('CS1993259580','FE209155095','P497217063','SF70906444',20970818);
INSERT INTO chargingSituation
VALUES ('CS1995744760','FE1832578285','P1678118632','SF70906444',20290324);
INSERT INTO chargingSituation
VALUES ('CS1997474400','FE1518480788','P1824110065','SF868334615',20990803);
INSERT INTO chargingSituation
VALUES ('CS2002618338','FE797668880','P2134048141','SF1675159789',20410128);
INSERT INTO chargingSituation
VALUES ('CS2003698012','FE1801342361','P1768874550','SF1929985611',20641005);
INSERT INTO chargingSituation
VALUES ('CS2004815597','FE1174860148','P822830779','SF1248586464',20790428);
INSERT INTO chargingSituation
VALUES ('CS2005733002','FE122309568','P1266120305','SF1921617049',20510823);
INSERT INTO chargingSituation
VALUES ('CS2013349337','FE1668492047','P1388221373','SF1865471617',2041114);
INSERT INTO chargingSituation
VALUES ('CS2014588780','FE1690045228','P1597599592','SF2110782199',20130815);
INSERT INTO chargingSituation
VALUES ('CS2016073869','FE1334230484','P951015337','SF1634053800',20401129);
INSERT INTO chargingSituation
VALUES ('CS20190247','FE171280696','P1347222106','SF1342709477',20361121);
INSERT INTO chargingSituation
VALUES ('CS2020581123','FE1070950291','P1276087627','SF926495450',20690307);
INSERT INTO chargingSituation
VALUES ('CS2020654758','FE2090024588','P1688750762','SF2018663870',20841230);
INSERT INTO chargingSituation
VALUES ('CS2020853220','FE1827941586','P1290918734','SF1357729340',20780723);
INSERT INTO chargingSituation
VALUES ('CS2021454262','FE1333202384','P1178300600','SF792368880',20790630);
INSERT INTO chargingSituation
VALUES ('CS2022707169','FE1842813408','P1196222612','SF195784358',20880116);
INSERT INTO chargingSituation
VALUES ('CS2023451938','FE128940653','P1109332183','SF818212383',2000207);
INSERT INTO chargingSituation
VALUES ('CS202455209','FE410942968','P1367915306','SF1952294928',20640409);
INSERT INTO chargingSituation
VALUES ('CS2025804673','FE679165601','P1588142318','SF1737007784',20720618);
INSERT INTO chargingSituation
VALUES ('CS2026191235','FE1333202384','P860371511','SF850843869',20300928);
INSERT INTO chargingSituation
VALUES ('CS2027141038','FE1044136182','P1196222612','SF1357729340',20521030);
INSERT INTO chargingSituation
VALUES ('CS2027201791','FE337917740','P1056907174','SF1160017263',20960818);
INSERT INTO chargingSituation
VALUES ('CS2032244936','FE282074414','P1910486701','SF926495450',20570911);
INSERT INTO chargingSituation
VALUES ('CS2034473997','FE1926443679','P2035481713','SF205103753',20680425);
INSERT INTO chargingSituation
VALUES ('CS2038739755','FE980261817','P1782611399','SF2018663870',20210821);
INSERT INTO chargingSituation
VALUES ('CS2039427496','FE1665877579','P1490485383','SF926495450',20650524);
INSERT INTO chargingSituation
VALUES ('CS2039758779','FE10985745','P1753498488','SF195784358',20480406);
INSERT INTO chargingSituation
VALUES ('CS2040247667','FE1468183848','P2146817487','SF1921617049',20380420);
INSERT INTO chargingSituation
VALUES ('CS2042100795','FE1394441187','P1426331843','SF792368880',20501217);
INSERT INTO chargingSituation
VALUES ('CS2045836471','FE1614278639','P1822717240','SF1634053800',20450704);
INSERT INTO chargingSituation
VALUES ('CS2048187601','FE2100522277','P1131000035','SF1521338764',20550825);
INSERT INTO chargingSituation
VALUES ('CS2049928158','FE1986435173','P549883278','SF609151569',20641108);
INSERT INTO chargingSituation
VALUES ('CS2051545508','FE1926443679','P271233851','SF70906444',20650429);
INSERT INTO chargingSituation
VALUES ('CS2054747446','FE847983202','P385025514','SF850843869',20520415);
INSERT INTO chargingSituation
VALUES ('CS2055029763','FE1806052076','P853385078','SF591746655',2061107);
INSERT INTO chargingSituation
VALUES ('CS2063916936','FE789218801','P343633242','SF1952294928',20201129);
INSERT INTO chargingSituation
VALUES ('CS2065125264','FE2023633626','P1651994903','SF39300910',2010620);
INSERT INTO chargingSituation
VALUES ('CS2066894283','FE1257468744','P1753148361','SF300255333',20510114);
INSERT INTO chargingSituation
VALUES ('CS2070714623','FE958484048','P1128819343','SF868334615',20420423);
INSERT INTO chargingSituation
VALUES ('CS2080017980','FE1835086806','P853485023','SF205103753',20290711);
INSERT INTO chargingSituation
VALUES ('CS2081093445','FE179737759','P86768807','SF39300910',20851027);
INSERT INTO chargingSituation
VALUES ('CS2082079265','FE92835801','P1687793234','SF1634053800',20220929);
INSERT INTO chargingSituation
VALUES ('CS2082540220','FE1016715806','P1158653317','SF926495450',20581231);
INSERT INTO chargingSituation
VALUES ('CS2082733077','FE1585110676','P209237544','SF2018663870',2010816);
INSERT INTO chargingSituation
VALUES ('CS2084167181','FE1571724597','P1738900235','SF1202279488',20640613);
INSERT INTO chargingSituation
VALUES ('CS2085531763','FE20299613','P1687793234','SF792368880',20740705);
INSERT INTO chargingSituation
VALUES ('CS2087870896','FE16958048','P1946238407','SF609151569',20590923);
INSERT INTO chargingSituation
VALUES ('CS2093506537','FE1896602121','P1989589031','SF1921617049',20761201);
INSERT INTO chargingSituation
VALUES ('CS2094744110','FE2141744516','P868307364','SF205103753',20820506);
INSERT INTO chargingSituation
VALUES ('CS2095841772','FE517502560','P268837742','SF1952294928',20730422);
INSERT INTO chargingSituation
VALUES ('CS2096077008','FE1189020619','P411647763','SF195784358',20431106);
INSERT INTO chargingSituation
VALUES ('CS2096408169','FE1586029607','P2020580981','SF997128370',20101207);
INSERT INTO chargingSituation
VALUES ('CS2097989343','FE268748224','P1222489122','SF955874934',20190219);
INSERT INTO chargingSituation
VALUES ('CS2106244294','FE420707043','P1940053845','SF489261328',20511230);
INSERT INTO chargingSituation
VALUES ('CS2106274553','FE1640787741','P2134048141','SF2018663870',20330202);
INSERT INTO chargingSituation
VALUES ('CS2109673432','FE1508774226','P549883278','SF1660893152',20771125);
INSERT INTO chargingSituation
VALUES ('CS2113701187','FE288095090','P252255233','SF1921617049',20731010);
INSERT INTO chargingSituation
VALUES ('CS2115507235','FE479274671','P1668864323','SF1865471617',20440104);
INSERT INTO chargingSituation
VALUES ('CS2116351507','FE390827841','P1388221373','SF1929985611',20390713);
INSERT INTO chargingSituation
VALUES ('CS2119424898','FE6321607','P1677264646','SF609151569',20830510);
INSERT INTO chargingSituation
VALUES ('CS2119612042','FE10985745','P1601629081','SF1952294928',20901209);
INSERT INTO chargingSituation
VALUES ('CS2120148842','FE1661378700','P745732424','SF868334615',20560513);
INSERT INTO chargingSituation
VALUES ('CS2121897790','FE399146554','P1318229393','SF1867704366',20440221);
INSERT INTO chargingSituation
VALUES ('CS2122193413','FE726952303','P1231502744','SF1194455331',20260316);
INSERT INTO chargingSituation
VALUES ('CS2123383994','FE497606099','P1410393950','SF1202279488',20520628);
INSERT INTO chargingSituation
VALUES ('CS2123867255','FE2070982704','P908816450','SF1248586464',20270622);
INSERT INTO chargingSituation
VALUES ('CS2124137254','FE287667857','P1841533495','SF1521338764',20120621);
INSERT INTO chargingSituation
VALUES ('CS2125030994','FE1971431774','P1196160203','SF611175310',20400425);
INSERT INTO chargingSituation
VALUES ('CS213233817','FE1436693512','P136670907','SF1952294928',20450103);
INSERT INTO chargingSituation
VALUES ('CS2134249402','FE143810228','P1841454566','SF1202279488',2070315);
INSERT INTO chargingSituation
VALUES ('CS213502241','FE179189398','P2036902119','SF1867704366',20460728);
INSERT INTO chargingSituation
VALUES ('CS2135987501','FE1044136182','P1791650381','SF1952294928',2050506);
INSERT INTO chargingSituation
VALUES ('CS2140583811','FE1872183017','P1272340419','SF1200305366',20660712);
INSERT INTO chargingSituation
VALUES ('CS2141388559','FE2045186514','P2030260615','SF1952294928',20410529);
INSERT INTO chargingSituation
VALUES ('CS2146056933','FE2000887944','P1951489864','SF1983128491',20120416);
INSERT INTO chargingSituation
VALUES ('CS215378424','FE1099399121','P1426331843','SF1553591775',20170822);
INSERT INTO chargingSituation
VALUES ('CS216108028','FE285805945','P1646955408','SF792368880',20400529);
INSERT INTO chargingSituation
VALUES ('CS216243858','FE1715673046','P1768874550','SF602757702',20550430);
INSERT INTO chargingSituation
VALUES ('CS222605794','FE121128277','P1669432978','SF850843869',20931005);
INSERT INTO chargingSituation
VALUES ('CS224017387','FE128940653','P1439039156','SF792368880',20510108);
INSERT INTO chargingSituation
VALUES ('CS224343026','FE434415233','P1100153147','SF64852531',20160302);
INSERT INTO chargingSituation
VALUES ('CS229146756','FE562699035','P812218575','SF997128370',20670426);
INSERT INTO chargingSituation
VALUES ('CS230181562','FE1007624878','P1577345667','SF1252914741',20911006);
INSERT INTO chargingSituation
VALUES ('CS230513604','FE899419366','P833267547','SF797671113',20601222);
INSERT INTO chargingSituation
VALUES ('CS233246838','FE1126065704','P1290918734','SF20363079',2030528);
INSERT INTO chargingSituation
VALUES ('CS234758642','FE1172546860','P1668864323','SF1202279488',20180327);
INSERT INTO chargingSituation
VALUES ('CS235869574','FE1672451522','P297940523','SF1952294928',20690920);
INSERT INTO chargingSituation
VALUES ('CS239046549','FE1912773226','P1677264646','SF926495450',20380611);
INSERT INTO chargingSituation
VALUES ('CS241267082','FE1383899415','P1008096140','SF1342709477',20871114);
INSERT INTO chargingSituation
VALUES ('CS242263836','FE449642696','P2019932869','SF1921617049',20901003);
INSERT INTO chargingSituation
VALUES ('CS24409962','FE747537818','P214021913','SF926495450',20410128);
INSERT INTO chargingSituation
VALUES ('CS245288404','FE294555148','P1694208479','SF1160017263',2060501);
INSERT INTO chargingSituation
VALUES ('CS2455754','FE2014297705','P1080402115','SF609151569',20761214);
INSERT INTO chargingSituation
VALUES ('CS246958028','FE1529283596','P1445796181','SF70906444',20770519);
INSERT INTO chargingSituation
VALUES ('CS250953516','FE1678351582','P1339828648','SF1634053800',20780907);
INSERT INTO chargingSituation
VALUES ('CS25193891','FE2000887944','P1318229393','SF1553591775',20590512);
INSERT INTO chargingSituation
VALUES ('CS255286777','FE1792896545','P1005655998','SF1638761958',20570702);
INSERT INTO chargingSituation
VALUES ('CS256253578','FE268748224','P986800342','SF1553591775',20200316);
INSERT INTO chargingSituation
VALUES ('CS258747655','FE1431195869','P718714729','SF1929985611',20340514);
INSERT INTO chargingSituation
VALUES ('CS260178990','FE1512180810','P1886103062','SF1921617049',20670518);
INSERT INTO chargingSituation
VALUES ('CS261466620','FE994444697','P1571603396','SF899961553',20450825);
INSERT INTO chargingSituation
VALUES ('CS263261140','FE1220205218','P1732720708','SF2110782199',20170801);
INSERT INTO chargingSituation
VALUES ('CS263599546','FE1155791222','P1231502744','SF205103753',20881004);
INSERT INTO chargingSituation
VALUES ('CS265149382','FE994697038','P629390615','SF1160017263',20370714);
INSERT INTO chargingSituation
VALUES ('CS269075046','FE850891409','P1119129901','SF2110782199',20480126);
INSERT INTO chargingSituation
VALUES ('CS270310772','FE2141744516','P168517040','SF533615961',20800121);
INSERT INTO chargingSituation
VALUES ('CS271445257','FE1652519231','P1745637656','SF1494346797',20441115);
INSERT INTO chargingSituation
VALUES ('CS273031755','FE2000826273','P322271075','SF797671113',20680630);
INSERT INTO chargingSituation
VALUES ('CS275613642','FE1201945832','P1519125754','SF1202279488',20490627);
INSERT INTO chargingSituation
VALUES ('CS285208446','FE1147334449','P1694208479','SF1252914741',20380701);
INSERT INTO chargingSituation
VALUES ('CS286374421','FE1883289760','P1076230980','SF1865471617',20150223);
INSERT INTO chargingSituation
VALUES ('CS288876861','FE757776991','P1802346622','SF1037720193',20480929);
INSERT INTO chargingSituation
VALUES ('CS2896208','FE989416308','P2141467985','SF926495450',20981030);
INSERT INTO chargingSituation
VALUES ('CS290017186','FE2104258419','P1389609136','SF467523236',20680805);
INSERT INTO chargingSituation
VALUES ('CS290480345','FE1756162559','P70940674','SF591746655',20130507);
INSERT INTO chargingSituation
VALUES ('CS290558955','FE335634253','P116668624','SF1737007784',20560614);
INSERT INTO chargingSituation
VALUES ('CS292704896','FE2056964713','P1222489122','SF1952294928',20540911);
INSERT INTO chargingSituation
VALUES ('CS294728968','FE428904400','P1947211280','SF20363079',20840508);
INSERT INTO chargingSituation
VALUES ('CS297315943','FE1846635864','P587407938','SF1737007784',20171014);
INSERT INTO chargingSituation
VALUES ('CS299015076','FE463001454','P771116236','SF1553591775',20980706);
INSERT INTO chargingSituation
VALUES ('CS304254407','FE85649947','P16208984','SF39300910',20191030);
INSERT INTO chargingSituation
VALUES ('CS30588844','FE1916568876','P722245672','SF1037720193',20910218);
INSERT INTO chargingSituation
VALUES ('CS308537197','FE1490507831','P116026169','SF1252914741',20790416);
INSERT INTO chargingSituation
VALUES ('CS311488777','FE1533278401','P1651994903','SF1342709477',20100504);
INSERT INTO chargingSituation
VALUES ('CS312126088','FE2014297705','P833690063','SF602757702',20431215);
INSERT INTO chargingSituation
VALUES ('CS312559524','FE2044969148','P2030260615','SF997128370',20380217);
INSERT INTO chargingSituation
VALUES ('CS313212548','FE472551735','P10347599','SF205103753',20230905);
INSERT INTO chargingSituation
VALUES ('CS314798918','FE1148539171','P43016705','SF1675159789',20350410);
INSERT INTO chargingSituation
VALUES ('CS314851818','FE1940170003','P1389609136','SF955874934',20340627);
INSERT INTO chargingSituation
VALUES ('CS315097631','FE1147334449','P1940053845','SF926495450',2040625);
INSERT INTO chargingSituation
VALUES ('CS31708789','FE264484536','P1825893594','SF609151569',2030802);
INSERT INTO chargingSituation
VALUES ('CS318041451','FE1306250026','P1196160203','SF899961553',20761026);
INSERT INTO chargingSituation
VALUES ('CS318552225','FE1341578941','P1158653317','SF205103753',2040529);
INSERT INTO chargingSituation
VALUES ('CS320986424','FE410942968','P107780394','SF1634053800',20690429);
INSERT INTO chargingSituation
VALUES ('CS321211759','FE1518480788','P199718190','SF1660893152',20320319);
INSERT INTO chargingSituation
VALUES ('CS32446404','FE1876157097','P1256590126','SF1867704366',20930308);
INSERT INTO chargingSituation
VALUES ('CS327916724','FE794945148','P1135915466','SF1634053800',20740324);
INSERT INTO chargingSituation
VALUES ('CS328058395','FE1328267169','P1109332183','SF792368880',20190815);
INSERT INTO chargingSituation
VALUES ('CS331366011','FE1586029607','P1276686327','SF533615961',20380917);
INSERT INTO chargingSituation
VALUES ('CS333079765','FE1650028444','P1951489864','SF1248586464',20190203);
INSERT INTO chargingSituation
VALUES ('CS335180132','FE372401360','P171536670','SF1638761958',2090113);
INSERT INTO chargingSituation
VALUES ('CS337095749','FE166110643','P430279845','SF1160017263',2080909);
INSERT INTO chargingSituation
VALUES ('CS339906904','FE1350787416','P1016056012','SF1194455331',20170211);
INSERT INTO chargingSituation
VALUES ('CS340479161','FE984867800','P745732424','SF609151569',20800114);
INSERT INTO chargingSituation
VALUES ('CS345118872','FE10985745','P1806974291','SF1160017263',20890413);
INSERT INTO chargingSituation
VALUES ('CS347693531','FE1690045228','P1474678852','SF533615961',20430508);
INSERT INTO chargingSituation
VALUES ('CS348433481','FE1404675448','P1211212648','SF997128370',20491203);
INSERT INTO chargingSituation
VALUES ('CS35065103','FE2126824090','P1426331843','SF195784358',20541201);
INSERT INTO chargingSituation
VALUES ('CS350833300','FE2100522277','P1825893594','SF1983128491',20540630);
INSERT INTO chargingSituation
VALUES ('CS352695431','FE1767086780','P385025514','SF899961553',20640106);
INSERT INTO chargingSituation
VALUES ('CS35307010','FE1782130105','P1547142870','SF591746655',20680420);
INSERT INTO chargingSituation
VALUES ('CS353672267','FE1984358944','P63432740','SF300255333',20891213);
INSERT INTO chargingSituation
VALUES ('CS354419635','FE980261817','P1811104830','SF39300910',20810411);
INSERT INTO chargingSituation
VALUES ('CS358303235','FE2031965741','P833267547','SF1638761958',20910429);
INSERT INTO chargingSituation
VALUES ('CS363774351','FE68683957','P45213498','SF868334615',20100330);
INSERT INTO chargingSituation
VALUES ('CS363949429','FE326257756','P1100153147','SF1675159789',20480913);
INSERT INTO chargingSituation
VALUES ('CS364741950','FE1933874457','P857224708','SF1252914741',2070320);
INSERT INTO chargingSituation
VALUES ('CS364954621','FE288095090','P649744854','SF1948492940',20460624);
INSERT INTO chargingSituation
VALUES ('CS366946617','FE10985745','P629390615','SF850843869',2010930);
INSERT INTO chargingSituation
VALUES ('CS369521824','FE118927222','P793954027','SF997128370',20430406);
INSERT INTO chargingSituation
VALUES ('CS372798857','FE896734277','P1947211280','SF1921617049',20881223);
INSERT INTO chargingSituation
VALUES ('CS379447578','FE463001454','P534719619','SF70906444',20380929);
INSERT INTO chargingSituation
VALUES ('CS379924811','FE1986435173','P1276686327','SF797671113',20440822);
INSERT INTO chargingSituation
VALUES ('CS380685479','FE463001454','P926653681','SF1948492940',2090501);
INSERT INTO chargingSituation
VALUES ('CS382172030','FE975299804','P1419753915','SF1634053800',20490802);
INSERT INTO chargingSituation
VALUES ('CS382469698','FE115463587','P1222489122','SF39300910',20291025);
INSERT INTO chargingSituation
VALUES ('CS382878184','FE428904400','P1725745970','SF1248586464',20140908);
INSERT INTO chargingSituation
VALUES ('CS384364854','FE625855138','P171536670','SF591746655',20290904);
INSERT INTO chargingSituation
VALUES ('CS385586149','FE1293433479','P195170083','SF1952294928',20220126);
INSERT INTO chargingSituation
VALUES ('CS389291002','FE440741938','P1085769812','SF1660893152',20861110);
INSERT INTO chargingSituation
VALUES ('CS390503171','FE115463587','P1056907174','SF611175310',20640831);
INSERT INTO chargingSituation
VALUES ('CS393881449','FE1869180758','P1222489122','SF797671113',20381113);
INSERT INTO chargingSituation
VALUES ('CS395595199','FE1874818164','P1367506691','SF926495450',20850806);
INSERT INTO chargingSituation
VALUES ('CS397707037','FE2016647171','P1694208479','SF1929985611',20550125);
INSERT INTO chargingSituation
VALUES ('CS400268061','FE330346996','P822830779','SF2110782199',20991215);
INSERT INTO chargingSituation
VALUES ('CS401112779','FE1963254393','P601288842','SF1660893152',20980104);
INSERT INTO chargingSituation
VALUES ('CS401260675','FE1860409418','P818903912','SF1553591775',20621115);
INSERT INTO chargingSituation
VALUES ('CS402157561','FE988494787','P649744854','SF1342709477',20390403);
INSERT INTO chargingSituation
VALUES ('CS405825120','FE1767082923','P1186922500','SF1342709477',20781124);
INSERT INTO chargingSituation
VALUES ('CS4094816','FE1814744035','P1445796181','SF850843869',2020310);
INSERT INTO chargingSituation
VALUES ('CS412312077','FE692594690','P396139796','SF300255333',20270601);
INSERT INTO chargingSituation
VALUES ('CS414065977','FE1567980313','P651028701','SF1660893152',20120802);
INSERT INTO chargingSituation
VALUES ('CS41720033','FE2058404100','P515951363','SF868334615',2071018);
INSERT INTO chargingSituation
VALUES ('CS418128922','FE1916568876','P2063341489','SF1675159789',20500821);
INSERT INTO chargingSituation
VALUES ('CS419066684','FE1439042167','P1841845221','SF64852531',20370107);
INSERT INTO chargingSituation
VALUES ('CS421179763','FE356755570','P1290918734','SF1737007784',20360416);
INSERT INTO chargingSituation
VALUES ('CS421521434','FE54602396','P554976580','SF70906444',20461119);
INSERT INTO chargingSituation
VALUES ('CS422419144','FE1782130105','P1668864323','SF1865471617',20470310);
INSERT INTO chargingSituation
VALUES ('CS426166358','FE1782130105','P1389609136','SF602757702',20590729);
INSERT INTO chargingSituation
VALUES ('CS43112944','FE841368416','P2031235339','SF300255333',20761207);
INSERT INTO chargingSituation
VALUES ('CS433316067','FE153814583','P10347599','SF997128370',20790410);
INSERT INTO chargingSituation
VALUES ('CS434648352','FE1907006619','P1165917915','SF797671113',20660107);
INSERT INTO chargingSituation
VALUES ('CS437516204','FE1390900915','P1668864323','SF2018663870',20861018);
INSERT INTO chargingSituation
VALUES ('CS438812370','FE1030017359','P1766134812','SF1037720193',20420312);
INSERT INTO chargingSituation
VALUES ('CS43999628','FE2090024588','P488705401','SF70906444',20371210);
INSERT INTO chargingSituation
VALUES ('CS44233391','FE54602396','P1669699620','SF1342709477',20870303);
INSERT INTO chargingSituation
VALUES ('CS442919306','FE4522425','P2036902119','SF1252914741',20990406);
INSERT INTO chargingSituation
VALUES ('CS444926905','FE958346064','P318763194','SF70906444',20391027);
INSERT INTO chargingSituation
VALUES ('CS445254942','FE2044969148','P551004188','SF1521338764',20151130);
INSERT INTO chargingSituation
VALUES ('CS44578110','FE1984358944','P2000755527','SF1202279488',20170516);
INSERT INTO chargingSituation
VALUES ('CS44655797','FE1083989561','P551057864','SF1865471617',20550104);
INSERT INTO chargingSituation
VALUES ('CS447728518','FE1961740080','P1916554800','SF2110782199',20880212);
INSERT INTO chargingSituation
VALUES ('CS448365309','FE525973177','P1485555462','SF20363079',20871008);
INSERT INTO chargingSituation
VALUES ('CS449372430','FE328636055','P1482396070','SF997128370',20790719);
INSERT INTO chargingSituation
VALUES ('CS450183812','FE1600423194','P762472067','SF1948492940',20510907);
INSERT INTO chargingSituation
VALUES ('CS453065875','FE10985745','P371200230','SF205103753',20170608);
INSERT INTO chargingSituation
VALUES ('CS453586315','FE625855138','P195170083','SF467523236',20460213);
INSERT INTO chargingSituation
VALUES ('CS455797515','FE693291127','P868304303','SF1865471617',20431104);
INSERT INTO chargingSituation
VALUES ('CS457157876','FE1744537700','P554428225','SF797671113',2070821);
INSERT INTO chargingSituation
VALUES ('CS458318589','FE1669788737','P1881993911','SF205103753',20380118);
INSERT INTO chargingSituation
VALUES ('CS458324457','FE1791016098','P1688750762','SF611175310',20590308);
INSERT INTO chargingSituation
VALUES ('CS459165215','FE1008836167','P745732424','SF1634053800',20811116);
INSERT INTO chargingSituation
VALUES ('CS461630808','FE208287381','P1256590126','SF1494346797',20790814);
INSERT INTO chargingSituation
VALUES ('CS462481180','FE1288133806','P1016056012','SF1929985611',20770413);
INSERT INTO chargingSituation
VALUES ('CS463693138','FE1259390538','P520981853','SF1342709477',20540423);
INSERT INTO chargingSituation
VALUES ('CS46543407','FE1707931237','P814710435','SF955874934',20370707);
INSERT INTO chargingSituation
VALUES ('CS466038596','FE684113282','P86768807','SF195784358',20460114);
INSERT INTO chargingSituation
VALUES ('CS469173041','FE1967165558','P630860517','SF1634053800',20850410);
INSERT INTO chargingSituation
VALUES ('CS470540502','FE75157623','P43016705','SF20363079',20371110);
INSERT INTO chargingSituation
VALUES ('CS471668185','FE1640236560','P220793000','SF611175310',20411216);
INSERT INTO chargingSituation
VALUES ('CS472561167','FE676868764','P1990419575','SF850843869',20900614);
INSERT INTO chargingSituation
VALUES ('CS474221735','FE1154009835','P986800342','SF818212383',20191214);
INSERT INTO chargingSituation
VALUES ('CS475460206','FE857335329','P1225942811','SF20363079',20100613);
INSERT INTO chargingSituation
VALUES ('CS476327392','FE676868764','P461581821','SF609151569',20780508);
INSERT INTO chargingSituation
VALUES ('CS476769765','FE1431195869','P1557603166','SF1952294928',20520822);
INSERT INTO chargingSituation
VALUES ('CS479274117','FE328636055','P651576422','SF850843869',20700627);
INSERT INTO chargingSituation
VALUES ('CS479928880','FE890610281','P833690063','SF1202279488',20221209);
INSERT INTO chargingSituation
VALUES ('CS484347980','FE1486451534','P1231502744','SF1865471617',20671012);
INSERT INTO chargingSituation
VALUES ('CS485183277','FE2135336470','P566622064','SF792368880',2020727);
INSERT INTO chargingSituation
VALUES ('CS487180051','FE966558589','P1822717240','SF20363079',20300713);
INSERT INTO chargingSituation
VALUES ('CS493202909','FE268748224','P970262378','SF997128370',20410425);
INSERT INTO chargingSituation
VALUES ('CS493829328','FE896734277','P1841845221','SF1342709477',20660227);
INSERT INTO chargingSituation
VALUES ('CS49476213','FE568447208','P1014473867','SF1634053800',20750722);
INSERT INTO chargingSituation
VALUES ('CS494981608','FE1926651938','P497217063','SF1194455331',20640921);
INSERT INTO chargingSituation
VALUES ('CS495207335','FE419009429','P1551529693','SF1929985611',20530220);
INSERT INTO chargingSituation
VALUES ('CS49577920','FE1251895815','P1478821977','SF300255333',20600416);
INSERT INTO chargingSituation
VALUES ('CS497846375','FE1381912487','P559275609','SF665365514',20530205);
INSERT INTO chargingSituation
VALUES ('CS504004285','FE958484048','P767752524','SF1983128491',20540826);
INSERT INTO chargingSituation
VALUES ('CS504415211','FE809689848','P374493763','SF926495450',20610924);
INSERT INTO chargingSituation
VALUES ('CS506392657','FE1201945832','P1191614310','SF602757702',20300820);
INSERT INTO chargingSituation
VALUES ('CS507471081','FE1007624878','P116668624','SF609151569',20670305);
INSERT INTO chargingSituation
VALUES ('CS507628207','FE420707043','P285564400','SF1737007784',20280122);
INSERT INTO chargingSituation
VALUES ('CS50841198','FE2104258419','P931159889','SF792368880',2001220);
INSERT INTO chargingSituation
VALUES ('CS508834508','FE1312963676','P1196160203','SF1553591775',20291012);
INSERT INTO chargingSituation
VALUES ('CS509596287','FE884726351','P1882444534','SF1660893152',20611125);
INSERT INTO chargingSituation
VALUES ('CS511379039','FE1660164314','P1493635625','SF665365514',20530503);
INSERT INTO chargingSituation
VALUES ('CS5117856','FE1814744035','P81604147','SF205103753',20420309);
INSERT INTO chargingSituation
VALUES ('CS514665756','FE1806052076','P1613264499','SF1737007784',20331130);
INSERT INTO chargingSituation
VALUES ('CS517347852','FE1030017359','P1157311697','SF665365514',20621022);
INSERT INTO chargingSituation
VALUES ('CS517953179','FE994697038','P2141467985','SF1660893152',20530630);
INSERT INTO chargingSituation
VALUES ('CS521390118','FE1774763928','P1399197563','SF467523236',20451129);
INSERT INTO chargingSituation
VALUES ('CS522872443','FE428904400','P805423696','SF868334615',20660605);
INSERT INTO chargingSituation
VALUES ('CS523859187','FE440741938','P1688750762','SF1929985611',20940310);
INSERT INTO chargingSituation
VALUES ('CS526721638','FE1383899415','P1399197563','SF1634053800',20490722);
INSERT INTO chargingSituation
VALUES ('CS526863375','FE2015336469','P1940053845','SF1948492940',20230520);
INSERT INTO chargingSituation
VALUES ('CS527412110','FE557269054','P195170083','SF665365514',20600618);
INSERT INTO chargingSituation
VALUES ('CS530243594','FE1614278639','P1301811158','SF609151569',20610611);
INSERT INTO chargingSituation
VALUES ('CS530573008','FE453785325','P201615232','SF1553591775',20110504);
INSERT INTO chargingSituation
VALUES ('CS532544632','FE1607356715','P2031235339','SF602757702',20430914);
INSERT INTO chargingSituation
VALUES ('CS537179489','FE1251895815','P1276686327','SF1865471617',20720322);
INSERT INTO chargingSituation
VALUES ('CS538512855','FE1672451522','P68701318','SF1660893152',20530410);
INSERT INTO chargingSituation
VALUES ('CS542798992','FE1401095330','P1554324408','SF1521338764',20590310);
INSERT INTO chargingSituation
VALUES ('CS548665909','FE1307105777','P411647763','SF1160017263',20860321);
INSERT INTO chargingSituation
VALUES ('CS551308720','FE201729316','P1256590126','SF20363079',20611023);
INSERT INTO chargingSituation
VALUES ('CS551579638','FE1561569826','P1031245271','SF868334615',20870516);
INSERT INTO chargingSituation
VALUES ('CS554013882','FE878653463','P1471576674','SF1921617049',20830908);
INSERT INTO chargingSituation
VALUES ('CS5569058','FE2135937830','P1841533495','SF926495450',20670122);
INSERT INTO chargingSituation
VALUES ('CS55807234','FE1873179465','P2019932869','SF1202279488',20550522);
INSERT INTO chargingSituation
VALUES ('CS558882458','FE705378637','P1152924975','SF1737007784',20200516);
INSERT INTO chargingSituation
VALUES ('CS565222685','FE2090024588','P95355361','SF1248586464',20180428);
INSERT INTO chargingSituation
VALUES ('CS567582830','FE958346064','P718948262','SF1952294928',20450224);
INSERT INTO chargingSituation
VALUES ('CS567900054','FE988494787','P1222901132','SF64852531',20591110);
INSERT INTO chargingSituation
VALUES ('CS570993941','FE216522566','P183447173','SF1737007784',20970618);
INSERT INTO chargingSituation
VALUES ('CS576665667','FE1092523065','P1290918734','SF868334615',2081204);
INSERT INTO chargingSituation
VALUES ('CS57802408','FE31277135','P1482396070','SF609151569',20191125);
INSERT INTO chargingSituation
VALUES ('CS579019315','FE16958048','P439740959','SF609151569',20700914);
INSERT INTO chargingSituation
VALUES ('CS579947489','FE144640236','P81604147','SF70906444',20240825);
INSERT INTO chargingSituation
VALUES ('CS584040820','FE1909856918','P467879507','SF665365514',20760105);
INSERT INTO chargingSituation
VALUES ('CS58404384','FE2020173122','P1471576674','SF1357729340',20101111);
INSERT INTO chargingSituation
VALUES ('CS58805861','FE481512606','P1158653317','SF1929985611',20960704);
INSERT INTO chargingSituation
VALUES ('CS589149005','FE975299804','P976736870','SF591746655',20540212);
INSERT INTO chargingSituation
VALUES ('CS592229430','FE841368416','P2031235339','SF39300910',20721101);
INSERT INTO chargingSituation
VALUES ('CS595382901','FE1688798077','P1462715159','SF1553591775',20700421);
INSERT INTO chargingSituation
VALUES ('CS59551157','FE1688798077','P1090498916','SF533615961',20760918);
INSERT INTO chargingSituation
VALUES ('CS596740509','FE1049971605','P1196222612','SF591746655',20440409);
INSERT INTO chargingSituation
VALUES ('CS596906109','FE1485905902','P1299828895','SF1037720193',20311121);
INSERT INTO chargingSituation
VALUES ('CS603561147','FE1404675448','P1745637656','SF1921617049',20720911);
INSERT INTO chargingSituation
VALUES ('CS605688074','FE54602396','P2053805379','SF1660893152',20171118);
INSERT INTO chargingSituation
VALUES ('CS606680250','FE288095090','P1191614310','SF665365514',20811121);
INSERT INTO chargingSituation
VALUES ('CS608021337','FE1668492047','P1628785940','SF868334615',20600328);
INSERT INTO chargingSituation
VALUES ('CS611347322','FE1913334298','P1427255543','SF533615961',2050413);
INSERT INTO chargingSituation
VALUES ('CS613176197','FE975374373','P1389837714','SF1342709477',2070706);
INSERT INTO chargingSituation
VALUES ('CS620011373','FE216620608','P1177097206','SF1948492940',20770911);
INSERT INTO chargingSituation
VALUES ('CS620553808','FE41329917','P963869835','SF300255333',2070821);
INSERT INTO chargingSituation
VALUES ('CS626091092','FE1293381299','P1551529693','SF64852531',20400209);
INSERT INTO chargingSituation
VALUES ('CS631575349','FE372401360','P1509020447','SF609151569',20360508);
INSERT INTO chargingSituation
VALUES ('CS634555867','FE144640236','P1493772674','SF195784358',20341201);
INSERT INTO chargingSituation
VALUES ('CS635469228','FE326257756','P168517040','SF1952294928',20480220);
INSERT INTO chargingSituation
VALUES ('CS636238678','FE17260072','P1910486701','SF20363079',20240408);
INSERT INTO chargingSituation
VALUES ('CS639071040','FE1070950291','P895846780','SF1921617049',20630621);
INSERT INTO chargingSituation
VALUES ('CS639866091','FE387502614','P2105478992','SF1675159789',20891202);
INSERT INTO chargingSituation
VALUES ('CS643494496','FE643833278','P9776765','SF1929985611',20270407);
INSERT INTO chargingSituation
VALUES ('CS648158540','FE171280696','P1680034384','SF489261328',20350413);
INSERT INTO chargingSituation
VALUES ('CS648308723','FE1511834643','P814710435','SF665365514',20811102);
INSERT INTO chargingSituation
VALUES ('CS649100512','FE1896602121','P1669432978','SF1948492940',20180826);
INSERT INTO chargingSituation
VALUES ('CS653770843','FE562699035','P86768807','SF591746655',20200510);
INSERT INTO chargingSituation
VALUES ('CS653820998','FE1650028444','P706730055','SF1521338764',20791201);
INSERT INTO chargingSituation
VALUES ('CS654439903','FE1079942883','P2116416310','SF609151569',20740505);
INSERT INTO chargingSituation
VALUES ('CS657371171','FE906415595','P1177097206','SF1160017263',20780419);
INSERT INTO chargingSituation
VALUES ('CS659285418','FE1425165544','P2071369574','SF1983128491',20840319);
INSERT INTO chargingSituation
VALUES ('CS660658792','FE1567980313','P698381408','SF533615961',20160925);
INSERT INTO chargingSituation
VALUES ('CS661036555','FE1832578285','P1989589031','SF70906444',20630916);
INSERT INTO chargingSituation
VALUES ('CS662176229','FE2023986318','P1628785940','SF70906444',20210912);
INSERT INTO chargingSituation
VALUES ('CS662374602','FE1010073895','P1270112254','SF797671113',20160114);
INSERT INTO chargingSituation
VALUES ('CS6660288','FE1949570895','P810286276','SF300255333',20770804);
INSERT INTO chargingSituation
VALUES ('CS669103273','FE1510549337','P411647763','SF1952294928',20130203);
INSERT INTO chargingSituation
VALUES ('CS670121983','FE1614278639','P566622064','SF818212383',2071118);
INSERT INTO chargingSituation
VALUES ('CS671435505','FE638566101','P1462715159','SF1867704366',20870201);
INSERT INTO chargingSituation
VALUES ('CS672498304','FE419009429','P805423696','SF611175310',20141016);
INSERT INTO chargingSituation
VALUES ('CS672695528','FE1896602121','P488705401','SF611175310',20681115);
INSERT INTO chargingSituation
VALUES ('CS677724444','FE555198167','P1375145846','SF792368880',20300528);
INSERT INTO chargingSituation
VALUES ('CS679478135','FE493821559','P1603454572','SF611175310',20981219);
INSERT INTO chargingSituation
VALUES ('CS679548646','FE1148539171','P172403617','SF533615961',20651126);
INSERT INTO chargingSituation
VALUES ('CS679619075','FE1383899415','P55591355','SF195784358',20280815);
INSERT INTO chargingSituation
VALUES ('CS680875439','FE434415233','P1240760514','SF1521338764',20981223);
INSERT INTO chargingSituation
VALUES ('CS682096755','FE533163951','P1375145846','SF1553591775',20590519);
INSERT INTO chargingSituation
VALUES ('CS682800869','FE1508774226','P2058506005','SF611175310',20180105);
INSERT INTO chargingSituation
VALUES ('CS682976932','FE449642696','P564938481','SF1983128491',20800803);
INSERT INTO chargingSituation
VALUES ('CS683685815','FE1147334449','P385025514','SF20363079',20290312);
INSERT INTO chargingSituation
VALUES ('CS684439563','FE847983202','P1479503248','SF611175310',2010205);
INSERT INTO chargingSituation
VALUES ('CS69574248','FE2135937830','P632151116','SF818212383',20100330);
INSERT INTO chargingSituation
VALUES ('CS697243097','FE766804913','P1573333797','SF1929985611',20880731);
INSERT INTO chargingSituation
VALUES ('CS699430498','FE1485985090','P1212049362','SF955874934',20650627);
INSERT INTO chargingSituation
VALUES ('CS700495441','FE1571724597','P501114450','SF1357729340',20810209);
INSERT INTO chargingSituation
VALUES ('CS701107153','FE684113282','P1694208479','SF1252914741',20600623);
INSERT INTO chargingSituation
VALUES ('CS701693602','FE568447208','P2063341489','SF955874934',2000926);
INSERT INTO chargingSituation
VALUES ('CS704673267','FE757776991','P341317883','SF1865471617',20160708);
INSERT INTO chargingSituation
VALUES ('CS705331327','FE1610417446','P564938481','SF1867704366',20500811);
INSERT INTO chargingSituation
VALUES ('CS707735913','FE568373362','P728049667','SF797671113',2001023);
INSERT INTO chargingSituation
VALUES ('CS708587229','FE94792764','P1332575091','SF899961553',20720923);
INSERT INTO chargingSituation
VALUES ('CS710973727','FE1189020619','P1672959643','SF300255333',20951031);
INSERT INTO chargingSituation
VALUES ('CS71285264','FE1393481039','P1222489122','SF20363079',20511010);
INSERT INTO chargingSituation
VALUES ('CS713500068','FE997078146','P860371511','SF1521338764',20780220);
INSERT INTO chargingSituation
VALUES ('CS717940578','FE1846635864','P482547773','SF1948492940',20810513);
INSERT INTO chargingSituation
VALUES ('CS719816057','FE844806011','P713381171','SF195784358',20850321);
INSERT INTO chargingSituation
VALUES ('CS720016161','FE1404675448','P1224671869','SF1983128491',20510306);
INSERT INTO chargingSituation
VALUES ('CS721524033','FE2090024588','P1224671869','SF797671113',20431031);
INSERT INTO chargingSituation
VALUES ('CS721586557','FE2014297705','P1122303807','SF609151569',20550704);
INSERT INTO chargingSituation
VALUES ('CS72415403','FE285805945','P1224671869','SF1357729340',20830912);
INSERT INTO chargingSituation
VALUES ('CS726972938','FE1518480788','P311454918','SF665365514',20930906);
INSERT INTO chargingSituation
VALUES ('CS727487969','FE1935882311','P1339828648','SF1675159789',20270107);
INSERT INTO chargingSituation
VALUES ('CS729422634','FE2126824090','P1937584582','SF1194455331',20880104);
INSERT INTO chargingSituation
VALUES ('CS730659020','FE1328267169','P1276087627','SF997128370',20441011);
INSERT INTO chargingSituation
VALUES ('CS732453599','FE2113076120','P1486105658','SF1200305366',20580509);
INSERT INTO chargingSituation
VALUES ('CS732779519','FE2090024588','P1841454566','SF1521338764',20880913);
INSERT INTO chargingSituation
VALUES ('CS733660205','FE1212852941','P749894266','SF2018663870',20240114);
INSERT INTO chargingSituation
VALUES ('CS733754108','FE1093798818','P1005655998','SF1494346797',20461213);
INSERT INTO chargingSituation
VALUES ('CS736417781','FE525973177','P1225942811','SF195784358',20470911);
INSERT INTO chargingSituation
VALUES ('CS736639055','FE1480692500','P2146817487','SF997128370',20150621);
INSERT INTO chargingSituation
VALUES ('CS740619521','FE988494787','P445649350','SF1867704366',20650618);
INSERT INTO chargingSituation
VALUES ('CS741328933','FE1045544373','P2061619886','SF818212383',20440427);
INSERT INTO chargingSituation
VALUES ('CS743083747','FE882051860','P171536670','SF1342709477',20280721);
INSERT INTO chargingSituation
VALUES ('CS745427879','FE85649947','P1425741343','SF1248586464',20781108);
INSERT INTO chargingSituation
VALUES ('CS748132888','FE208287381','P1178300600','SF1921617049',20741208);
INSERT INTO chargingSituation
VALUES ('CS749494866','FE1365687088','P587407938','SF205103753',20220730);
INSERT INTO chargingSituation
VALUES ('CS749658815','FE2056964713','P424806214','SF1660893152',20190602);
INSERT INTO chargingSituation
VALUES ('CS761781622','FE789218801','P962204903','SF797671113',20461013);
INSERT INTO chargingSituation
VALUES ('CS762503176','FE937457774','P343633242','SF609151569',20560308);
INSERT INTO chargingSituation
VALUES ('CS763550485','FE1912773226','P439740959','SF1737007784',20160114);
INSERT INTO chargingSituation
VALUES ('CS767373228','FE525973177','P629390615','SF1252914741',20560101);
INSERT INTO chargingSituation
VALUES ('CS775866970','FE1652519231','P1235068586','SF1638761958',20310305);
INSERT INTO chargingSituation
VALUES ('CS777071435','FE1791016098','P926653681','SF1737007784',20530308);
INSERT INTO chargingSituation
VALUES ('CS783858766','FE649092169','P1725745970','SF1983128491',20411014);
INSERT INTO chargingSituation
VALUES ('CS787691771','FE2025396994','P2000755527','SF665365514',20470209);
INSERT INTO chargingSituation
VALUES ('CS788427616','FE356976057','P612145451','SF195784358',20750530);
INSERT INTO chargingSituation
VALUES ('CS788461494','FE632264420','P371200230','SF70906444',20211121);
INSERT INTO chargingSituation
VALUES ('CS790731489','FE378333597','P1841533495','SF611175310',20110823);
INSERT INTO chargingSituation
VALUES ('CS790961345','FE132546339','P1576829435','SF1638761958',20270227);
INSERT INTO chargingSituation
VALUES ('CS791527251','FE403893129','P424806214','SF602757702',20390701);
INSERT INTO chargingSituation
VALUES ('CS798138521','FE1571724597','P1395746428','SF1252914741',20100225);
INSERT INTO chargingSituation
VALUES ('CS807953398','FE1209432606','P1910486701','SF899961553',20850320);
INSERT INTO chargingSituation
VALUES ('CS811004643','FE1109057173','P1344111420','SF489261328',20541220);
INSERT INTO chargingSituation
VALUES ('CS813667160','FE906415595','P1678118632','SF1202279488',20140819);
INSERT INTO chargingSituation
VALUES ('CS815871554','FE449205656','P1806974291','SF489261328',20920918);
INSERT INTO chargingSituation
VALUES ('CS819125828','FE1214181985','P926653681','SF1867704366',20580326);
INSERT INTO chargingSituation
VALUES ('CS822462812','FE2126321470','P81604147','SF1252914741',20140924);
INSERT INTO chargingSituation
VALUES ('CS823735991','FE1874818164','P220793000','SF64852531',20350516);
INSERT INTO chargingSituation
VALUES ('CS827061140','FE1984358944','P459836500','SF1342709477',20680420);
INSERT INTO chargingSituation
VALUES ('CS828946269','FE850891409','P1932811957','SF1948492940',20560220);
INSERT INTO chargingSituation
VALUES ('CS831349021','FE1534208198','P318763194','SF1342709477',20631230);
INSERT INTO chargingSituation
VALUES ('CS831541312','FE2105719247','P1822717240','SF1342709477',20820831);
INSERT INTO chargingSituation
VALUES ('CS836058956','FE1567980313','P1910486701','SF997128370',20590707);
INSERT INTO chargingSituation
VALUES ('CS836776993','FE415179503','P805423696','SF1660893152',20340219);
INSERT INTO chargingSituation
VALUES ('CS837352071','FE415179503','P1588142318','SF1160017263',20790528);
INSERT INTO chargingSituation
VALUES ('CS837822363','FE1996748927','P1680034384','SF39300910',20980424);
INSERT INTO chargingSituation
VALUES ('CS838124048','FE2044969148','P285564400','SF1983128491',20700323);
INSERT INTO chargingSituation
VALUES ('CS843450206','FE1212852941','P1932811957','SF1983128491',20140726);
INSERT INTO chargingSituation
VALUES ('CS843868492','FE1381912487','P1049772489','SF792368880',20300627);
INSERT INTO chargingSituation
VALUES ('CS844939545','FE2104258419','P1597599592','SF1867704366',20900410);
INSERT INTO chargingSituation
VALUES ('CS84811103','FE419009429','P651028701','SF850843869',20230620);
INSERT INTO chargingSituation
VALUES ('CS849030662','FE533163951','P851174552','SF70906444',20820709);
INSERT INTO chargingSituation
VALUES ('CS853252512','FE880263563','P2105478992','SF2110782199',20920328);
INSERT INTO chargingSituation
VALUES ('CS853342066','FE748916352','P2045695671','SF1200305366',20350925);
INSERT INTO chargingSituation
VALUES ('CS856058576','FE1901395072','P1554324408','SF1160017263',20430730);
INSERT INTO chargingSituation
VALUES ('CS856522266','FE1218179685','P1732720708','SF1660893152',2030316);
INSERT INTO chargingSituation
VALUES ('CS858109475','FE118927222','P1410393950','SF195784358',20140830);
INSERT INTO chargingSituation
VALUES ('CS861423345','FE1907006619','P1135915466','SF955874934',20641213);
INSERT INTO chargingSituation
VALUES ('CS861476086','FE1394441187','P103172963','SF868334615',20980614);
INSERT INTO chargingSituation
VALUES ('CS863007897','FE335634253','P1620441412','SF997128370',20640407);
INSERT INTO chargingSituation
VALUES ('CS864626547','FE1094757091','P1877425259','SF1737007784',20530625);
INSERT INTO chargingSituation
VALUES ('CS865108890','FE449205656','P1753148361','SF1737007784',2030622);
INSERT INTO chargingSituation
VALUES ('CS866445521','FE144640236','P1519125754','SF1638761958',20260702);
INSERT INTO chargingSituation
VALUES ('CS868190682','FE1093798818','P1136367537','SF1737007784',20570219);
INSERT INTO chargingSituation
VALUES ('CS871371426','FE727660848','P1439039156','SF1252914741',2041024);
INSERT INTO chargingSituation
VALUES ('CS872788434','FE399146554','P195170083','SF1342709477',20280813);
INSERT INTO chargingSituation
VALUES ('CS872828784','FE1008511049','P2044583071','SF1202279488',20620804);
INSERT INTO chargingSituation
VALUES ('CS873301292','FE651727859','P745918613','SF899961553',20621220);
INSERT INTO chargingSituation
VALUES ('CS873962204','FE1600423194','P591297622','SF797671113',20940222);
INSERT INTO chargingSituation
VALUES ('CS874631268','FE1182310162','P762472067','SF1660893152',20530212);
INSERT INTO chargingSituation
VALUES ('CS874655594','FE1485905902','P1201040953','SF1952294928',20690314);
INSERT INTO chargingSituation
VALUES ('CS875492494','FE1332184297','P1841444381','SF1200305366',20550522);
INSERT INTO chargingSituation
VALUES ('CS876804564','FE433950838','P1038029160','SF818212383',20651018);
INSERT INTO chargingSituation
VALUES ('CS880449570','FE922487417','P951015337','SF1202279488',20710415);
INSERT INTO chargingSituation
VALUES ('CS880609541','FE356976057','P1947181263','SF1248586464',20391024);
INSERT INTO chargingSituation
VALUES ('CS880766234','FE850891409','P1782611399','SF489261328',2041213);
INSERT INTO chargingSituation
VALUES ('CS88854757','FE504602063','P1486105658','SF1865471617',20270901);
INSERT INTO chargingSituation
VALUES ('CS889044319','FE1473001110','P191089826','SF1952294928',20301021);
INSERT INTO chargingSituation
VALUES ('CS889513145','FE1586029607','P1751475213','SF1929985611',20420218);
INSERT INTO chargingSituation
VALUES ('CS895138465','FE766804913','P764758191','SF1202279488',20880625);
INSERT INTO chargingSituation
VALUES ('CS897135846','FE638566101','P554976580','SF1929985611',20630715);
INSERT INTO chargingSituation
VALUES ('CS897260769','FE431404187','P497217063','SF926495450',20671129);
INSERT INTO chargingSituation
VALUES ('CS904929594','FE1672451522','P1367915306','SF1357729340',2090403);
INSERT INTO chargingSituation
VALUES ('CS905732040','FE809689848','P1532298285','SF39300910',20950130);
INSERT INTO chargingSituation
VALUES ('CS90816149','FE1896602121','P587407938','SF602757702',20730405);
INSERT INTO chargingSituation
VALUES ('CS908520127','FE797668880','P409857422','SF1660893152',20860523);
INSERT INTO chargingSituation
VALUES ('CS910343573','FE118927222','P146679069','SF1638761958',20430617);
INSERT INTO chargingSituation
VALUES ('CS913506979','FE20299613','P424806214','SF611175310',20200125);
INSERT INTO chargingSituation
VALUES ('CS915740256','FE484708766','P1031671263','SF850843869',20830619);
INSERT INTO chargingSituation
VALUES ('CS915918506','FE1901395072','P1782835019','SF1357729340',20150907);
INSERT INTO chargingSituation
VALUES ('CS917317349','FE1423526513','P559275609','SF926495450',20990523);
INSERT INTO chargingSituation
VALUES ('CS917667044','FE1940170003','P777901852','SF602757702',20210315);
INSERT INTO chargingSituation
VALUES ('CS91841417','FE975299804','P680800932','SF205103753',20490220);
INSERT INTO chargingSituation
VALUES ('CS920656643','FE268748224','P385025514','SF1553591775',20490802);
INSERT INTO chargingSituation
VALUES ('CS923272906','FE2144495211','P2045616646','SF195784358',20741016);
INSERT INTO chargingSituation
VALUES ('CS925168171','FE2084089568','P2040105699','SF1948492940',20790405);
INSERT INTO chargingSituation
VALUES ('CS925332604','FE1425165544','P137142213','SF609151569',2030617);
INSERT INTO chargingSituation
VALUES ('CS926299070','FE2045186514','P986800342','SF955874934',20910516);
INSERT INTO chargingSituation
VALUES ('CS927415946','FE1567980313','P1509020447','SF489261328',20730705);
INSERT INTO chargingSituation
VALUES ('CS928666843','FE292881769','P1577345667','SF1634053800',20851103);
INSERT INTO chargingSituation
VALUES ('CS929609234','FE2113076120','P931159889','SF1521338764',20980603);
INSERT INTO chargingSituation
VALUES ('CS931090618','FE1617668341','P172403617','SF1983128491',20640116);
INSERT INTO chargingSituation
VALUES ('CS932886128','FE433950838','P1486105658','SF1521338764',2050627);
INSERT INTO chargingSituation
VALUES ('CS933872582','FE1584749173','P31183066','SF1675159789',20430616);
INSERT INTO chargingSituation
VALUES ('CS934696906','FE1652519231','P1177745277','SF195784358',20330621);
INSERT INTO chargingSituation
VALUES ('CS935098827','FE1394441187','P1222901132','SF1494346797',20230924);
INSERT INTO chargingSituation
VALUES ('CS935622049','FE136811769','P1177745277','SF1929985611',2050814);
INSERT INTO chargingSituation
VALUES ('CS939706329','FE1914281525','P1669432978','SF467523236',20490501);
INSERT INTO chargingSituation
VALUES ('CS940490767','FE179189398','P1532298285','SF1929985611',20241013);
INSERT INTO chargingSituation
VALUES ('CS941007163','FE1652519231','P488705401','SF1160017263',20580810);
INSERT INTO chargingSituation
VALUES ('CS942382733','FE994444697','P908733691','SF602757702',20640903);
INSERT INTO chargingSituation
VALUES ('CS951127829','FE676868764','P1782835019','SF2110782199',2031016);
INSERT INTO chargingSituation
VALUES ('CS951203650','FE782483539','P669683670','SF1553591775',20460429);
INSERT INTO chargingSituation
VALUES ('CS954388565','FE826486916','P1532298285','SF1865471617',20760228);
INSERT INTO chargingSituation
VALUES ('CS9550266','FE65012568','P396139796','SF1867704366',20970404);
INSERT INTO chargingSituation
VALUES ('CS95691687','FE378333597','P1008686012','SF1037720193',20740511);
INSERT INTO chargingSituation
VALUES ('CS963357092','FE1030017359','P1646955408','SF1929985611',20940606);
INSERT INTO chargingSituation
VALUES ('CS965044218','FE376450546','P1438942075','SF609151569',20911224);
INSERT INTO chargingSituation
VALUES ('CS966455440','FE75157623','P1178300600','SF1202279488',20380330);
INSERT INTO chargingSituation
VALUES ('CS966618953','FE75157623','P1802346622','SF1202279488',20890629);
INSERT INTO chargingSituation
VALUES ('CS966716246','FE1744537700','P728049667','SF1867704366',20211111);
INSERT INTO chargingSituation
VALUES ('CS968216081','FE676868764','P307416183','SF1248586464',20841211);
INSERT INTO chargingSituation
VALUES ('CS969872813','FE2126824090','P1487684610','SF1921617049',2070502);
INSERT INTO chargingSituation
VALUES ('CS971373789','FE849570875','P1669699620','SF955874934',20571223);
INSERT INTO chargingSituation
VALUES ('CS971894682','FE1687452289','P1601629081','SF195784358',20420106);
INSERT INTO chargingSituation
VALUES ('CS9731019','FE1341578941','P542046566','SF955874934',20590926);
INSERT INTO chargingSituation
VALUES ('CS973257373','FE1512180810','P2104068608','SF1634053800',20201204);
INSERT INTO chargingSituation
VALUES ('CS973394953','FE93342922','P1299828895','SF2018663870',20300809);
INSERT INTO chargingSituation
VALUES ('CS976996933','FE1735419046','P1191614310','SF1675159789',20880508);
INSERT INTO chargingSituation
VALUES ('CS979373804','FE1661378700','P859382189','SF467523236',20631031);
INSERT INTO chargingSituation
VALUES ('CS979655418','FE85649947','P1624293028','SF926495450',20360116);
INSERT INTO chargingSituation
VALUES ('CS982131562','FE1101539765','P1677264646','SF926495450',20620904);
INSERT INTO chargingSituation
VALUES ('CS982312961','FE1884963000','P1272340419','SF1948492940',20600606);
INSERT INTO chargingSituation
VALUES ('CS984138567','FE251032125','P908733691','SF1865471617',20440929);
INSERT INTO chargingSituation
VALUES ('CS986838821','FE504602063','P488705401','SF467523236',2050305);
INSERT INTO chargingSituation
VALUES ('CS987572150','FE1529283596','P812218575','SF850843869',20180121);
INSERT INTO chargingSituation
VALUES ('CS988443112','FE1044136182','P2045695671','SF1342709477',20930706);
INSERT INTO chargingSituation
VALUES ('CS988655251','FE136811769','P1487684610','SF1521338764',20880126);
INSERT INTO chargingSituation
VALUES ('CS991054022','FE906415595','P1346339215','SF39300910',20830922);
INSERT INTO chargingSituation
VALUES ('CS991644351','FE1273288254','P908733691','SF1342709477',20770416);
INSERT INTO chargingSituation
VALUES ('CS992044850','FE201729316','P868307364','SF1675159789',20830913);
INSERT INTO chargingSituation
VALUES ('CS99296940','FE434415233','P1094732583','SF533615961',20330103);
INSERT INTO chargingSituation
VALUES ('CS995394951','FE42824097','P439627852','SF591746655',20391030);
INSERT INTO chargingSituation
VALUES ('CS998863913','FE1053955853','P409857422','SF1202279488',20510516);
INSERT INTO chargingSituation
VALUES ('CS998969198','FE643833278','P923254653','SF602757702',2070828);
INSERT INTO chargingSituation
VALUES ('CS999905029','FE2023986318','P789201798','SF1200305366',20261109);
INSERT INTO carIORecord
VALUES ('CIOR1003581907','沪Q39431',NULL,20691114021353,20430331083920,3);
INSERT INTO carIORecord
VALUES ('CIOR1005795645','沪R97813','P446483833',20340902185744,20760303024917,86);
INSERT INTO carIORecord
VALUES ('CIOR1006708303','沪L45651',NULL,20190806144009,2060525235015,79);
INSERT INTO carIORecord
VALUES ('CIOR1006930209','沪P31892',NULL,20441115145649,20390727094424,59);
INSERT INTO carIORecord
VALUES ('CIOR1007605743','沪Z77064',NULL,20961016201211,20740126091519,68);
INSERT INTO carIORecord
VALUES ('CIOR1012275314','沪H54191','P2141467985',20700417120832,20320731010426,76);
INSERT INTO carIORecord
VALUES ('CIOR101694661','沪H24152','P294122173',20871202165631,20360424062259,60);
INSERT INTO carIORecord
VALUES ('CIOR1019941217','沪D83596',NULL,20400131225352,20300110040852,81);
INSERT INTO carIORecord
VALUES ('CIOR1020045285','沪Q68868',NULL,20160721172308,20660224154440,35);
INSERT INTO carIORecord
VALUES ('CIOR1028618584','沪D24022',NULL,20521112204232,20970615110546,17);
INSERT INTO carIORecord
VALUES ('CIOR1033046943','沪R73436',NULL,20940104131546,20621004163914,60);
INSERT INTO carIORecord
VALUES ('CIOR1035045046','沪D69592','P1613264499',20650123072750,20371025164354,61);
INSERT INTO carIORecord
VALUES ('CIOR1042898674','沪E40352',NULL,20420305013435,20180224212143,44);
INSERT INTO carIORecord
VALUES ('CIOR1046339316','沪Z40945','P1688866487',20350728193012,20390629072800,84);
INSERT INTO carIORecord
VALUES ('CIOR1055214483','沪D35692',NULL,20100807052220,20460727190347,18);
INSERT INTO carIORecord
VALUES ('CIOR1056042704','沪Q31373','P279982828',20560227233204,20400817144703,70);
INSERT INTO carIORecord
VALUES ('CIOR1056948388','沪M63474','P1031245271',20951108203401,20771112005820,68);
INSERT INTO carIORecord
VALUES ('CIOR1069858855','沪V65844',NULL,20430529114436,20840713204411,34);
INSERT INTO carIORecord
VALUES ('CIOR1075961591','沪Q28524',NULL,2040421192729,20280801184919,60);
INSERT INTO carIORecord
VALUES ('CIOR1077698749','沪F52834',NULL,20500223042742,2000908210548,33);
INSERT INTO carIORecord
VALUES ('CIOR1079409645','沪J35570',NULL,20641224124421,20841009233800,74);
INSERT INTO carIORecord
VALUES ('CIOR1082108002','沪Z41729','P1222901132',20940606231302,20720111204601,3);
INSERT INTO carIORecord
VALUES ('CIOR1083471027','沪M79194',NULL,20100916051508,20880519001737,59);
INSERT INTO carIORecord
VALUES ('CIOR108656893','沪I66355','P1005655998',20980328160949,20290821104329,25);
INSERT INTO carIORecord
VALUES ('CIOR1086875130','沪K99453',NULL,20750525010332,20570813201511,75);
INSERT INTO carIORecord
VALUES ('CIOR1087477357','沪C71076','P1471576674',20610807065635,20550902053537,25);
INSERT INTO carIORecord
VALUES ('CIOR1090271087','沪X34051','P559275609',20571010173928,20281022032225,33);
INSERT INTO carIORecord
VALUES ('CIOR1093660423','沪S55562','P1485555462',20271214213256,20210420030510,51);
INSERT INTO carIORecord
VALUES ('CIOR1093742584','沪U86316','P1557603166',20970410214432,20230729001141,21);
INSERT INTO carIORecord
VALUES ('CIOR1099834488','沪J48750','P1727562443',20340301122806,20471128064851,45);
INSERT INTO carIORecord
VALUES ('CIOR1102566029','沪I29991','P410196242',20670525195733,20630808191057,50);
INSERT INTO carIORecord
VALUES ('CIOR110279305','沪L78174','P515951363',20880213042456,2020106183104,58);
INSERT INTO carIORecord
VALUES ('CIOR1106744694','沪F24036','P833267547',20600923195059,20940303202448,1);
INSERT INTO carIORecord
VALUES ('CIOR1110840553','沪Y20298',NULL,20120116215034,20280622151910,16);
INSERT INTO carIORecord
VALUES ('CIOR1110953468','沪O89977','P1439039156',20570902212313,20920912180311,68);
INSERT INTO carIORecord
VALUES ('CIOR1114164369','沪S77050',NULL,20951204125111,20540322130747,8);
INSERT INTO carIORecord
VALUES ('CIOR1114277806','沪O13399','P1438942075',20300511090030,20870326073148,68);
INSERT INTO carIORecord
VALUES ('CIOR1119349056','沪U59627',NULL,20160802211839,20691203144507,20);
INSERT INTO carIORecord
VALUES ('CIOR1126697770','沪R34706','P2002403402',20610927001200,20570201141405,82);
INSERT INTO carIORecord
VALUES ('CIOR1126910974','沪K64014',NULL,20740228114050,20961108013206,68);
INSERT INTO carIORecord
VALUES ('CIOR1129900046','沪K26902',NULL,20130914032335,2010122212602,14);
INSERT INTO carIORecord
VALUES ('CIOR1144914642','沪P81973',NULL,20450621044600,20720511233414,42);
INSERT INTO carIORecord
VALUES ('CIOR1147212379','沪S52520','P698381408',20541009202621,20190514180318,29);
INSERT INTO carIORecord
VALUES ('CIOR1147428524','沪G54421',NULL,20950522204231,2000304141411,73);
INSERT INTO carIORecord
VALUES ('CIOR1157560023','沪P97016',NULL,20840415205739,20260319010528,65);
INSERT INTO carIORecord
VALUES ('CIOR1160320086','沪B28284','P818903912',2050604194558,20780410095934,10);
INSERT INTO carIORecord
VALUES ('CIOR1170666958','沪U59542',NULL,20370407112406,20710510025857,7);
INSERT INTO carIORecord
VALUES ('CIOR1172011790','沪V16901',NULL,20340204134509,20500625201300,91);
INSERT INTO carIORecord
VALUES ('CIOR1176247559','沪L81947',NULL,20340704150756,20290427110032,99);
INSERT INTO carIORecord
VALUES ('CIOR1180362111','沪W19790','P833690063',20441211165148,20541111200506,28);
INSERT INTO carIORecord
VALUES ('CIOR1184010647','沪D86280',NULL,2040317034828,2050410043703,66);
INSERT INTO carIORecord
VALUES ('CIOR1226596665','沪G37697','P699220660',20630108220832,20740427204807,65);
INSERT INTO carIORecord
VALUES ('CIOR1227582926','沪O12609','P1941602177',20460626153725,20170825094431,32);
INSERT INTO carIORecord
VALUES ('CIOR1229712940','沪B84135',NULL,20700128041540,20121020001339,67);
INSERT INTO carIORecord
VALUES ('CIOR1230060199','沪S22684',NULL,20151016010733,20151022134012,68);
INSERT INTO carIORecord
VALUES ('CIOR123108395','沪C22560','P172403617',20470214235302,20290825195126,47);
INSERT INTO carIORecord
VALUES ('CIOR1243648260','沪K95907',NULL,20820130164522,20561021200857,8);
INSERT INTO carIORecord
VALUES ('CIOR1245809511','沪G95919',NULL,20290412192448,20790102161405,6);
INSERT INTO carIORecord
VALUES ('CIOR1248487464','沪Y52213','P1768874550',20480501144252,20331014060308,35);
INSERT INTO carIORecord
VALUES ('CIOR1249294733','沪F44939',NULL,20730225100132,20291007082310,63);
INSERT INTO carIORecord
VALUES ('CIOR1251625768','沪B10480','P1881993911',20530211010942,20380222092805,28);
INSERT INTO carIORecord
VALUES ('CIOR1253794044','沪A63920','P630860517',20560817104859,20350927032936,68);
INSERT INTO carIORecord
VALUES ('CIOR1253900361','沪R81384','P1205159087',20620129174457,20991012131901,25);
INSERT INTO carIORecord
VALUES ('CIOR1255296366','沪L20385','P772190608',20800625051319,20311025002122,58);
INSERT INTO carIORecord
VALUES ('CIOR1255978828','沪V40709',NULL,20200127002108,20320401050853,14);
INSERT INTO carIORecord
VALUES ('CIOR1261066569','沪T51358',NULL,20390603114017,20801215064704,12);
INSERT INTO carIORecord
VALUES ('CIOR1262755320','沪C64714',NULL,2040529205631,20690207112722,53);
INSERT INTO carIORecord
VALUES ('CIOR1262831728','沪M72190','P1843657583',2070810120240,20780311200501,50);
INSERT INTO carIORecord
VALUES ('CIOR1268414301','沪V15705','P1791650381',20400414045241,20860215235302,96);
INSERT INTO carIORecord
VALUES ('CIOR1272334805','沪H19076','P343633242',20680130112820,20221105001453,4);
INSERT INTO carIORecord
VALUES ('CIOR127291285','沪A12727','P1282169739',20200422122458,2090725172912,56);
INSERT INTO carIORecord
VALUES ('CIOR1273143876','沪H97214','P1270112254',20140205043025,20800815095204,15);
INSERT INTO carIORecord
VALUES ('CIOR127352058','沪T54870','P1399197563',20421119073755,20470816164442,35);
INSERT INTO carIORecord
VALUES ('CIOR1276440039','沪Y27743','P1601629081',20400322215937,2010417234545,27);
INSERT INTO carIORecord
VALUES ('CIOR1277249465','沪D98121',NULL,20440623160630,20841118011934,73);
INSERT INTO carIORecord
VALUES ('CIOR1282144246','沪O24510','P1008686012',20310712124328,20720713170223,31);
INSERT INTO carIORecord
VALUES ('CIOR1283246126','沪P77119','P1090498916',20430412173221,20910105183955,71);
INSERT INTO carIORecord
VALUES ('CIOR1286979488','沪J38197',NULL,20440228173816,2040107220736,52);
INSERT INTO carIORecord
VALUES ('CIOR1289643529','沪P35765',NULL,20731014062751,20700107231909,91);
INSERT INTO carIORecord
VALUES ('CIOR1291340715','沪O46768','P430279845',20680603172655,20990530025627,12);
INSERT INTO carIORecord
VALUES ('CIOR129159809','沪U10098',NULL,20970701224127,20310426204555,43);
INSERT INTO carIORecord
VALUES ('CIOR1294289032','沪D78941',NULL,20210529083519,20820512201320,32);
INSERT INTO carIORecord
VALUES ('CIOR129950270','沪P73452',NULL,20241125143449,20710207231118,76);
INSERT INTO carIORecord
VALUES ('CIOR1300142229','沪B65811',NULL,20540922211643,20261202163524,91);
INSERT INTO carIORecord
VALUES ('CIOR1304884303','沪K56224',NULL,20760120114136,2021130123157,82);
INSERT INTO carIORecord
VALUES ('CIOR1314235363','沪Z66262',NULL,20860327200817,20480217105536,62);
INSERT INTO carIORecord
VALUES ('CIOR1314613326','沪Y80562',NULL,20991102012641,20720313104258,49);
INSERT INTO carIORecord
VALUES ('CIOR1318519649','沪I83222','P1165917915',20660612033840,20990324093246,66);
INSERT INTO carIORecord
VALUES ('CIOR1320047181','沪I59210',NULL,20840508135002,20110829190034,60);
INSERT INTO carIORecord
VALUES ('CIOR1325866558','沪C36911',NULL,20491027071054,20450903045238,91);
INSERT INTO carIORecord
VALUES ('CIOR1328030220','沪T87090','P1499673139',20451001150036,20940825024625,29);
INSERT INTO carIORecord
VALUES ('CIOR1334457125','沪J86197',NULL,20120212014658,20161228194141,29);
INSERT INTO carIORecord
VALUES ('CIOR133989453','沪Y83041','P1629027706',20150629045248,20821211143700,36);
INSERT INTO carIORecord
VALUES ('CIOR1342447695','沪J82318','P2036902119',20200514010407,20150214051453,86);
INSERT INTO carIORecord
VALUES ('CIOR1343494612','沪L85801',NULL,20460926161327,20740504074930,66);
INSERT INTO carIORecord
VALUES ('CIOR1346023245','沪L37335',NULL,20531104020501,20121019020657,92);
INSERT INTO carIORecord
VALUES ('CIOR1346936846','沪V65305',NULL,2000723150309,20740206020309,16);
INSERT INTO carIORecord
VALUES ('CIOR1355126598','沪T68872',NULL,20831105003919,20560314081948,32);
INSERT INTO carIORecord
VALUES ('CIOR1357588287','沪C80414',NULL,20180425111434,20110415121218,34);
INSERT INTO carIORecord
VALUES ('CIOR1358673305','沪O63306',NULL,20740114140244,20980114050621,3);
INSERT INTO carIORecord
VALUES ('CIOR1368023455','沪D24075',NULL,20890730214236,20560903234924,84);
INSERT INTO carIORecord
VALUES ('CIOR1373765689','沪Q75141',NULL,20720821072330,20750622120443,19);
INSERT INTO carIORecord
VALUES ('CIOR1382928467','沪B38059',NULL,20280829035456,20620619004902,6);
INSERT INTO carIORecord
VALUES ('CIOR1383661138','沪H20697','P136670907',20650609231255,20600812061310,15);
INSERT INTO carIORecord
VALUES ('CIOR1383707876','沪Z68194','P1677264646',20730913014748,20410810234814,54);
INSERT INTO carIORecord
VALUES ('CIOR1384547422','沪Q71122','P1951008359',20631122005118,20420312010034,34);
INSERT INTO carIORecord
VALUES ('CIOR1384571465','沪P74138','P1472697991',2081130034435,20380801065100,3);
INSERT INTO carIORecord
VALUES ('CIOR138532457','沪Q88636','P1688866487',2031222194840,20630804052042,65);
INSERT INTO carIORecord
VALUES ('CIOR139052066','沪L43388','P1156948055',20730425022626,20330101062355,41);
INSERT INTO carIORecord
VALUES ('CIOR1394409746','沪U96577',NULL,20951024193115,20111028155613,31);
INSERT INTO carIORecord
VALUES ('CIOR1396452297','沪Y79581','P1668864323',20400624170332,20110513031953,49);
INSERT INTO carIORecord
VALUES ('CIOR1396999175','沪W94499','P1462715159',20180314193520,20660806174407,19);
INSERT INTO carIORecord
VALUES ('CIOR1397874515','沪W27619',NULL,20111116081546,20460719180614,25);
INSERT INTO carIORecord
VALUES ('CIOR1405779533','沪K41688','P1191614310',20971113063614,20911024092203,57);
INSERT INTO carIORecord
VALUES ('CIOR1406364269','沪H94620',NULL,2080606221009,20651012052351,35);
INSERT INTO carIORecord
VALUES ('CIOR1406953144','沪A99996',NULL,20460315161738,20280817181938,34);
INSERT INTO carIORecord
VALUES ('CIOR1410283403','沪L57727','P2106805826',20600422101359,20940314084036,98);
INSERT INTO carIORecord
VALUES ('CIOR1412948422','沪U47904','P677446366',20351101153044,20720126132132,44);
INSERT INTO carIORecord
VALUES ('CIOR1415220706','沪P35407','P1932916777',20520621072851,20170103133248,44);
INSERT INTO carIORecord
VALUES ('CIOR1431189200','沪F44972',NULL,20510801235048,20230727050411,38);
INSERT INTO carIORecord
VALUES ('CIOR1432974003','沪F76280','P1858436429',20100714202503,20771125201825,21);
INSERT INTO carIORecord
VALUES ('CIOR1435773250','沪Q12425','P68701318',20430305094238,20661209032049,8);
INSERT INTO carIORecord
VALUES ('CIOR1441329469','沪F49620','P1233570418',2090707012528,2080205065551,55);
INSERT INTO carIORecord
VALUES ('CIOR1443087987','沪H90656','P1725745970',20131108205800,20130605052344,87);
INSERT INTO carIORecord
VALUES ('CIOR1449811307','沪V13805',NULL,20650225050827,20361019051803,70);
INSERT INTO carIORecord
VALUES ('CIOR1457560643','沪T37775',NULL,20720715153142,20431130235845,87);
INSERT INTO carIORecord
VALUES ('CIOR1467934895','沪C79265','P1989589031',2060625095657,2000217125325,53);
INSERT INTO carIORecord
VALUES ('CIOR146829132','沪J17545',NULL,20160702145414,20990619192857,6);
INSERT INTO carIORecord
VALUES ('CIOR14685006','沪D82913',NULL,20460730134917,2021102110152,27);
INSERT INTO carIORecord
VALUES ('CIOR1470879326','沪V87825',NULL,20940529060425,2030416223725,25);
INSERT INTO carIORecord
VALUES ('CIOR1471960411','沪L50054','P2055363280',20790112032236,20750801112721,78);
INSERT INTO carIORecord
VALUES ('CIOR1478840774','沪T66898','P1941602177',20410422155124,2071210072449,71);
INSERT INTO carIORecord
VALUES ('CIOR1481905442','沪D17085','P951015337',20880221054817,20210603140248,23);
INSERT INTO carIORecord
VALUES ('CIOR1484436546','沪X53526',NULL,2090902104217,20870425043551,36);
INSERT INTO carIORecord
VALUES ('CIOR1487637036','沪M81730',NULL,20360526090809,20340408123928,95);
INSERT INTO carIORecord
VALUES ('CIOR149329621','沪Q93083',NULL,20430816154208,20581019125542,80);
INSERT INTO carIORecord
VALUES ('CIOR1496472411','沪H72748',NULL,20810508013415,20380721050454,33);
INSERT INTO carIORecord
VALUES ('CIOR1497038258','沪S73466','P1573333797',20440919124037,2090209205523,18);
INSERT INTO carIORecord
VALUES ('CIOR1497324187','沪R93723','P1727562443',20650923104721,20720126130002,50);
INSERT INTO carIORecord
VALUES ('CIOR1501604892','沪B27797','P805423696',20860417212607,20791026083423,25);
INSERT INTO carIORecord
VALUES ('CIOR1508312702','沪C73381','P1464333187',20150414041935,20811103150909,10);
INSERT INTO carIORecord
VALUES ('CIOR1512326394','沪U29136','P771116236',20260320151615,20230413014216,52);
INSERT INTO carIORecord
VALUES ('CIOR1519847359','沪S62323','P63432740',20651101235708,2051029030100,43);
INSERT INTO carIORecord
VALUES ('CIOR1522040451','沪O30426',NULL,20990407183845,20790316125729,35);
INSERT INTO carIORecord
VALUES ('CIOR1522256645','沪M94788',NULL,20820702185414,20780226195904,23);
INSERT INTO carIORecord
VALUES ('CIOR1523424186','沪S73532',NULL,20430728143636,2040830140925,37);
INSERT INTO carIORecord
VALUES ('CIOR1524869504','沪D90676','P1435097444',20410313220432,20831027123900,80);
INSERT INTO carIORecord
VALUES ('CIOR1526490087','沪X61609','P718714729',20320213050147,20301110173617,46);
INSERT INTO carIORecord
VALUES ('CIOR1532338166','沪S37558',NULL,20270313095733,20520623021657,80);
INSERT INTO carIORecord
VALUES ('CIOR1537143395','沪X16246',NULL,20130105113956,20471120164441,21);
INSERT INTO carIORecord
VALUES ('CIOR1540127360','沪J84259',NULL,20710720144444,20390412111817,97);
INSERT INTO carIORecord
VALUES ('CIOR154389292','沪J77432',NULL,20280302183933,20470505042911,60);
INSERT INTO carIORecord
VALUES ('CIOR1544697462','沪F35876','P337679392',20171020114555,20681015053221,64);
INSERT INTO carIORecord
VALUES ('CIOR1546680316','沪H98823','P50336506',20730923032145,20370320104415,90);
INSERT INTO carIORecord
VALUES ('CIOR1548656151','沪X86146','P1727562443',20411026072635,20601203074405,4);
INSERT INTO carIORecord
VALUES ('CIOR1548919034','沪Q40314','P908816450',20980429211753,20910703071047,84);
INSERT INTO carIORecord
VALUES ('CIOR1556823042','沪D82902','P551057864',20140608030325,2030902081049,70);
INSERT INTO carIORecord
VALUES ('CIOR1557189926','沪H68819',NULL,20680406210611,2001130161728,87);
INSERT INTO carIORecord
VALUES ('CIOR1559250201','沪I41197',NULL,20720729200329,20620218111942,74);
INSERT INTO carIORecord
VALUES ('CIOR1559473629','沪N71964',NULL,20350706231938,20940819030019,93);
INSERT INTO carIORecord
VALUES ('CIOR1563619978','沪G20517',NULL,20261224185241,20640330124902,49);
INSERT INTO carIORecord
VALUES ('CIOR1570268855','沪F70734',NULL,20870204043738,20951029214529,35);
INSERT INTO carIORecord
VALUES ('CIOR1572109658','沪W48507',NULL,20781001234958,20910522112553,11);
INSERT INTO carIORecord
VALUES ('CIOR1581523109','沪J98901',NULL,20950430204435,2080519143938,71);
INSERT INTO carIORecord
VALUES ('CIOR1588256627','沪F70227',NULL,20430502212251,20260217164248,56);
INSERT INTO carIORecord
VALUES ('CIOR159313070','沪C28944','P1485555462',20451016090933,20171113225940,86);
INSERT INTO carIORecord
VALUES ('CIOR1594745804','沪T75148','P2071369574',20390517060850,20530607231036,88);
INSERT INTO carIORecord
VALUES ('CIOR1598223551','沪D94381',NULL,20430419092404,20860115021036,47);
INSERT INTO carIORecord
VALUES ('CIOR1600325665','沪D59781',NULL,20530208062034,2071010225110,91);
INSERT INTO carIORecord
VALUES ('CIOR1605753478','沪V64210',NULL,20570721144414,20470911161846,80);
INSERT INTO carIORecord
VALUES ('CIOR1607501423','沪J77015',NULL,20380406022714,20650724173049,10);
INSERT INTO carIORecord
VALUES ('CIOR1609683602','沪Y44174',NULL,20580502171350,20410110202524,72);
INSERT INTO carIORecord
VALUES ('CIOR1619395833','沪M72184',NULL,20400408052722,20720212160311,3);
INSERT INTO carIORecord
VALUES ('CIOR1619448023','沪Z68177',NULL,20590127150326,2071126084734,65);
INSERT INTO carIORecord
VALUES ('CIOR1620430197','沪M95102','P1753498488',20640620051538,20480303233602,68);
INSERT INTO carIORecord
VALUES ('CIOR1622549959','沪P10225',NULL,20581018210904,20831223150736,54);
INSERT INTO carIORecord
VALUES ('CIOR1629177887','沪M69572','P1668864323',20390805172901,20760506164303,95);
INSERT INTO carIORecord
VALUES ('CIOR1629545153','沪I36335','P146679069',20191026104133,20250606212900,69);
INSERT INTO carIORecord
VALUES ('CIOR1631064912','沪G25608',NULL,20950519202722,20370409234531,37);
INSERT INTO carIORecord
VALUES ('CIOR1636394456','沪S86109','P1825893594',20380406201543,2050224210028,43);
INSERT INTO carIORecord
VALUES ('CIOR1638397999','沪K49310','P55591355',20250206162602,20500829092835,98);
INSERT INTO carIORecord
VALUES ('CIOR1638802729','沪M57564','P443876697',20360523005453,20570608132614,84);
INSERT INTO carIORecord
VALUES ('CIOR1654235085','沪O95888',NULL,20400310144337,20670131142624,54);
INSERT INTO carIORecord
VALUES ('CIOR1661957159','沪D65311','P868304303',20400712234343,20290525082121,60);
INSERT INTO carIORecord
VALUES ('CIOR167506150','沪O32871',NULL,20811009050237,20291012232958,34);
INSERT INTO carIORecord
VALUES ('CIOR1677310898','沪R84110',NULL,20760523140104,20380116010957,11);
INSERT INTO carIORecord
VALUES ('CIOR1680164533','沪F47101',NULL,2090411234215,2000131011918,61);
INSERT INTO carIORecord
VALUES ('CIOR1685878664','沪Q15457','P297940523',20110725170523,2000216021628,86);
INSERT INTO carIORecord
VALUES ('CIOR1687414256','沪O91556','P1031245271',20740321191441,20290123144720,14);
INSERT INTO carIORecord
VALUES ('CIOR1687856302','沪V96432','P591432517',20100614173902,20640727132610,21);
INSERT INTO carIORecord
VALUES ('CIOR1689374491','沪V58377',NULL,20561204130728,20290425024609,44);
INSERT INTO carIORecord
VALUES ('CIOR168993138','沪T47712','P1364056496',20841214083724,20740318200455,90);
INSERT INTO carIORecord
VALUES ('CIOR169224707','沪K41265',NULL,20210328114353,20361225050155,91);
INSERT INTO carIORecord
VALUES ('CIOR1695263586','沪L67950',NULL,2020211120000,20801215212029,84);
INSERT INTO carIORecord
VALUES ('CIOR1702205391','沪V98538','P1932916777',20210203161645,20750111071032,39);
INSERT INTO carIORecord
VALUES ('CIOR1708299801','沪J63371',NULL,20871119111327,20650408100657,48);
INSERT INTO carIORecord
VALUES ('CIOR1711045678','沪P40478',NULL,20550331214344,20141206175111,91);
INSERT INTO carIORecord
VALUES ('CIOR171140375','沪M24987','P116668624',20510727003927,20730905023453,49);
INSERT INTO carIORecord
VALUES ('CIOR1714621102','沪G59323',NULL,20210806082933,2010321034052,73);
INSERT INTO carIORecord
VALUES ('CIOR1716518802','沪G70879',NULL,20141109212510,20240224022149,3);
INSERT INTO carIORecord
VALUES ('CIOR1728035492','沪R47975',NULL,20460109205328,20980620103608,57);
INSERT INTO carIORecord
VALUES ('CIOR1728297548','沪C59367','P1668864323',2010828142919,20170205220435,65);
INSERT INTO carIORecord
VALUES ('CIOR1730774294','沪E45664',NULL,20340929120256,20750202032631,98);
INSERT INTO carIORecord
VALUES ('CIOR1733324430','沪U31549','P1266120305',2090605223952,20840601110939,24);
INSERT INTO carIORecord
VALUES ('CIOR1745253129','沪S15315',NULL,20240710131339,20390429153814,83);
INSERT INTO carIORecord
VALUES ('CIOR1745777838','沪I18630','P268508012',20600706160647,20870503043708,76);
INSERT INTO carIORecord
VALUES ('CIOR1751507154','沪X52666','P1539243148',20140829080115,20351204075843,34);
INSERT INTO carIORecord
VALUES ('CIOR175415813','沪O26079',NULL,20170713133622,20860818012045,99);
INSERT INTO carIORecord
VALUES ('CIOR1755118110','沪I38333','P2055363280',20890722192331,20821123105222,3);
INSERT INTO carIORecord
VALUES ('CIOR1763682937','沪M73612',NULL,20340726220758,20730625210924,47);
INSERT INTO carIORecord
VALUES ('CIOR1774372604','沪Z80519',NULL,20440406084610,20100308091725,11);
INSERT INTO carIORecord
VALUES ('CIOR1782934305','沪F71149',NULL,20591115165353,20540115143703,23);
INSERT INTO carIORecord
VALUES ('CIOR1794009978','沪M44802',NULL,2021102220304,20530131124947,10);
INSERT INTO carIORecord
VALUES ('CIOR1794188947','沪Y92176',NULL,20840209112843,20331110224248,26);
INSERT INTO carIORecord
VALUES ('CIOR1803032715','沪J78548',NULL,2070110145626,20131215105215,79);
INSERT INTO carIORecord
VALUES ('CIOR1809057598','沪O81924',NULL,20860715170357,20321125023955,69);
INSERT INTO carIORecord
VALUES ('CIOR1810143328','沪W26599',NULL,20970904191011,20491216044621,84);
INSERT INTO carIORecord
VALUES ('CIOR181263193','沪I40030','P885279289',20430705014853,20381223053354,15);
INSERT INTO carIORecord
VALUES ('CIOR1821830900','沪T51638',NULL,20311213213923,20971127195210,14);
INSERT INTO carIORecord
VALUES ('CIOR1825221273','沪M92926',NULL,20150213045951,20450917105554,64);
INSERT INTO carIORecord
VALUES ('CIOR1825570294','沪B34625','P1462715159',20870129163408,20540612013713,73);
INSERT INTO carIORecord
VALUES ('CIOR182709725','沪X26455',NULL,20950220171003,20400816102731,60);
INSERT INTO carIORecord
VALUES ('CIOR1830426393','沪A38492','P868304303',20280218201102,20381113204924,82);
INSERT INTO carIORecord
VALUES ('CIOR1833514245','沪E29735',NULL,20150819160510,20570505001239,62);
INSERT INTO carIORecord
VALUES ('CIOR1837521563','沪P57028','P1542800403',20940518165919,20340413194834,84);
INSERT INTO carIORecord
VALUES ('CIOR1840086069','沪M85934','P1898283025',20610418210021,20380313011432,74);
INSERT INTO carIORecord
VALUES ('CIOR1841822880','沪Z87175','P515951363',20980529141755,20210302204303,33);
INSERT INTO carIORecord
VALUES ('CIOR1843537306','沪Q77666',NULL,20761128012259,20260209083928,23);
INSERT INTO carIORecord
VALUES ('CIOR1845553692','沪N36329',NULL,2081013231238,20641015005416,9);
INSERT INTO carIORecord
VALUES ('CIOR1850631590','沪D80637',NULL,20430725081509,20660814030120,27);
INSERT INTO carIORecord
VALUES ('CIOR1855683005','沪M11602','P582346247',20470924014447,20901118061850,64);
INSERT INTO carIORecord
VALUES ('CIOR185891774','沪F64616',NULL,20120518050143,20710626181015,29);
INSERT INTO carIORecord
VALUES ('CIOR1866005407','沪J76017','P2038888066',20371004073956,20430720164948,34);
INSERT INTO carIORecord
VALUES ('CIOR1866179514','沪P27418','P1286213191',20301115004052,20331105054522,19);
INSERT INTO carIORecord
VALUES ('CIOR1870277455','沪F98918',NULL,20911213090140,20550815155427,26);
INSERT INTO carIORecord
VALUES ('CIOR1871302280','沪C12040','P181942936',20300901041403,20960627072105,8);
INSERT INTO carIORecord
VALUES ('CIOR1874152197','沪E52539','P2045616646',20210806221610,20880625204848,67);
INSERT INTO carIORecord
VALUES ('CIOR1876260310','沪L66167',NULL,20821011174216,20711125195606,51);
INSERT INTO carIORecord
VALUES ('CIOR1879245147','沪Z62084',NULL,20620717090734,20600306081041,21);
INSERT INTO carIORecord
VALUES ('CIOR1879693528','沪V25350',NULL,20791118093414,20750914013951,88);
INSERT INTO carIORecord
VALUES ('CIOR188861203','沪S30964',NULL,20720308224316,20520803071418,4);
INSERT INTO carIORecord
VALUES ('CIOR1890254568','沪X56855',NULL,20811229175633,20530329073245,63);
INSERT INTO carIORecord
VALUES ('CIOR1898962547','沪N20950',NULL,20200811174521,20750410083102,59);
INSERT INTO carIORecord
VALUES ('CIOR1900249127','沪B13598',NULL,20411213215531,20190807225035,56);
INSERT INTO carIORecord
VALUES ('CIOR1904065295','沪I18251',NULL,2071005174041,20311126022250,62);
INSERT INTO carIORecord
VALUES ('CIOR190859440','沪U65670','P1201040953',20280904080215,20970308051005,93);
INSERT INTO carIORecord
VALUES ('CIOR1913585590','沪G20238','P1813108377',20640725012241,20780227093058,49);
INSERT INTO carIORecord
VALUES ('CIOR1914007724','沪R39210','P1849395786',20600813084528,20230724182215,34);
INSERT INTO carIORecord
VALUES ('CIOR1914755058','沪A92573',NULL,20150210051713,20800702040504,32);
INSERT INTO carIORecord
VALUES ('CIOR1921166006','沪Y76416',NULL,20811213070913,20930927171122,62);
INSERT INTO carIORecord
VALUES ('CIOR1922433186','沪I79411','P963869835',20280519061039,20880823100258,57);
INSERT INTO carIORecord
VALUES ('CIOR1924240361','沪P18187',NULL,20671025052737,20920709124155,57);
INSERT INTO carIORecord
VALUES ('CIOR1932137101','沪V45989',NULL,20770717015527,20790531012724,62);
INSERT INTO carIORecord
VALUES ('CIOR1932668062','沪F65507','P1008096140',20461025131257,20621013060055,49);
INSERT INTO carIORecord
VALUES ('CIOR1937048970','沪D54667','P1008096140',20410802113644,20480616040416,10);
INSERT INTO carIORecord
VALUES ('CIOR1937537544','沪Y18379','P1732720708',20671023190139,20210629193642,73);
INSERT INTO carIORecord
VALUES ('CIOR194174784','沪X77545','P385025514',20740704000351,20730613220103,16);
INSERT INTO carIORecord
VALUES ('CIOR1944178571','沪E11842','P549883278',2070808041125,20441116194610,38);
INSERT INTO carIORecord
VALUES ('CIOR1945521916','沪V29392',NULL,20980806150718,20360716004958,25);
INSERT INTO carIORecord
VALUES ('CIOR1951370099','沪S86208','P962204903',20190206055722,20690604100426,90);
INSERT INTO carIORecord
VALUES ('CIOR1955712965','沪P91412','P1516195334',2090827034418,20520823195235,39);
INSERT INTO carIORecord
VALUES ('CIOR1961456096','沪V93882',NULL,20600106165640,20640809113802,51);
INSERT INTO carIORecord
VALUES ('CIOR1965992258','沪C11559',NULL,20160122082321,20610420114150,39);
INSERT INTO carIORecord
VALUES ('CIOR1970804662','沪T16228',NULL,20950809124855,2000714183302,41);
INSERT INTO carIORecord
VALUES ('CIOR1971589118','沪N80059',NULL,2070219210129,20150922224252,1);
INSERT INTO carIORecord
VALUES ('CIOR1991986699','沪F24309','P1753498488',2070107194553,20520122233114,16);
INSERT INTO carIORecord
VALUES ('CIOR1997760084','沪G26111','P501114450',20851029211309,20460120053516,80);
INSERT INTO carIORecord
VALUES ('CIOR1999813605','沪I59543','P962172268',20421121082039,20840126202549,9);
INSERT INTO carIORecord
VALUES ('CIOR200686995','沪B52605',NULL,20801023085251,20131123165728,14);
INSERT INTO carIORecord
VALUES ('CIOR2011719905','沪V27563',NULL,20550106162203,20450120034317,55);
INSERT INTO carIORecord
VALUES ('CIOR2016909435','沪B75855','P137142213',20650207174230,2061006093235,23);
INSERT INTO carIORecord
VALUES ('CIOR202065224','沪N92255','P554976580',20160721002630,20971229102620,81);
INSERT INTO carIORecord
VALUES ('CIOR2022387849','沪V50250',NULL,2060415221633,20370805062724,68);
INSERT INTO carIORecord
VALUES ('CIOR2030821660','沪X72854',NULL,20190806031330,20781225222439,99);
INSERT INTO carIORecord
VALUES ('CIOR2039552238','沪V51633',NULL,2030110192156,20461012171502,14);
INSERT INTO carIORecord
VALUES ('CIOR2046104791','沪J73648','P2058506005',20670128231614,20441203140312,43);
INSERT INTO carIORecord
VALUES ('CIOR2048216512','沪M67457','P2134048141',20310912165749,20251117171730,0);
INSERT INTO carIORecord
VALUES ('CIOR2048641887','沪W83797',NULL,20350212012641,20320928222152,18);
INSERT INTO carIORecord
VALUES ('CIOR2048897074','沪Y52681',NULL,20990628070303,20731101024059,6);
INSERT INTO carIORecord
VALUES ('CIOR2049174254','沪K64920',NULL,20341105191845,2061116184412,41);
INSERT INTO carIORecord
VALUES ('CIOR2054871018','沪W72799',NULL,20380801004508,20600813114133,41);
INSERT INTO carIORecord
VALUES ('CIOR2056237172','沪F75482','P374493763',2080913124431,20960323003727,95);
INSERT INTO carIORecord
VALUES ('CIOR2057812057','沪V31798',NULL,20671115175711,20700217070227,37);
INSERT INTO carIORecord
VALUES ('CIOR2062037849','沪U12715',NULL,20430722230811,20530714062923,53);
INSERT INTO carIORecord
VALUES ('CIOR2072285480','沪C72180','P10499078',20881225204531,20250404223734,41);
INSERT INTO carIORecord
VALUES ('CIOR2078008997','沪N38710','P107780394',20230117114948,20110304225055,69);
INSERT INTO carIORecord
VALUES ('CIOR2088565506','沪Z15338',NULL,2020424083727,20341204074604,6);
INSERT INTO carIORecord
VALUES ('CIOR209408555','沪J85837',NULL,20101015013414,20341203162042,26);
INSERT INTO carIORecord
VALUES ('CIOR2097666818','沪C77907',NULL,20840618132740,20480826144750,68);
INSERT INTO carIORecord
VALUES ('CIOR2100797555','沪V45881','P822830779',20620522041407,20701030052559,44);
INSERT INTO carIORecord
VALUES ('CIOR2103206309','沪S82069',NULL,20840604052900,20250728195605,32);
INSERT INTO carIORecord
VALUES ('CIOR2104143749','沪X42213',NULL,20670704185014,20341106171922,4);
INSERT INTO carIORecord
VALUES ('CIOR2104867320','沪O81390',NULL,20690222152640,20380929052748,14);
INSERT INTO carIORecord
VALUES ('CIOR2109049362','沪P16839',NULL,20690723122618,2040919202940,9);
INSERT INTO carIORecord
VALUES ('CIOR2110266533','沪D44478',NULL,20620220004039,20301203073112,36);
INSERT INTO carIORecord
VALUES ('CIOR2112450963','沪F90373',NULL,20300609195906,20430214030903,99);
INSERT INTO carIORecord
VALUES ('CIOR2114587823','沪S61990',NULL,20690814004458,20470831112716,46);
INSERT INTO carIORecord
VALUES ('CIOR2115744702','沪E97729',NULL,20870112002814,20960106211325,53);
INSERT INTO carIORecord
VALUES ('CIOR2118237338','沪L86886',NULL,20750921005216,20701217021344,90);
INSERT INTO carIORecord
VALUES ('CIOR2120073881','沪W13659',NULL,20830619210436,20311230013432,59);
INSERT INTO carIORecord
VALUES ('CIOR212055774','沪U18174','P1551529693',20881230000024,20310819052215,8);
INSERT INTO carIORecord
VALUES ('CIOR2125506800','沪C71032',NULL,2071218035035,20641208123338,56);
INSERT INTO carIORecord
VALUES ('CIOR2129252983','沪B13325',NULL,20940331122707,20390923021244,7);
INSERT INTO carIORecord
VALUES ('CIOR213326606','沪P87210','P1314965443',20560402180123,20960210043255,5);
INSERT INTO carIORecord
VALUES ('CIOR2137688377','沪Y78686','P2019932869',20550203045923,20930207133030,89);
INSERT INTO carIORecord
VALUES ('CIOR2140800182','沪E37570','P962204903',20221029052630,20760622192508,88);
INSERT INTO carIORecord
VALUES ('CIOR2146103129','沪E45741',NULL,20130708182216,20540803020906,10);
INSERT INTO carIORecord
VALUES ('CIOR218442796','沪B77565',NULL,20340525012534,20150420051237,61);
INSERT INTO carIORecord
VALUES ('CIOR219054305','沪C65597',NULL,20240909093357,20100910190546,67);
INSERT INTO carIORecord
VALUES ('CIOR225566142','沪P78107',NULL,20191124074218,2050710183658,73);
INSERT INTO carIORecord
VALUES ('CIOR227014237','沪X63461',NULL,20960913225252,20240904151955,21);
INSERT INTO carIORecord
VALUES ('CIOR231039800','沪K20016','P1757980712',20100321203807,20930915063206,78);
INSERT INTO carIORecord
VALUES ('CIOR2319755','沪X87786','P1841454566',20841119213836,20860710071836,83);
INSERT INTO carIORecord
VALUES ('CIOR234562190','沪A21389',NULL,20510924130407,20210606142819,31);
INSERT INTO carIORecord
VALUES ('CIOR236191416','沪Z35922',NULL,20551127104550,20950227030159,86);
INSERT INTO carIORecord
VALUES ('CIOR236487104','沪V93437','P520981853',20291203163052,20670517103515,74);
INSERT INTO carIORecord
VALUES ('CIOR237199654','沪D52416','P2045616646',20180907205725,20171015131427,77);
INSERT INTO carIORecord
VALUES ('CIOR245600300','沪A75399','P1574275003',20571217035246,20460312083231,7);
INSERT INTO carIORecord
VALUES ('CIOR247177327','沪Q75545',NULL,20380411180404,20590923095033,71);
INSERT INTO carIORecord
VALUES ('CIOR256440352','沪P62218',NULL,20590227210225,20350204210736,27);
INSERT INTO carIORecord
VALUES ('CIOR262581834','沪G42057','P1425741343',20520517011717,20170626190607,10);
INSERT INTO carIORecord
VALUES ('CIOR264572197','沪A79378',NULL,20461220160203,20920715090503,41);
INSERT INTO carIORecord
VALUES ('CIOR266092611','沪S96559',NULL,20910330063013,20970512162005,69);
INSERT INTO carIORecord
VALUES ('CIOR283070611','沪Z78463','P1080402115',20410401135438,20280724050003,93);
INSERT INTO carIORecord
VALUES ('CIOR283101773','沪D73866',NULL,20241024193832,20470403071315,9);
INSERT INTO carIORecord
VALUES ('CIOR298511121','沪Z51966',NULL,20960320091528,20240101051251,20);
INSERT INTO carIORecord
VALUES ('CIOR299488291','沪F46428',NULL,20491105160209,20701201030633,40);
INSERT INTO carIORecord
VALUES ('CIOR306996909','沪K11991',NULL,20640401081013,20881031000016,81);
INSERT INTO carIORecord
VALUES ('CIOR307880293','沪U35786','P1166631631',20510914012227,2090211020838,82);
INSERT INTO carIORecord
VALUES ('CIOR321526837','沪B79625','P1485555462',20411116125400,20150411180141,68);
INSERT INTO carIORecord
VALUES ('CIOR32182701','沪V53563',NULL,20800917145549,20510407134803,53);
INSERT INTO carIORecord
VALUES ('CIOR324977616','沪M57714','P271233851',20500419033653,20481115184613,54);
INSERT INTO carIORecord
VALUES ('CIOR32554353','沪W18460','P1237111973',20500528064511,20980627043118,83);
INSERT INTO carIORecord
VALUES ('CIOR333416639','沪X38235','P220793000',20430610072428,20920429054111,45);
INSERT INTO carIORecord
VALUES ('CIOR339372861','沪X59642','P50336506',20950326141118,20860206221208,38);
INSERT INTO carIORecord
VALUES ('CIOR339756433','沪Q77519','P1270112254',2071128085624,20770406045051,77);
INSERT INTO carIORecord
VALUES ('CIOR340672566','沪Y89990',NULL,20461010114257,20640302052108,77);
INSERT INTO carIORecord
VALUES ('CIOR341391226','沪P24087','P1680034384',20241003171855,20831031162310,64);
INSERT INTO carIORecord
VALUES ('CIOR348399002','沪E91258','P1782835019',20490215163134,20670405104745,22);
INSERT INTO carIORecord
VALUES ('CIOR352286368','沪D24106','P1306041709',20320810093914,20130314235835,13);
INSERT INTO carIORecord
VALUES ('CIOR35370968','沪Y45539',NULL,20990819225718,20250815203855,65);
INSERT INTO carIORecord
VALUES ('CIOR354893127','沪S11290','P1881925827',20661208193527,20411216035552,77);
INSERT INTO carIORecord
VALUES ('CIOR355561311','沪T48161','P2044583071',20731003070114,20510504201029,27);
INSERT INTO carIORecord
VALUES ('CIOR359813363','沪Z90822','P2104068608',20650709133519,2030808064921,19);
INSERT INTO carIORecord
VALUES ('CIOR377194079','沪B16313','P1464333187',20430503045852,2040819193818,43);
INSERT INTO carIORecord
VALUES ('CIOR379413910','沪A49553','P1822717240',20370111224615,20551028213128,84);
INSERT INTO carIORecord
VALUES ('CIOR383605220','沪M99118','P1766134812',20281116061628,20160727001136,5);
INSERT INTO carIORecord
VALUES ('CIOR385188472','沪C45306','P1882444534',20401026055006,20981016225528,57);
INSERT INTO carIORecord
VALUES ('CIOR402763852','沪F60022','P467879507',20260420192002,20650816120722,48);
INSERT INTO carIORecord
VALUES ('CIOR403385201','沪B55574',NULL,20360222022311,20500706202000,52);
INSERT INTO carIORecord
VALUES ('CIOR405798332','沪D32238',NULL,20840415165040,20130608005329,51);
INSERT INTO carIORecord
VALUES ('CIOR408573908','沪W12837',NULL,20701003152927,20820427013129,51);
INSERT INTO carIORecord
VALUES ('CIOR411910430','沪V22951',NULL,20921214141919,20730606000957,64);
INSERT INTO carIORecord
VALUES ('CIOR413291409','沪R56906',NULL,20230907043938,20600823083253,5);
INSERT INTO carIORecord
VALUES ('CIOR414561236','沪C63754','P307416183',20430911074159,20290722013706,51);
INSERT INTO carIORecord
VALUES ('CIOR417884112','沪P23328',NULL,20710714043239,20780727022411,4);
INSERT INTO carIORecord
VALUES ('CIOR419954091','沪E99323','P630860517',20291127072159,20540221063253,34);
INSERT INTO carIORecord
VALUES ('CIOR426012587','沪Z38745',NULL,20280203180225,20390930104209,45);
INSERT INTO carIORecord
VALUES ('CIOR427549752','沪E22430',NULL,2010506220913,20741028060843,19);
INSERT INTO carIORecord
VALUES ('CIOR428052808','沪S30127','P728049667',20220601171146,20200925074330,71);
INSERT INTO carIORecord
VALUES ('CIOR429098188','沪I83798','P1025808501',20860111181209,20350925175641,34);
INSERT INTO carIORecord
VALUES ('CIOR434699578','沪L49821','P823620114',20670323075954,20300407235533,7);
INSERT INTO carIORecord
VALUES ('CIOR435484824','沪O12460','P2146817487',20910414094026,20740411231423,11);
INSERT INTO carIORecord
VALUES ('CIOR436212169','沪U53361',NULL,20950301020720,20420927032651,61);
INSERT INTO carIORecord
VALUES ('CIOR437443026','沪Z74278',NULL,20170418230926,20210928211808,21);
INSERT INTO carIORecord
VALUES ('CIOR442731451','沪A24594','P1274538850',20910713203128,20241027064835,5);
INSERT INTO carIORecord
VALUES ('CIOR444484824','沪O19260',NULL,20790519155914,20940709083131,42);
INSERT INTO carIORecord
VALUES ('CIOR446910943','沪M35800','P1597599592',20300121143029,20130101140723,74);
INSERT INTO carIORecord
VALUES ('CIOR45396896','沪W33042','P814710435',20100311143048,20791230211536,58);
INSERT INTO carIORecord
VALUES ('CIOR470541436','沪E93113',NULL,20761217152908,20511016022138,74);
INSERT INTO carIORecord
VALUES ('CIOR471712897','沪X78257',NULL,20350830115524,20340717225704,70);
INSERT INTO carIORecord
VALUES ('CIOR475987350','沪X13852',NULL,20891122072245,20670611072256,52);
INSERT INTO carIORecord
VALUES ('CIOR478928895','沪A36404','P1821695680',2070804195519,2050128154000,93);
INSERT INTO carIORecord
VALUES ('CIOR481441222','沪L57277','P814710435',20620514093614,20281216150906,19);
INSERT INTO carIORecord
VALUES ('CIOR485222843','沪Y94084',NULL,20120108034546,20200607180944,14);
INSERT INTO carIORecord
VALUES ('CIOR486342732','沪F34784',NULL,20820903013336,20181008163426,87);
INSERT INTO carIORecord
VALUES ('CIOR490914583','沪P43564',NULL,2030912030349,20250921015953,85);
INSERT INTO carIORecord
VALUES ('CIOR491203416','沪H23747',NULL,20351221022857,20780510200555,87);
INSERT INTO carIORecord
VALUES ('CIOR492413860','沪I90543',NULL,20780320154647,20421216074225,10);
INSERT INTO carIORecord
VALUES ('CIOR502342618','沪K50718',NULL,2050718085027,20521030103421,57);
INSERT INTO carIORecord
VALUES ('CIOR50393363','沪T63906',NULL,20630504093638,20420428060046,69);
INSERT INTO carIORecord
VALUES ('CIOR507024246','沪U73915','P1166631631',20230625020738,20130913135622,9);
INSERT INTO carIORecord
VALUES ('CIOR509264067','沪D48922','P542046566',20200528133416,20471118131137,56);
INSERT INTO carIORecord
VALUES ('CIOR509334381','沪K92486','P136588039',20691225120317,20610323064654,32);
INSERT INTO carIORecord
VALUES ('CIOR513124525','沪U10421','P1286213191',20930708150828,2021213070129,33);
INSERT INTO carIORecord
VALUES ('CIOR523672016','沪Q80169','P1554324408',20610330032916,20980408142622,29);
INSERT INTO carIORecord
VALUES ('CIOR526182906','沪R55524',NULL,2080411161844,20791023004426,29);
INSERT INTO carIORecord
VALUES ('CIOR529966059','沪Y52481','P330322933',20800929005825,20601129134508,86);
INSERT INTO carIORecord
VALUES ('CIOR530353743','沪H96738','P868307364',20181028123113,20970923095502,38);
INSERT INTO carIORecord
VALUES ('CIOR53258066','沪U86533',NULL,20990926143225,20510609110411,33);
INSERT INTO carIORecord
VALUES ('CIOR537969569','沪Z50778','P962204903',20750211224108,20610119095904,65);
INSERT INTO carIORecord
VALUES ('CIOR539150994','沪E47802','P713381171',2070628080930,20440506073652,96);
INSERT INTO carIORecord
VALUES ('CIOR540766355','沪T57718','P2019932869',20110922193848,20140131190952,29);
INSERT INTO carIORecord
VALUES ('CIOR542806375','沪B91527',NULL,20330306004628,20480519082614,5);
INSERT INTO carIORecord
VALUES ('CIOR546428517','沪E71058',NULL,20390606012549,20600120040043,5);
INSERT INTO carIORecord
VALUES ('CIOR549960028','沪B73913',NULL,20821228212805,20760313195425,47);
INSERT INTO carIORecord
VALUES ('CIOR553802221','沪H19101',NULL,20240327153544,20800522143233,93);
INSERT INTO carIORecord
VALUES ('CIOR554611255','沪I96860','P1509020447',20600623191513,20140409003137,11);
INSERT INTO carIORecord
VALUES ('CIOR559259654','沪Z64418','P259091073',20290303154454,20391017084759,32);
INSERT INTO carIORecord
VALUES ('CIOR559802249','沪I63862',NULL,20730107100443,20370629235812,85);
INSERT INTO carIORecord
VALUES ('CIOR569167992','沪D27107','P1487684610',20870617080842,20270814052502,70);
INSERT INTO carIORecord
VALUES ('CIOR570661418','沪C56143','P2146427539',20281002002139,20740510062034,98);
INSERT INTO carIORecord
VALUES ('CIOR573981075','沪U92981','P1668864323',20100926031008,20910812181133,95);
INSERT INTO carIORecord
VALUES ('CIOR575183866','沪S10342',NULL,20960816135059,20921128113549,77);
INSERT INTO carIORecord
VALUES ('CIOR579032857','沪A96618',NULL,20240926192359,20780818103058,78);
INSERT INTO carIORecord
VALUES ('CIOR584072115','沪G40545','P1165917915',20190831061738,20890917204314,62);
INSERT INTO carIORecord
VALUES ('CIOR584111846','沪Z11637',NULL,20810121135144,20890330200300,29);
INSERT INTO carIORecord
VALUES ('CIOR58554863','沪Z44340','P364344892',20390823173012,2000905082709,62);
INSERT INTO carIORecord
VALUES ('CIOR585865326','沪K18605',NULL,20900603054231,20371106023011,82);
INSERT INTO carIORecord
VALUES ('CIOR588138811','沪B45262',NULL,2060811003855,2050912163142,86);
INSERT INTO carIORecord
VALUES ('CIOR589229309','沪U79754',NULL,20720114043621,20650701192408,0);
INSERT INTO carIORecord
VALUES ('CIOR591193169','沪S99829','P1309596547',20190608233850,20780312155637,69);
INSERT INTO carIORecord
VALUES ('CIOR600700038','沪D27151','P2045695671',20290608161141,20931117151308,57);
INSERT INTO carIORecord
VALUES ('CIOR603159090','沪D66526','P829267326',20770612124002,20110409031441,90);
INSERT INTO carIORecord
VALUES ('CIOR605875425','沪V38886',NULL,2021009155601,20560619074655,9);
INSERT INTO carIORecord
VALUES ('CIOR607397779','沪A92292','P10499078',20621121134647,20900519210204,11);
INSERT INTO carIORecord
VALUES ('CIOR614408528','沪A61092',NULL,20720405124410,2050810094119,90);
INSERT INTO carIORecord
VALUES ('CIOR617764981','沪K98694','P1841454566',20540329122354,20450406043929,13);
INSERT INTO carIORecord
VALUES ('CIOR619345775','沪K89227',NULL,20140619211954,20231118142750,12);
INSERT INTO carIORecord
VALUES ('CIOR620490652','沪C30008','P1792081152',20641115012054,20920303001549,90);
INSERT INTO carIORecord
VALUES ('CIOR628936387','沪H55336','P322271075',20241120020407,20250312203321,64);
INSERT INTO carIORecord
VALUES ('CIOR633079914','沪K84705',NULL,20411201195602,20600611165918,81);
INSERT INTO carIORecord
VALUES ('CIOR638556856','沪I10526','P1282169739',20330710012740,20601117071708,40);
INSERT INTO carIORecord
VALUES ('CIOR639536242','沪M48924',NULL,20150415190318,20420501175611,93);
INSERT INTO carIORecord
VALUES ('CIOR640234748','沪D65573','P868307364',2060106143010,20260412095147,9);
INSERT INTO carIORecord
VALUES ('CIOR644914119','沪A16027','P191089826',20440209064846,20150121140530,99);
INSERT INTO carIORecord
VALUES ('CIOR657157622','沪E10407',NULL,20860211160318,20740418200753,74);
INSERT INTO carIORecord
VALUES ('CIOR660585068','沪H30580','P1301811158',20320208060856,20750523221842,24);
INSERT INTO carIORecord
VALUES ('CIOR663233388','沪U89467','P1946238407',20831024102640,20770411222820,62);
INSERT INTO carIORecord
VALUES ('CIOR663467330','沪E29799','P168517040',20110919082451,20511029124400,49);
INSERT INTO carIORecord
VALUES ('CIOR679222029','沪J90657',NULL,20670712044439,20810224001746,42);
INSERT INTO carIORecord
VALUES ('CIOR687391673','沪H40428',NULL,20390809213609,20450528233046,64);
INSERT INTO carIORecord
VALUES ('CIOR690097374','沪W83041','P629390615',20290519142120,20381223030101,87);
INSERT INTO carIORecord
VALUES ('CIOR69241989','沪Q75121',NULL,20760325021048,20190223060932,6);
INSERT INTO carIORecord
VALUES ('CIOR702358310','沪M25476',NULL,20150819044824,20610211093827,22);
INSERT INTO carIORecord
VALUES ('CIOR71590968','沪O98234',NULL,20791128050053,20830929090402,63);
INSERT INTO carIORecord
VALUES ('CIOR719054091','沪B23484','P853485023',20850404144659,20340722223207,92);
INSERT INTO carIORecord
VALUES ('CIOR721631624','沪X23570',NULL,20570821142856,20890108221658,59);
INSERT INTO carIORecord
VALUES ('CIOR725472151','沪Z17771',NULL,20420214075123,20571014234016,83);
INSERT INTO carIORecord
VALUES ('CIOR727137929','沪E18997',NULL,2010513055338,20250520001731,54);
INSERT INTO carIORecord
VALUES ('CIOR728673644','沪G28573',NULL,20850128224157,20210130163559,98);
INSERT INTO carIORecord
VALUES ('CIOR748392313','沪T53171',NULL,20630207110036,2010820120604,15);
INSERT INTO carIORecord
VALUES ('CIOR749182938','沪H93998',NULL,2090307012002,20640131093803,99);
INSERT INTO carIORecord
VALUES ('CIOR757575360','沪Q15667',NULL,20871214043903,20410204055822,69);
INSERT INTO carIORecord
VALUES ('CIOR762128217','沪D66355','P1802346622',20301115083522,20450302020427,64);
INSERT INTO carIORecord
VALUES ('CIOR781511639','沪C53033','P1620441412',2010907111406,20390311062851,60);
INSERT INTO carIORecord
VALUES ('CIOR798281268','沪T37480',NULL,20810201074421,20120107214109,19);
INSERT INTO carIORecord
VALUES ('CIOR800435251','沪B10921',NULL,20600507015109,20801031073500,79);
INSERT INTO carIORecord
VALUES ('CIOR800832990','沪F17357','P1427255543',20410203184732,20250713012507,71);
INSERT INTO carIORecord
VALUES ('CIOR803593954','沪H53433','P713381171',20850303084454,20970426072456,11);
INSERT INTO carIORecord
VALUES ('CIOR808847323','沪N10912',NULL,20630419050100,20970527094530,35);
INSERT INTO carIORecord
VALUES ('CIOR808962232','沪R67699','P1532298285',20971001202912,20580701142212,73);
INSERT INTO carIORecord
VALUES ('CIOR81298729','沪Y47093','P119541309',20920321113607,20561024055357,2);
INSERT INTO carIORecord
VALUES ('CIOR821016605','沪R10830','P315983628',2040801142154,20670625191324,36);
INSERT INTO carIORecord
VALUES ('CIOR825633016','沪U90974',NULL,20231109164415,20570609134016,96);
INSERT INTO carIORecord
VALUES ('CIOR831782834','沪W65062','P1645575813',20811022140428,20850521174339,6);
INSERT INTO carIORecord
VALUES ('CIOR831969195','沪S34143',NULL,20340512192419,20921013090837,15);
INSERT INTO carIORecord
VALUES ('CIOR832693607','沪V14002',NULL,2070823224553,20550417064225,85);
INSERT INTO carIORecord
VALUES ('CIOR83318891','沪E83903',NULL,20801031191536,20530313144551,82);
INSERT INTO carIORecord
VALUES ('CIOR835300701','沪N54335',NULL,20560405155230,20371024154539,99);
INSERT INTO carIORecord
VALUES ('CIOR836427753','沪F55088',NULL,20390926161847,20920731114353,89);
INSERT INTO carIORecord
VALUES ('CIOR838194688','沪E18463','P651576422',20390927184747,20410219035556,2);
INSERT INTO carIORecord
VALUES ('CIOR844334578','沪Y85865',NULL,20101028052939,20480727034019,85);
INSERT INTO carIORecord
VALUES ('CIOR847877791','沪V39635',NULL,2061004045938,20381227152050,30);
INSERT INTO carIORecord
VALUES ('CIOR852695023','沪Z43980','P713381171',20560307171139,20900310213630,25);
INSERT INTO carIORecord
VALUES ('CIOR855180483','沪K99582','P1309596547',20280629123305,20421224171208,64);
INSERT INTO carIORecord
VALUES ('CIOR85531570','沪R21286',NULL,20370328153700,20740131023426,73);
INSERT INTO carIORecord
VALUES ('CIOR856131621','沪H38705','P1588142318',20930112020356,2010102014521,33);
INSERT INTO carIORecord
VALUES ('CIOR856142282','沪L41130','P1375145846',20680308073105,20860923181624,92);
INSERT INTO carIORecord
VALUES ('CIOR858733177','沪Z77984',NULL,20121128200747,20420606091828,73);
INSERT INTO carIORecord
VALUES ('CIOR862537147','沪L79455',NULL,20410606023742,20480912110115,40);
INSERT INTO carIORecord
VALUES ('CIOR863719247','沪H41489',NULL,20930415051750,2050503100744,67);
INSERT INTO carIORecord
VALUES ('CIOR864547411','沪B22957','P1940053845',20200104202525,20840916220040,53);
INSERT INTO carIORecord
VALUES ('CIOR875679292','沪Q20765',NULL,20330124152550,20431121150014,28);
INSERT INTO carIORecord
VALUES ('CIOR875765572','沪A36291','P268837742',20430809225642,20570723223921,64);
INSERT INTO carIORecord
VALUES ('CIOR877858569','沪U62840',NULL,20450819132739,20590304122110,91);
INSERT INTO carIORecord
VALUES ('CIOR880427363','沪V38279','P1445796181',20430619052619,20260126014204,52);
INSERT INTO carIORecord
VALUES ('CIOR884935946','沪Q95022','P2055363280',20100801012012,20780625045630,58);
INSERT INTO carIORecord
VALUES ('CIOR885435504','沪Y25845','P799639139',20440102041721,20140210011827,85);
INSERT INTO carIORecord
VALUES ('CIOR886675234','沪K31702','P2138365981',20420410164346,20390725192749,94);
INSERT INTO carIORecord
VALUES ('CIOR891301921','沪O25973',NULL,20560919075053,20560804140658,12);
INSERT INTO carIORecord
VALUES ('CIOR891480972','沪K78236','P1309596547',20330806035851,20560520012032,42);
INSERT INTO carIORecord
VALUES ('CIOR89199628','沪K49085',NULL,20261128213346,20890603110619,61);
INSERT INTO carIORecord
VALUES ('CIOR906436280','沪I61356',NULL,2040710202157,20330111041520,21);
INSERT INTO carIORecord
VALUES ('CIOR912843073','沪Q74442',NULL,20721227102355,20200510144538,17);
INSERT INTO carIORecord
VALUES ('CIOR917913658','沪F86225',NULL,20550204084622,20800917224142,25);
INSERT INTO carIORecord
VALUES ('CIOR918882458','沪H34310',NULL,20270709031233,20861103040056,33);
INSERT INTO carIORecord
VALUES ('CIOR92333003','沪N52253',NULL,2030830180428,20970101200656,98);
INSERT INTO carIORecord
VALUES ('CIOR926421574','沪D70537',NULL,20520824175221,20140516150639,74);
INSERT INTO carIORecord
VALUES ('CIOR930637427','沪M69653',NULL,20920609203914,20650106164531,76);
INSERT INTO carIORecord
VALUES ('CIOR937563765','沪J94322','P2051151083',20470312095556,20351124163825,74);
INSERT INTO carIORecord
VALUES ('CIOR938573861','沪P85792','P1419753915',20770901143727,20440702074811,12);
INSERT INTO carIORecord
VALUES ('CIOR942836472','沪L13324','P491574211',20880520081103,20940709193854,5);
INSERT INTO carIORecord
VALUES ('CIOR945750864','沪V53782','P2071369574',20370122090229,20490401203947,72);
INSERT INTO carIORecord
VALUES ('CIOR948616650','沪R63754','P699220660',20950113190324,20620510165619,42);
INSERT INTO carIORecord
VALUES ('CIOR948960812','沪Q86244',NULL,20711031110138,2041030151307,11);
INSERT INTO carIORecord
VALUES ('CIOR956314293','沪F35502',NULL,20630222093424,2000817145950,63);
INSERT INTO carIORecord
VALUES ('CIOR961631305','沪F42124','P1742979396',20840515175242,20460809154810,45);
INSERT INTO carIORecord
VALUES ('CIOR967587506','沪R49692',NULL,20200530075528,20921115035630,83);
INSERT INTO carIORecord
VALUES ('CIOR993904967','沪I50983','P1163072061',2080420145452,20820124045523,96);
INSERT INTO suggestion
VALUES ('SG1034372959','P1688866487','overhaul','NULL');
INSERT INTO suggestion
VALUES ('SG1066505461','P1434197220','overhaul','NULL');
INSERT INTO suggestion
VALUES ('SG1072522425','P1487684610','clean','NULL');
INSERT INTO suggestion
VALUES ('SG1078837673','P1882444534','clean','NULL');
INSERT INTO suggestion
VALUES ('SG1080839040',NULL,'overhaul','NULL');
INSERT INTO suggestion
VALUES ('SG1081308181',NULL,'guard','NULL');
INSERT INTO suggestion
VALUES ('SG1113351956','P1629027706','overhaul','NULL');
INSERT INTO suggestion
VALUES ('SG129214963',NULL,'clean','NULL');
INSERT INTO suggestion
VALUES ('SG1325150177','P1429302247','guard','NULL');
INSERT INTO suggestion
VALUES ('SG1418162088',NULL,'guard','NULL');
INSERT INTO suggestion
VALUES ('SG1539977153',NULL,'overhaul','NULL');
INSERT INTO suggestion
VALUES ('SG1594687991','P1849395786','overhaul','NULL');
INSERT INTO suggestion
VALUES ('SG1610686388','P717008523','overhaul','NULL');
INSERT INTO suggestion
VALUES ('SG1617646438','P297940523','overhaul','NULL');
INSERT INTO suggestion
VALUES ('SG1761539989','P845331488','guard','NULL');
INSERT INTO suggestion
VALUES ('SG1774752681',NULL,'clean','NULL');
INSERT INTO suggestion
VALUES ('SG1784588227','P29216248','guard','NULL');
INSERT INTO suggestion
VALUES ('SG1817717187',NULL,'guard','NULL');
INSERT INTO suggestion
VALUES ('SG1858765165',NULL,'overhaul','NULL');
INSERT INTO suggestion
VALUES ('SG1867936384',NULL,'guard','NULL');
INSERT INTO suggestion
VALUES ('SG1887203030',NULL,'overhaul','NULL');
INSERT INTO suggestion
VALUES ('SG1896004459',NULL,'overhaul','NULL');
INSERT INTO suggestion
VALUES ('SG2031972276',NULL,'guard','NULL');
INSERT INTO suggestion
VALUES ('SG2035342667','P297940523','guard','NULL');
INSERT INTO suggestion
VALUES ('SG2050900343',NULL,'guard','NULL');
INSERT INTO suggestion
VALUES ('SG2054147704',NULL,'clean','NULL');
INSERT INTO suggestion
VALUES ('SG2073088138','P853385078','overhaul','NULL');
INSERT INTO suggestion
VALUES ('SG2110198695','P1782611399','guard','NULL');
INSERT INTO suggestion
VALUES ('SG222046804',NULL,'clean','NULL');
INSERT INTO suggestion
VALUES ('SG246121802',NULL,'guard','NULL');
INSERT INTO suggestion
VALUES ('SG270399687','P1191614310','guard','NULL');
INSERT INTO suggestion
VALUES ('SG304861034','P1131000035','clean','NULL');
INSERT INTO suggestion
VALUES ('SG343370395','P1478821977','guard','NULL');
INSERT INTO suggestion
VALUES ('SG417036660',NULL,'clean','NULL');
INSERT INTO suggestion
VALUES ('SG515622092','P1462816073','clean','NULL');
INSERT INTO suggestion
VALUES ('SG532142357',NULL,'overhaul','NULL');
INSERT INTO suggestion
VALUES ('SG583987690',NULL,'guard','NULL');
INSERT INTO suggestion
VALUES ('SG584427601','P962172268','guard','NULL');
INSERT INTO suggestion
VALUES ('SG609916024','P1678118632','overhaul','NULL');
INSERT INTO suggestion
VALUES ('SG640712446',NULL,'overhaul','NULL');
INSERT INTO suggestion
VALUES ('SG737669276',NULL,'clean','NULL');
INSERT INTO suggestion
VALUES ('SG820338490',NULL,'overhaul','NULL');
INSERT INTO suggestion
VALUES ('SG821515246',NULL,'clean','NULL');
INSERT INTO suggestion
VALUES ('SG826199448',NULL,'clean','NULL');
INSERT INTO suggestion
VALUES ('SG919168237',NULL,'guard','NULL');
INSERT INTO suggestion
VALUES ('SG923096827','P136588039','clean','NULL');
INSERT INTO suggestion
VALUES ('SG963984599',NULL,'overhaul','NULL');
INSERT INTO suggestion
VALUES ('SG971073864','P706730055','overhaul','NULL');
INSERT INTO suggestion
VALUES ('SG97575307',NULL,'clean','NULL');
INSERT INTO suggestion
VALUES ('SG993037581','P92976427','clean','NULL');
