INSERT INTO department
VALUES ('D28837', 'BOFWU');
INSERT INTO department
VALUES ('D28971', 'JLFDR');
INSERT INTO department
VALUES ('D34632', 'UUWIQ');
INSERT INTO department
VALUES ('D58703', 'NPQTY');
INSERT INTO department
VALUES ('D76827', 'QYPNO');
INSERT INTO staff
VALUES ('SF1035725393', '何锡盛', '男', '2076430807', '泰环路538弄15号845室', 'cleaner', 951, 'D58703', FALSE, FALSE);
INSERT INTO staff
VALUES ('SF1040003242', '钟婉积', '男', '777882929', '宁海东路968弄10号406室', 'repairman', 2077, 'D28837', TRUE, TRUE);
INSERT INTO staff
VALUES ('SF106958357', '於挺雁', '女', '1285942080', '石龙路448弄27号552室', 'cleaner', 9103, 'D58703', TRUE, FALSE);
INSERT INTO staff
VALUES ('SF113450204', '姜歌绘', '女', '1549782403', '绿苑路（黄渡镇）344弄62号933室', 'receptionist', 4445, 'D28971', TRUE, FALSE);
INSERT INTO staff
VALUES ('SF1155426710', '吕确北', '男', '1138232470', '遵义南路123弄46号876室', 'cleaner', 455, 'D34632', FALSE, FALSE);
INSERT INTO staff
VALUES ('SF1177605698', '朱树宪', '男', '1629479334', '虹梅路937弄3号355室', 'manager', 9405, 'D58703', TRUE, TRUE);
INSERT INTO staff
VALUES ('SF1325240132', '廖珍任', '男', '1368510295', '金陵东路856弄21号841室', 'receptionist', 3940, 'D58703', FALSE, FALSE);
INSERT INTO staff
VALUES ('SF1325604751', '林野澄', '男', '379479407', '韶嘉路336弄38号646室', 'guard', 4910, 'D34632', TRUE, TRUE);
INSERT INTO staff
VALUES ('SF1389198663', '唐镇柏', '男', '3649706', '靖宇中路916弄99号662室', 'receptionist', 7040, 'D28971', TRUE, TRUE);
INSERT INTO staff
VALUES ('SF1443696079', '谭魁伯', '女', '84234486', '宝昌路15弄3号562室', 'repairman', 1834, 'D28971', TRUE, FALSE);
INSERT INTO staff
VALUES ('SF1510125838', '周极仪', '男', '2062047951', '普照路577弄41号850室', 'repairman', 2045, 'D28971', TRUE, TRUE);
INSERT INTO staff
VALUES ('SF1550134583', '范仪萧', '女', '1449331139', '高阳路247弄13号516室', 'cleaner', 6006, 'D34632', FALSE, TRUE);
INSERT INTO staff
VALUES ('SF1592371108', '罗厚途', '女', '705232746', '普育东路269弄6号991室', 'manager', 8276, 'D58703', TRUE, FALSE);
INSERT INTO staff
VALUES ('SF1621971018', '王辙蒙', '男', '949825884', '盐城路351弄61号423室', 'receptionist', 1454, 'D58703', FALSE, FALSE);
INSERT INTO staff
VALUES ('SF1651258223', '贾效晦', '男', '952391333', '城中北路414弄89号844室', 'receptionist', 6919, 'D76827', TRUE, TRUE);
INSERT INTO staff
VALUES ('SF1707111159', '刘澜深', '女', '923143820', '黄陂北路668弄59号562室', 'accountant', 2147, 'D58703', FALSE, TRUE);
INSERT INTO staff
VALUES ('SF1709578796', '吕稚赫', '女', '381786030', '申富路487弄58号929室', 'repairman', 134, 'D28971', FALSE, FALSE);
INSERT INTO staff
VALUES ('SF1723219020', '叶贺鹤', '男', '1775970504', '大田路39弄84号697室', 'receptionist', 1856, 'D28971', FALSE, TRUE);
INSERT INTO staff
VALUES ('SF1757995487', '王赫高', '男', '1197865112', '西凌家宅路919弄85号519室', 'accountant', 2674, 'D28837', TRUE, FALSE);
INSERT INTO staff
VALUES ('SF1760312546', '韦沛愈', '女', '105342629', '复兴东路829弄20号612室', 'supervisor', 4896, 'D28837', TRUE, TRUE);
INSERT INTO staff
VALUES ('SF1838239550', '陈魁肃', '男', '28006119', '平果路917弄3号832室', 'guard', 909, 'D34632', TRUE, TRUE);
INSERT INTO staff
VALUES ('SF1929623560', '任济矫', '男', '1377639188', '劳动街（黄渡镇）495弄30号139室', 'receptionist', 1651, 'D28837', FALSE, TRUE);
INSERT INTO staff
VALUES ('SF1929755947', '吕辅楷', '男', '589480478', '黄渡路196弄52号71室', 'accountant', 2261, 'D58703', FALSE, TRUE);
INSERT INTO staff
VALUES ('SF1939583739', '陆榕缘', '女', '513671228', '广州路253弄33号752室', 'repairman', 7018, 'D34632', TRUE, TRUE);
INSERT INTO staff
VALUES ('SF1987814724', '胡积瑶', '女', '1007583970', '祥德路728弄40号820室', 'repairman', 3238, 'D58703', TRUE, FALSE);
INSERT INTO staff
VALUES ('SF2032619573', '吴青本', '男', '808610052', '羽山路229弄70号987室', 'cleaner', 7591, 'D28837', TRUE, TRUE);
INSERT INTO staff
VALUES ('SF205293560', '余叙庭', '女', '196194852', '潍坊路856弄18号898室', 'guard', 489, 'D28971', TRUE, FALSE);
INSERT INTO staff
VALUES ('SF2081721216', '梁榛玖', '女', '232492894', '双流路759弄66号540室', 'supervisor', 3430, 'D28837', TRUE, FALSE);
INSERT INTO staff
VALUES ('SF2110164235', '钟令段', '男', '60596358', '罗城路772弄24号595室', 'repairman', 913, 'D58703', FALSE, TRUE);
INSERT INTO staff
VALUES ('SF2130413404', '郭河潮', '女', '2118143915', '新松江路480弄90号128室', 'accountant', 2884, 'D28971', FALSE, FALSE);
INSERT INTO staff
VALUES ('SF2131836294', '任筝谷', '女', '1164902295', '延吉东路318弄4号733室', 'repairman', 5714, 'D58703', TRUE, FALSE);
INSERT INTO staff
VALUES ('SF245676536', '董绍如', '男', '1925076280', '顾陈路795弄86号857室', 'manager', 4815, 'D34632', FALSE, FALSE);
INSERT INTO staff
VALUES ('SF291878158', '邓儒泉', '女', '1988471757', '东宝兴路621弄87号155室', 'repairman', 4325, 'D58703', TRUE, TRUE);
INSERT INTO staff
VALUES ('SF300732922', '王静潮', '女', '781124539', '高科西路293弄21号478室', 'receptionist', 2337, 'D58703', FALSE, TRUE);
INSERT INTO staff
VALUES ('SF309484508', '张顾瞻', '男', '1928484057', '云锦路224弄62号357室', 'supervisor', 7051, 'D76827', FALSE, FALSE);
INSERT INTO staff
VALUES ('SF608473196', '韩宪洲', '女', '2081021733', '瑞金南路752弄50号190室', 'guard', 9601, 'D28971', FALSE, TRUE);
INSERT INTO staff
VALUES ('SF658493989', '廖周逊', '男', '780235275', '九潭路441弄53号833室', 'supervisor', 6840, 'D34632', FALSE, FALSE);
INSERT INTO staff
VALUES ('SF667054813', '范哲来', '女', '353742690', '蒋家桥路253弄97号263室', 'repairman', 7163, 'D34632', FALSE, FALSE);
INSERT INTO staff
VALUES ('SF67306935', '曹秉塘', '男', '809518723', '海平路633弄94号491室', 'accountant', 6336, 'D58703', TRUE, FALSE);
INSERT INTO staff
VALUES ('SF684900388', '孟谱源', '女', '1644125176', '淮海西路741弄97号292室', 'accountant', 1302, 'D28837', TRUE, TRUE);
INSERT INTO staff
VALUES ('SF71679732', '沈然筑', '女', '656386973', '新闸路847弄99号997室', 'manager', 2477, 'D28971', TRUE, TRUE);
INSERT INTO staff
VALUES ('SF743551758', '董辙淳', '男', '2103120612', '园光路437弄7号434室', 'repairman', 5145, 'D76827', TRUE, TRUE);
INSERT INTO staff
VALUES ('SF749524158', '曹语睦', '女', '538258958', '金港路918弄83号690室', 'guard', 2855, 'D28837', FALSE, FALSE);
INSERT INTO staff
VALUES ('SF765783780', '傅竟音', '女', '404526280', '汶水东路396弄70号183室', 'manager', 3145, 'D76827', TRUE, TRUE);
INSERT INTO staff
VALUES ('SF798969889', '程焕咨', '男', '565696191', '平凉路584弄99号774室', 'accountant', 2033, 'D76827', TRUE, TRUE);
INSERT INTO staff
VALUES ('SF809675534', '姚齐睦', '女', '515859805', '华昌路566弄7号641室', 'manager', 1739, 'D58703', TRUE, TRUE);
INSERT INTO staff
VALUES ('SF819718857', '苏任郁', '女', '419048596', '国定东路329弄5号797室', 'accountant', 379, 'D76827', TRUE, FALSE);
INSERT INTO staff
VALUES ('SF863234597', '郭微瞻', '女', '810223114', '武胜路854弄63号126室', 'cleaner', 3937, 'D28971', TRUE, FALSE);
INSERT INTO staff
VALUES ('SF907234094', '胡清鹤', '男', '105467207', '塘桥路362弄57号650室', 'accountant', 8893, 'D28837', FALSE, FALSE);
INSERT INTO staff
VALUES ('SF965085361', '谢巍野', '男', '2013108413', '双峰北路768弄92号721室', 'supervisor', 76, 'D58703', TRUE, TRUE);
INSERT INTO subarea
VALUES ('SA18413');
INSERT INTO subarea
VALUES ('SA21022');
INSERT INTO subarea
VALUES ('SA30333');
INSERT INTO subarea
VALUES ('SA31266');
INSERT INTO subarea
VALUES ('SA31438');
INSERT INTO subarea
VALUES ('SA49506');
INSERT INTO subarea
VALUES ('SA4976');
INSERT INTO subarea
VALUES ('SA49936');
INSERT INTO subarea
VALUES ('SA59734');
INSERT INTO subarea
VALUES ('SA62282');
INSERT INTO subarea
VALUES ('SA68322');
INSERT INTO subarea
VALUES ('SA71170');
INSERT INTO subarea
VALUES ('SA7314');
INSERT INTO subarea
VALUES ('SA8349');
INSERT INTO subarea
VALUES ('SA87696');
INSERT INTO subarea
VALUES ('SA92664');
INSERT INTO subarea
VALUES ('SA93219');
INSERT INTO subarea
VALUES ('SA95173');
INSERT INTO subarea
VALUES ('SA95794');
INSERT INTO subarea
VALUES ('SA97844');
INSERT INTO building
VALUES ('B13071', 'SA8349', 58, 98);
INSERT INTO building
VALUES ('B14418', 'SA31266', 87, 86);
INSERT INTO building
VALUES ('B17332', 'SA49506', 4, 40);
INSERT INTO building
VALUES ('B18705', 'SA92664', 68, 7);
INSERT INTO building
VALUES ('B19057', 'SA87696', 9, 90);
INSERT INTO building
VALUES ('B19839', 'SA87696', 93, 6);
INSERT INTO building
VALUES ('B22056', 'SA7314', 92, 7);
INSERT INTO building
VALUES ('B22255', 'SA30333', 84, 96);
INSERT INTO building
VALUES ('B25523', 'SA95173', 68, 31);
INSERT INTO building
VALUES ('B26466', 'SA59734', 84, 85);
INSERT INTO building
VALUES ('B28096', 'SA49506', 16, 93);
INSERT INTO building
VALUES ('B28352', 'SA92664', 76, 0);
INSERT INTO building
VALUES ('B30375', 'SA95794', 25, 79);
INSERT INTO building
VALUES ('B3469', 'SA59734', 10, 16);
INSERT INTO building
VALUES ('B37414', 'SA71170', 35, 13);
INSERT INTO building
VALUES ('B38140', 'SA4976', 66, 48);
INSERT INTO building
VALUES ('B39106', 'SA95173', 53, 42);
INSERT INTO building
VALUES ('B39944', 'SA95794', 23, 35);
INSERT INTO building
VALUES ('B43028', 'SA71170', 96, 87);
INSERT INTO building
VALUES ('B48241', 'SA31266', 46, 66);
INSERT INTO building
VALUES ('B51072', 'SA30333', 41, 41);
INSERT INTO building
VALUES ('B51560', 'SA31438', 9, 47);
INSERT INTO building
VALUES ('B52740', 'SA49936', 95, 85);
INSERT INTO building
VALUES ('B54807', 'SA49506', 75, 69);
INSERT INTO building
VALUES ('B55276', 'SA31266', 10, 41);
INSERT INTO building
VALUES ('B55277', 'SA87696', 95, 46);
INSERT INTO building
VALUES ('B56670', 'SA95794', 76, 50);
INSERT INTO building
VALUES ('B59957', 'SA31266', 88, 59);
INSERT INTO building
VALUES ('B61327', 'SA31438', 42, 40);
INSERT INTO building
VALUES ('B62446', 'SA68322', 74, 82);
INSERT INTO building
VALUES ('B62727', 'SA21022', 46, 80);
INSERT INTO building
VALUES ('B62914', 'SA93219', 51, 52);
INSERT INTO building
VALUES ('B63632', 'SA4976', 21, 85);
INSERT INTO building
VALUES ('B66021', 'SA92664', 83, 93);
INSERT INTO building
VALUES ('B6722', 'SA93219', 45, 76);
INSERT INTO building
VALUES ('B74845', 'SA4976', 54, 84);
INSERT INTO building
VALUES ('B76754', 'SA87696', 60, 94);
INSERT INTO building
VALUES ('B76866', 'SA4976', 68, 60);
INSERT INTO building
VALUES ('B77149', 'SA30333', 94, 10);
INSERT INTO building
VALUES ('B77825', 'SA18413', 43, 19);
INSERT INTO building
VALUES ('B80300', 'SA49936', 88, 71);
INSERT INTO building
VALUES ('B82520', 'SA31438', 58, 39);
INSERT INTO building
VALUES ('B87109', 'SA21022', 76, 91);
INSERT INTO building
VALUES ('B90673', 'SA49936', 27, 96);
INSERT INTO building
VALUES ('B94593', 'SA68322', 56, 12);
INSERT INTO building
VALUES ('B94624', 'SA49506', 55, 82);
INSERT INTO building
VALUES ('B95553', 'SA7314', 82, 59);
INSERT INTO building
VALUES ('B98289', 'SA31266', 70, 17);
INSERT INTO building
VALUES ('B98521', 'SA68322', 46, 18);
INSERT INTO building
VALUES ('B98976', 'SA21022', 63, 48);
INSERT INTO facilities
VALUES ('FC1002832136', 'electricity', 'SA49506', NULL, NULL, NULL);
INSERT INTO facilities
VALUES ('FC1006384862', 'guard', 'SA95173', 'B94624', 51, 'NULL');
INSERT INTO facilities
VALUES ('FC1006426929', 'guard', 'SA87696', NULL, NULL, NULL);
INSERT INTO facilities
VALUES ('FC1008419130', 'clean', 'SA8349', NULL, NULL, NULL);
INSERT INTO facilities
VALUES ('FC101248221', 'pipe', 'SA30333', 'B98521', 7, 'NULL');
INSERT INTO facilities
VALUES ('FC1014726301', 'guard', 'SA71170', NULL, NULL, NULL);
INSERT INTO facilities
VALUES ('FC1016778611', 'guard', 'SA71170', NULL, NULL, NULL);
INSERT INTO facilities
VALUES ('FC102323367', 'guard', 'SA95173', 'B80300', 91, 'NULL');
INSERT INTO facilities
VALUES ('FC1023381073', 'clean', 'SA92664', 'B22255', 49, 'NULL');
INSERT INTO facilities
VALUES ('FC1024113849', 'electricity', 'SA71170', NULL, NULL, NULL);
INSERT INTO facilities
VALUES ('FC1025471864', 'pipe', 'SA31266', NULL, NULL, NULL);
INSERT INTO facilities
VALUES ('FC1027820638', 'clean', 'SA62282', 'B62914', 84, 'NULL');
INSERT INTO facilities
VALUES ('FC103781177', 'pipe', 'SA30333', 'B77825', 15, 'NULL');
INSERT INTO facilities
VALUES ('FC1038729243', 'clean', 'SA30333', 'B38140', 33, 'NULL');
INSERT INTO facilities
VALUES ('FC1045693352', 'electricity', 'SA68322', NULL, NULL, NULL);
INSERT INTO facilities
VALUES ('FC1049029642', 'clean', 'SA21022', NULL, NULL, NULL);
INSERT INTO facilities
VALUES ('FC1062092168', 'electricity', 'SA95173', 'B22255', 61, 'NULL');
INSERT INTO facilities
VALUES ('FC1073693765', 'pipe', 'SA31438', 'B39106', 45, 'NULL');
INSERT INTO facilities
VALUES ('FC1077545375', 'guard', 'SA4976', 'B80300', 79, 'NULL');
INSERT INTO facilities
VALUES ('FC1079353989', 'electricity', 'SA59734', NULL, NULL, NULL);
INSERT INTO facilities
VALUES ('FC1080358251', 'clean', 'SA97844', 'B76866', 86, 'NULL');
INSERT INTO facilities
VALUES ('FC1082856911', 'pipe', 'SA93219', NULL, NULL, NULL);
INSERT INTO facilities
VALUES ('FC1097741177', 'guard', 'SA71170', 'B39106', 43, 'NULL');
INSERT INTO facilities
VALUES ('FC1102027199', 'guard', 'SA31438', NULL, NULL, NULL);
INSERT INTO facilities
VALUES ('FC1107165111', 'clean', 'SA93219', NULL, NULL, NULL);
INSERT INTO facilities
VALUES ('FC1108587357', 'clean', 'SA92664', NULL, NULL, NULL);
INSERT INTO facilities
VALUES ('FC1109019594', 'electricity', 'SA95794', NULL, NULL, NULL);
INSERT INTO facilities
VALUES ('FC1110464772', 'guard', 'SA92664', 'B37414', 20, 'NULL');
INSERT INTO facilities
VALUES ('FC111484163', 'pipe', 'SA92664', 'B56670', 48, 'NULL');
INSERT INTO facilities
VALUES ('FC1115776324', 'clean', 'SA59734', NULL, NULL, NULL);
INSERT INTO facilities
VALUES ('FC1119806908', 'clean', 'SA49936', 'B6722', 47, 'NULL');
INSERT INTO facilities
VALUES ('FC1121460716', 'electricity', 'SA92664', 'B94593', 33, 'NULL');
INSERT INTO facilities
VALUES ('FC1123103673', 'guard', 'SA87696', NULL, NULL, NULL);
INSERT INTO facilities
VALUES ('FC1127706643', 'pipe', 'SA92664', 'B26466', 11, 'NULL');
INSERT INTO facilities
VALUES ('FC1128043337', 'pipe', 'SA49506', NULL, NULL, NULL);
INSERT INTO facilities
VALUES ('FC1129969590', 'guard', 'SA87696', NULL, NULL, NULL);
INSERT INTO facilities
VALUES ('FC1132111383', 'electricity', 'SA97844', 'B48241', 61, 'NULL');
INSERT INTO facilities
VALUES ('FC1137292911', 'clean', 'SA49936', 'B55277', 21, 'NULL');
INSERT INTO facilities
VALUES ('FC1138786987', 'electricity', 'SA4976', NULL, NULL, NULL);
INSERT INTO facilities
VALUES ('FC1142982733', 'clean', 'SA21022', 'B74845', 74, 'NULL');
INSERT INTO facilities
VALUES ('FC1143113191', 'guard', 'SA95794', NULL, NULL, NULL);
INSERT INTO facilities
VALUES ('FC1146069290', 'clean', 'SA49506', 'B62446', 97, 'NULL');
INSERT INTO facilities
VALUES ('FC1148048096', 'clean', 'SA68322', NULL, NULL, NULL);
INSERT INTO facilities
VALUES ('FC114938644', 'clean', 'SA49936', NULL, NULL, NULL);
INSERT INTO facilities
VALUES ('FC1152593067', 'electricity', 'SA68322', 'B98521', 1, 'NULL');
INSERT INTO facilities
VALUES ('FC1154574010', 'clean', 'SA93219', 'B22056', 2, 'NULL');
INSERT INTO facilities
VALUES ('FC1163070674', 'guard', 'SA62282', NULL, NULL, NULL);
INSERT INTO facilities
VALUES ('FC1164989296', 'clean', 'SA21022', NULL, NULL, NULL);
INSERT INTO facilities
VALUES ('FC1173831071', 'guard', 'SA7314', NULL, NULL, NULL);
INSERT INTO facilities
VALUES ('FC1173945351', 'guard', 'SA59734', NULL, NULL, NULL);
INSERT INTO facilities
VALUES ('FC1185991055', 'pipe', 'SA7314', 'B66021', 38, 'NULL');
INSERT INTO facilities
VALUES ('FC119064071', 'guard', 'SA49506', 'B39106', 33, 'NULL');
INSERT INTO facilities
VALUES ('FC1190913939', 'pipe', 'SA71170', 'B76754', 5, 'NULL');
INSERT INTO facilities
VALUES ('FC1198618629', 'clean', 'SA68322', 'B51560', 50, 'NULL');
INSERT INTO facilities
VALUES ('FC1201008709', 'guard', 'SA59734', NULL, NULL, NULL);
INSERT INTO facilities
VALUES ('FC1201090871', 'electricity', 'SA87696', NULL, NULL, NULL);
INSERT INTO facilities
VALUES ('FC1205727087', 'guard', 'SA95173', NULL, NULL, NULL);
INSERT INTO facilities
VALUES ('FC1208254591', 'clean', 'SA93219', NULL, NULL, NULL);
INSERT INTO facilities
VALUES ('FC1218628445', 'guard', 'SA18413', NULL, NULL, NULL);
INSERT INTO facilities
VALUES ('FC1219429381', 'pipe', 'SA92664', NULL, NULL, NULL);
INSERT INTO facilities
VALUES ('FC1224052293', 'guard', 'SA31266', NULL, NULL, NULL);
INSERT INTO facilities
VALUES ('FC12285383', 'pipe', 'SA97844', 'B76866', 88, 'NULL');
INSERT INTO facilities
VALUES ('FC1231647048', 'guard', 'SA68322', NULL, NULL, NULL);
INSERT INTO facilities
VALUES ('FC1247582497', 'electricity', 'SA31438', NULL, NULL, NULL);
INSERT INTO facilities
VALUES ('FC1249403411', 'guard', 'SA62282', 'B62446', 42, 'NULL');
INSERT INTO facilities
VALUES ('FC1251768494', 'clean', 'SA68322', NULL, NULL, NULL);
INSERT INTO facilities
VALUES ('FC1253405072', 'electricity', 'SA97844', NULL, NULL, NULL);
INSERT INTO facilities
VALUES ('FC1255528777', 'pipe', 'SA30333', 'B76754', 68, 'NULL');
INSERT INTO facilities
VALUES ('FC1258174960', 'pipe', 'SA62282', 'B13071', 46, 'NULL');
INSERT INTO facilities
VALUES ('FC1261971401', 'clean', 'SA62282', NULL, NULL, NULL);
INSERT INTO facilities
VALUES ('FC1262073346', 'electricity', 'SA49936', NULL, NULL, NULL);
INSERT INTO facilities
VALUES ('FC1263737529', 'clean', 'SA87696', NULL, NULL, NULL);
INSERT INTO facilities
VALUES ('FC1266244664', 'electricity', 'SA92664', NULL, NULL, NULL);
INSERT INTO facilities
VALUES ('FC1279417880', 'clean', 'SA31266', 'B22255', 34, 'NULL');
INSERT INTO facilities
VALUES ('FC1279452620', 'electricity', 'SA18413', NULL, NULL, NULL);
INSERT INTO facilities
VALUES ('FC1281744045', 'clean', 'SA8349', NULL, NULL, NULL);
INSERT INTO facilities
VALUES ('FC1284395718', 'clean', 'SA92664', 'B59957', 13, 'NULL');
INSERT INTO facilities
VALUES ('FC1300292595', 'electricity', 'SA30333', NULL, NULL, NULL);
INSERT INTO facilities
VALUES ('FC1303263302', 'guard', 'SA49506', 'B61327', 87, 'NULL');
INSERT INTO facilities
VALUES ('FC1311187103', 'guard', 'SA97844', 'B56670', 67, 'NULL');
INSERT INTO facilities
VALUES ('FC1311655690', 'pipe', 'SA31438', 'B22255', 96, 'NULL');
INSERT INTO facilities
VALUES ('FC1311951681', 'pipe', 'SA62282', 'B26466', 23, 'NULL');
INSERT INTO facilities
VALUES ('FC1329181129', 'guard', 'SA30333', 'B74845', 23, 'NULL');
INSERT INTO facilities
VALUES ('FC1332226941', 'guard', 'SA59734', NULL, NULL, NULL);
INSERT INTO facilities
VALUES ('FC1332606752', 'electricity', 'SA59734', 'B55276', 95, 'NULL');
INSERT INTO facilities
VALUES ('FC1333242351', 'electricity', 'SA49506', 'B19839', 66, 'NULL');
INSERT INTO facilities
VALUES ('FC1337132839', 'electricity', 'SA49506', 'B3469', 36, 'NULL');
INSERT INTO facilities
VALUES ('FC1337300080', 'electricity', 'SA18413', 'B77825', 33, 'NULL');
INSERT INTO facilities
VALUES ('FC1338472414', 'electricity', 'SA95173', NULL, NULL, NULL);
INSERT INTO facilities
VALUES ('FC1341725892', 'clean', 'SA4976', 'B55276', 98, 'NULL');
INSERT INTO facilities
VALUES ('FC1342198566', 'electricity', 'SA95173', NULL, NULL, NULL);
INSERT INTO facilities
VALUES ('FC1343965217', 'pipe', 'SA92664', 'B17332', 40, 'NULL');
INSERT INTO facilities
VALUES ('FC1345012929', 'guard', 'SA31266', 'B77825', 35, 'NULL');
INSERT INTO facilities
VALUES ('FC1346357072', 'clean', 'SA95794', NULL, NULL, NULL);
INSERT INTO facilities
VALUES ('FC1352128509', 'electricity', 'SA30333', 'B62914', 80, 'NULL');
INSERT INTO facilities
VALUES ('FC1353246464', 'clean', 'SA93219', 'B61327', 82, 'NULL');
INSERT INTO facilities
VALUES ('FC1355674423', 'pipe', 'SA93219', NULL, NULL, NULL);
INSERT INTO facilities
VALUES ('FC1357888468', 'clean', 'SA30333', 'B62446', 28, 'NULL');
INSERT INTO facilities
VALUES ('FC1363394694', 'electricity', 'SA4976', NULL, NULL, NULL);
INSERT INTO facilities
VALUES ('FC1364834006', 'pipe', 'SA97844', 'B56670', 85, 'NULL');
INSERT INTO facilities
VALUES ('FC1366688173', 'guard', 'SA21022', 'B76754', 26, 'NULL');
INSERT INTO facilities
VALUES ('FC1374323086', 'guard', 'SA31438', 'B28352', 77, 'NULL');
INSERT INTO facilities
VALUES ('FC1375543476', 'guard', 'SA68322', 'B74845', 80, 'NULL');
INSERT INTO facilities
VALUES ('FC1379227073', 'electricity', 'SA31266', 'B25523', 89, 'NULL');
INSERT INTO facilities
VALUES ('FC1385073133', 'guard', 'SA21022', NULL, NULL, NULL);
INSERT INTO facilities
VALUES ('FC1392659645', 'pipe', 'SA4976', NULL, NULL, NULL);
INSERT INTO facilities
VALUES ('FC1393400121', 'electricity', 'SA59734', NULL, NULL, NULL);
INSERT INTO facilities
VALUES ('FC139410051', 'electricity', 'SA49936', NULL, NULL, NULL);
INSERT INTO facilities
VALUES ('FC1396678115', 'electricity', 'SA59734', 'B22056', 77, 'NULL');
INSERT INTO facilities
VALUES ('FC14015071', 'electricity', 'SA95173', NULL, NULL, NULL);
INSERT INTO facilities
VALUES ('FC1404838835', 'clean', 'SA95794', 'B39944', 86, 'NULL');
INSERT INTO facilities
VALUES ('FC1414773840', 'guard', 'SA59734', 'B63632', 4, 'NULL');
INSERT INTO facilities
VALUES ('FC1422111403', 'guard', 'SA18413', 'B63632', 72, 'NULL');
INSERT INTO facilities
VALUES ('FC1422339009', 'clean', 'SA31438', 'B18705', 91, 'NULL');
INSERT INTO facilities
VALUES ('FC1422643784', 'guard', 'SA71170', NULL, NULL, NULL);
INSERT INTO facilities
VALUES ('FC1423748064', 'clean', 'SA18413', 'B98521', 40, 'NULL');
INSERT INTO facilities
VALUES ('FC1429473779', 'pipe', 'SA87696', 'B39106', 95, 'NULL');
INSERT INTO facilities
VALUES ('FC1429695117', 'pipe', 'SA8349', NULL, NULL, NULL);
INSERT INTO facilities
VALUES ('FC1436191931', 'pipe', 'SA95173', 'B98521', 58, 'NULL');
INSERT INTO facilities
VALUES ('FC144580032', 'electricity', 'SA95794', 'B76866', 82, 'NULL');
INSERT INTO facilities
VALUES ('FC145504712', 'electricity', 'SA62282', NULL, NULL, NULL);
INSERT INTO facilities
VALUES ('FC1455212724', 'electricity', 'SA7314', 'B19057', 1, 'NULL');
INSERT INTO facilities
VALUES ('FC1465073548', 'electricity', 'SA95794', 'B82520', 89, 'NULL');
INSERT INTO facilities
VALUES ('FC1466928425', 'guard', 'SA71170', 'B63632', 32, 'NULL');
INSERT INTO facilities
VALUES ('FC1470735898', 'clean', 'SA95794', NULL, NULL, NULL);
INSERT INTO facilities
VALUES ('FC1475580774', 'pipe', 'SA97844', 'B3469', 27, 'NULL');
INSERT INTO facilities
VALUES ('FC1475762949', 'electricity', 'SA21022', NULL, NULL, NULL);
INSERT INTO facilities
VALUES ('FC1479334720', 'clean', 'SA30333', 'B13071', 79, 'NULL');
INSERT INTO facilities
VALUES ('FC1482012031', 'electricity', 'SA21022', 'B51560', 20, 'NULL');
INSERT INTO facilities
VALUES ('FC1485652889', 'guard', 'SA4976', 'B22056', 33, 'NULL');
INSERT INTO facilities
VALUES ('FC1486133598', 'electricity', 'SA59734', 'B48241', 40, 'NULL');
INSERT INTO facilities
VALUES ('FC1492305235', 'guard', 'SA31266', NULL, NULL, NULL);
INSERT INTO facilities
VALUES ('FC1493768665', 'guard', 'SA7314', 'B94624', 87, 'NULL');
INSERT INTO facilities
VALUES ('FC1501825380', 'electricity', 'SA30333', 'B18705', 20, 'NULL');
INSERT INTO facilities
VALUES ('FC1501830823', 'electricity', 'SA93219', 'B25523', 76, 'NULL');
INSERT INTO facilities
VALUES ('FC1505745006', 'clean', 'SA31438', 'B55277', 75, 'NULL');
INSERT INTO facilities
VALUES ('FC150798499', 'clean', 'SA62282', 'B63632', 8, 'NULL');
INSERT INTO facilities
VALUES ('FC1512576900', 'pipe', 'SA8349', NULL, NULL, NULL);
INSERT INTO facilities
VALUES ('FC1513163146', 'clean', 'SA95173', NULL, NULL, NULL);
INSERT INTO facilities
VALUES ('FC1519098677', 'guard', 'SA4976', 'B37414', 9, 'NULL');
INSERT INTO facilities
VALUES ('FC1534232437', 'electricity', 'SA71170', NULL, NULL, NULL);
INSERT INTO facilities
VALUES ('FC1542176217', 'electricity', 'SA31438', 'B22056', 96, 'NULL');
INSERT INTO facilities
VALUES ('FC154815370', 'electricity', 'SA92664', NULL, NULL, NULL);
INSERT INTO facilities
VALUES ('FC1549351073', 'clean', 'SA62282', 'B87109', 48, 'NULL');
INSERT INTO facilities
VALUES ('FC1549376703', 'electricity', 'SA49506', 'B19057', 86, 'NULL');
INSERT INTO facilities
VALUES ('FC1550616993', 'guard', 'SA7314', NULL, NULL, NULL);
INSERT INTO facilities
VALUES ('FC1553771415', 'clean', 'SA49506', NULL, NULL, NULL);
INSERT INTO facilities
VALUES ('FC1553967780', 'guard', 'SA97844', NULL, NULL, NULL);
INSERT INTO facilities
VALUES ('FC1554121466', 'clean', 'SA71170', NULL, NULL, NULL);
INSERT INTO facilities
VALUES ('FC1566292882', 'pipe', 'SA30333', NULL, NULL, NULL);
INSERT INTO facilities
VALUES ('FC1567249268', 'guard', 'SA87696', 'B30375', 83, 'NULL');
INSERT INTO facilities
VALUES ('FC1568116941', 'electricity', 'SA87696', NULL, NULL, NULL);
INSERT INTO facilities
VALUES ('FC1574242805', 'electricity', 'SA62282', NULL, NULL, NULL);
INSERT INTO facilities
VALUES ('FC1575909396', 'pipe', 'SA49936', 'B13071', 36, 'NULL');
INSERT INTO facilities
VALUES ('FC1586474201', 'electricity', 'SA30333', 'B98976', 21, 'NULL');
INSERT INTO facilities
VALUES ('FC1588921571', 'pipe', 'SA8349', NULL, NULL, NULL);
INSERT INTO facilities
VALUES ('FC1592180299', 'clean', 'SA87696', NULL, NULL, NULL);
INSERT INTO facilities
VALUES ('FC160068280', 'clean', 'SA18413', 'B94624', 20, 'NULL');
INSERT INTO facilities
VALUES ('FC160958879', 'clean', 'SA97844', 'B17332', 97, 'NULL');
INSERT INTO facilities
VALUES ('FC1611249506', 'guard', 'SA68322', NULL, NULL, NULL);
INSERT INTO facilities
VALUES ('FC1618055916', 'guard', 'SA49506', 'B74845', 55, 'NULL');
INSERT INTO facilities
VALUES ('FC1622203047', 'clean', 'SA97844', NULL, NULL, NULL);
INSERT INTO facilities
VALUES ('FC1624905534', 'guard', 'SA92664', 'B98976', 96, 'NULL');
INSERT INTO facilities
VALUES ('FC1625992861', 'guard', 'SA21022', NULL, NULL, NULL);
INSERT INTO facilities
VALUES ('FC1627507784', 'electricity', 'SA4976', NULL, NULL, NULL);
INSERT INTO facilities
VALUES ('FC1634093083', 'guard', 'SA18413', 'B98521', 59, 'NULL');
INSERT INTO facilities
VALUES ('FC1635015464', 'pipe', 'SA8349', 'B18705', 24, 'NULL');
INSERT INTO facilities
VALUES ('FC1647711135', 'clean', 'SA7314', 'B94624', 21, 'NULL');
INSERT INTO facilities
VALUES ('FC1649449975', 'clean', 'SA87696', 'B22255', 23, 'NULL');
INSERT INTO facilities
VALUES ('FC1649794852', 'electricity', 'SA95794', NULL, NULL, NULL);
INSERT INTO facilities
VALUES ('FC1653562723', 'pipe', 'SA87696', 'B74845', 44, 'NULL');
INSERT INTO facilities
VALUES ('FC1660867111', 'electricity', 'SA95173', 'B62727', 92, 'NULL');
INSERT INTO facilities
VALUES ('FC1661304298', 'pipe', 'SA18413', 'B56670', 69, 'NULL');
INSERT INTO facilities
VALUES ('FC166595658', 'clean', 'SA93219', NULL, NULL, NULL);
INSERT INTO facilities
VALUES ('FC1670916774', 'electricity', 'SA8349', 'B3469', 14, 'NULL');
INSERT INTO facilities
VALUES ('FC1671967094', 'clean', 'SA21022', NULL, NULL, NULL);
INSERT INTO facilities
VALUES ('FC1675046659', 'guard', 'SA7314', 'B22255', 55, 'NULL');
INSERT INTO facilities
VALUES ('FC1686119225', 'electricity', 'SA59734', NULL, NULL, NULL);
INSERT INTO facilities
VALUES ('FC1691084727', 'clean', 'SA93219', NULL, NULL, NULL);
INSERT INTO facilities
VALUES ('FC1700067278', 'electricity', 'SA59734', 'B19839', 5, 'NULL');
INSERT INTO facilities
VALUES ('FC1700498631', 'pipe', 'SA87696', 'B76866', 97, 'NULL');
INSERT INTO facilities
VALUES ('FC1703381795', 'electricity', 'SA71170', NULL, NULL, NULL);
INSERT INTO facilities
VALUES ('FC1704264036', 'electricity', 'SA95173', 'B13071', 83, 'NULL');
INSERT INTO facilities
VALUES ('FC1719517870', 'pipe', 'SA30333', 'B76754', 65, 'NULL');
INSERT INTO facilities
VALUES ('FC1723272646', 'clean', 'SA31266', NULL, NULL, NULL);
INSERT INTO facilities
VALUES ('FC1727574362', 'pipe', 'SA4976', 'B76754', 44, 'NULL');
INSERT INTO facilities
VALUES ('FC1729363272', 'clean', 'SA21022', NULL, NULL, NULL);
INSERT INTO facilities
VALUES ('FC1739897151', 'guard', 'SA62282', NULL, NULL, NULL);
INSERT INTO facilities
VALUES ('FC1739940936', 'electricity', 'SA59734', 'B62727', 52, 'NULL');
INSERT INTO facilities
VALUES ('FC1744868006', 'guard', 'SA31266', NULL, NULL, NULL);
INSERT INTO facilities
VALUES ('FC1757298818', 'guard', 'SA8349', 'B61327', 22, 'NULL');
INSERT INTO facilities
VALUES ('FC1757670998', 'guard', 'SA93219', 'B37414', 47, 'NULL');
INSERT INTO facilities
VALUES ('FC1760457721', 'electricity', 'SA87696', 'B62727', 34, 'NULL');
INSERT INTO facilities
VALUES ('FC1760600961', 'pipe', 'SA87696', 'B39106', 75, 'NULL');
INSERT INTO facilities
VALUES ('FC1761489199', 'pipe', 'SA62282', NULL, NULL, NULL);
INSERT INTO facilities
VALUES ('FC1761911569', 'clean', 'SA49506', 'B94624', 87, 'NULL');
INSERT INTO facilities
VALUES ('FC176333061', 'electricity', 'SA4976', 'B77149', 15, 'NULL');
INSERT INTO facilities
VALUES ('FC1765176504', 'clean', 'SA7314', 'B30375', 62, 'NULL');
INSERT INTO facilities
VALUES ('FC1766191807', 'electricity', 'SA59734', NULL, NULL, NULL);
INSERT INTO facilities
VALUES ('FC1769658628', 'clean', 'SA31266', 'B6722', 70, 'NULL');
INSERT INTO facilities
VALUES ('FC1773301911', 'pipe', 'SA68322', 'B62914', 60, 'NULL');
INSERT INTO facilities
VALUES ('FC1778555186', 'electricity', 'SA62282', NULL, NULL, NULL);
INSERT INTO facilities
VALUES ('FC178219322', 'electricity', 'SA49506', 'B6722', 63, 'NULL');
INSERT INTO facilities
VALUES ('FC1786688743', 'guard', 'SA93219', NULL, NULL, NULL);
INSERT INTO facilities
VALUES ('FC1789485479', 'clean', 'SA59734', 'B77825', 95, 'NULL');
INSERT INTO facilities
VALUES ('FC1791938254', 'clean', 'SA59734', 'B62914', 35, 'NULL');
INSERT INTO facilities
VALUES ('FC1794028955', 'guard', 'SA31438', NULL, NULL, NULL);
INSERT INTO facilities
VALUES ('FC1794825599', 'guard', 'SA62282', NULL, NULL, NULL);
INSERT INTO facilities
VALUES ('FC1799678499', 'pipe', 'SA92664', 'B28096', 97, 'NULL');
INSERT INTO facilities
VALUES ('FC1802031965', 'guard', 'SA49506', 'B25523', 42, 'NULL');
INSERT INTO facilities
VALUES ('FC1802344363', 'clean', 'SA97844', 'B19057', 92, 'NULL');
INSERT INTO facilities
VALUES ('FC1802562479', 'clean', 'SA31438', 'B30375', 18, 'NULL');
INSERT INTO facilities
VALUES ('FC1802565940', 'clean', 'SA87696', 'B25523', 21, 'NULL');
INSERT INTO facilities
VALUES ('FC1803858469', 'clean', 'SA87696', NULL, NULL, NULL);
INSERT INTO facilities
VALUES ('FC1808773344', 'clean', 'SA30333', 'B62914', 22, 'NULL');
INSERT INTO facilities
VALUES ('FC1811783566', 'electricity', 'SA18413', NULL, NULL, NULL);
INSERT INTO facilities
VALUES ('FC181180583', 'electricity', 'SA95173', NULL, NULL, NULL);
INSERT INTO facilities
VALUES ('FC1813910464', 'guard', 'SA8349', NULL, NULL, NULL);
INSERT INTO facilities
VALUES ('FC1815092948', 'clean', 'SA18413', 'B63632', 13, 'NULL');
INSERT INTO facilities
VALUES ('FC1817359345', 'clean', 'SA31266', 'B54807', 3, 'NULL');
INSERT INTO facilities
VALUES ('FC1817561252', 'guard', 'SA68322', NULL, NULL, NULL);
INSERT INTO facilities
VALUES ('FC1822364126', 'pipe', 'SA7314', NULL, NULL, NULL);
INSERT INTO facilities
VALUES ('FC1837354973', 'guard', 'SA30333', 'B76866', 93, 'NULL');
INSERT INTO facilities
VALUES ('FC1849081651', 'clean', 'SA4976', NULL, NULL, NULL);
INSERT INTO facilities
VALUES ('FC1849917941', 'electricity', 'SA95173', NULL, NULL, NULL);
INSERT INTO facilities
VALUES ('FC1852129208', 'clean', 'SA18413', 'B37414', 18, 'NULL');
INSERT INTO facilities
VALUES ('FC1852147173', 'electricity', 'SA62282', 'B82520', 92, 'NULL');
INSERT INTO facilities
VALUES ('FC1852906734', 'guard', 'SA93219', NULL, NULL, NULL);
INSERT INTO facilities
VALUES ('FC18532691', 'pipe', 'SA31438', NULL, NULL, NULL);
INSERT INTO facilities
VALUES ('FC1859244640', 'clean', 'SA59734', 'B62446', 77, 'NULL');
INSERT INTO facilities
VALUES ('FC1866193201', 'electricity', 'SA97844', 'B56670', 4, 'NULL');
INSERT INTO facilities
VALUES ('FC1866731415', 'guard', 'SA49936', 'B17332', 34, 'NULL');
INSERT INTO facilities
VALUES ('FC1871516821', 'pipe', 'SA30333', NULL, NULL, NULL);
INSERT INTO facilities
VALUES ('FC1872161865', 'guard', 'SA93219', NULL, NULL, NULL);
INSERT INTO facilities
VALUES ('FC187532596', 'electricity', 'SA4976', NULL, NULL, NULL);
INSERT INTO facilities
VALUES ('FC1877496877', 'electricity', 'SA49936', NULL, NULL, NULL);
INSERT INTO facilities
VALUES ('FC18789740', 'electricity', 'SA62282', NULL, NULL, NULL);
INSERT INTO facilities
VALUES ('FC188120665', 'guard', 'SA59734', 'B63632', 9, 'NULL');
INSERT INTO facilities
VALUES ('FC1892912383', 'electricity', 'SA21022', 'B51560', 7, 'NULL');
INSERT INTO facilities
VALUES ('FC1895338970', 'electricity', 'SA18413', 'B28352', 76, 'NULL');
INSERT INTO facilities
VALUES ('FC1898269053', 'electricity', 'SA7314', NULL, NULL, NULL);
INSERT INTO facilities
VALUES ('FC1901033838', 'clean', 'SA49506', 'B94593', 70, 'NULL');
INSERT INTO facilities
VALUES ('FC1919617107', 'pipe', 'SA30333', NULL, NULL, NULL);
INSERT INTO facilities
VALUES ('FC1922742865', 'guard', 'SA31438', NULL, NULL, NULL);
INSERT INTO facilities
VALUES ('FC1938756806', 'pipe', 'SA31438', NULL, NULL, NULL);
INSERT INTO facilities
VALUES ('FC1939733077', 'guard', 'SA95794', NULL, NULL, NULL);
INSERT INTO facilities
VALUES ('FC1940711147', 'guard', 'SA62282', NULL, NULL, NULL);
INSERT INTO facilities
VALUES ('FC1944567436', 'guard', 'SA62282', NULL, NULL, NULL);
INSERT INTO facilities
VALUES ('FC1948530574', 'electricity', 'SA71170', NULL, NULL, NULL);
INSERT INTO facilities
VALUES ('FC1952781796', 'clean', 'SA95173', 'B77149', 62, 'NULL');
INSERT INTO facilities
VALUES ('FC1955750804', 'pipe', 'SA59734', 'B28096', 44, 'NULL');
INSERT INTO facilities
VALUES ('FC1962174776', 'clean', 'SA8349', 'B94593', 18, 'NULL');
INSERT INTO facilities
VALUES ('FC1964432586', 'guard', 'SA92664', 'B52740', 79, 'NULL');
INSERT INTO facilities
VALUES ('FC1970056498', 'guard', 'SA95173', NULL, NULL, NULL);
INSERT INTO facilities
VALUES ('FC1972817095', 'pipe', 'SA21022', 'B17332', 19, 'NULL');
INSERT INTO facilities
VALUES ('FC1975224115', 'electricity', 'SA92664', 'B18705', 86, 'NULL');
INSERT INTO facilities
VALUES ('FC1976175701', 'guard', 'SA30333', NULL, NULL, NULL);
INSERT INTO facilities
VALUES ('FC1980148188', 'electricity', 'SA18413', 'B55277', 91, 'NULL');
INSERT INTO facilities
VALUES ('FC1982403070', 'electricity', 'SA31266', NULL, NULL, NULL);
INSERT INTO facilities
VALUES ('FC1984595099', 'pipe', 'SA31266', NULL, NULL, NULL);
INSERT INTO facilities
VALUES ('FC1987847293', 'clean', 'SA31266', 'B30375', 49, 'NULL');
INSERT INTO facilities
VALUES ('FC1989708968', 'electricity', 'SA59734', NULL, NULL, NULL);
INSERT INTO facilities
VALUES ('FC200029438', 'guard', 'SA30333', NULL, NULL, NULL);
INSERT INTO facilities
VALUES ('FC200451224', 'electricity', 'SA92664', NULL, NULL, NULL);
INSERT INTO facilities
VALUES ('FC201412851', 'clean', 'SA49936', NULL, NULL, NULL);
INSERT INTO facilities
VALUES ('FC2022564358', 'clean', 'SA87696', 'B19057', 39, 'NULL');
INSERT INTO facilities
VALUES ('FC2026773860', 'electricity', 'SA21022', NULL, NULL, NULL);
INSERT INTO facilities
VALUES ('FC2036848345', 'pipe', 'SA62282', 'B26466', 40, 'NULL');
INSERT INTO facilities
VALUES ('FC2046128496', 'pipe', 'SA49506', NULL, NULL, NULL);
INSERT INTO facilities
VALUES ('FC2049120290', 'pipe', 'SA68322', 'B62727', 38, 'NULL');
INSERT INTO facilities
VALUES ('FC205411999', 'pipe', 'SA31438', 'B87109', 45, 'NULL');
INSERT INTO facilities
VALUES ('FC2056584342', 'electricity', 'SA49936', 'B76754', 81, 'NULL');
INSERT INTO facilities
VALUES ('FC2061482917', 'pipe', 'SA97844', 'B48241', 42, 'NULL');
INSERT INTO facilities
VALUES ('FC2061712264', 'clean', 'SA8349', 'B28096', 66, 'NULL');
INSERT INTO facilities
VALUES ('FC2067242828', 'pipe', 'SA21022', 'B90673', 3, 'NULL');
INSERT INTO facilities
VALUES ('FC2069702299', 'electricity', 'SA62282', 'B55277', 40, 'NULL');
INSERT INTO facilities
VALUES ('FC2073767740', 'electricity', 'SA59734', 'B22255', 33, 'NULL');
INSERT INTO facilities
VALUES ('FC2077829743', 'guard', 'SA30333', NULL, NULL, NULL);
INSERT INTO facilities
VALUES ('FC2078536631', 'pipe', 'SA21022', 'B77825', 74, 'NULL');
INSERT INTO facilities
VALUES ('FC2078897880', 'guard', 'SA8349', 'B87109', 7, 'NULL');
INSERT INTO facilities
VALUES ('FC2080842758', 'guard', 'SA4976', NULL, NULL, NULL);
INSERT INTO facilities
VALUES ('FC2085165601', 'clean', 'SA95173', 'B94593', 92, 'NULL');
INSERT INTO facilities
VALUES ('FC2101120201', 'guard', 'SA71170', 'B43028', 14, 'NULL');
INSERT INTO facilities
VALUES ('FC2106441839', 'pipe', 'SA30333', NULL, NULL, NULL);
INSERT INTO facilities
VALUES ('FC2107377057', 'guard', 'SA87696', NULL, NULL, NULL);
INSERT INTO facilities
VALUES ('FC2109483663', 'electricity', 'SA49936', NULL, NULL, NULL);
INSERT INTO facilities
VALUES ('FC211126078', 'clean', 'SA92664', 'B80300', 0, 'NULL');
INSERT INTO facilities
VALUES ('FC2112786368', 'electricity', 'SA93219', 'B90673', 30, 'NULL');
INSERT INTO facilities
VALUES ('FC2115086862', 'electricity', 'SA8349', 'B55276', 62, 'NULL');
INSERT INTO facilities
VALUES ('FC2116028761', 'clean', 'SA49936', NULL, NULL, NULL);
INSERT INTO facilities
VALUES ('FC2116410516', 'clean', 'SA30333', NULL, NULL, NULL);
INSERT INTO facilities
VALUES ('FC2117730682', 'pipe', 'SA93219', NULL, NULL, NULL);
INSERT INTO facilities
VALUES ('FC2128043673', 'clean', 'SA7314', 'B55277', 75, 'NULL');
INSERT INTO facilities
VALUES ('FC2128604091', 'clean', 'SA7314', 'B55277', 15, 'NULL');
INSERT INTO facilities
VALUES ('FC2130712128', 'guard', 'SA30333', NULL, NULL, NULL);
INSERT INTO facilities
VALUES ('FC2131918362', 'guard', 'SA7314', 'B26466', 97, 'NULL');
INSERT INTO facilities
VALUES ('FC2135027446', 'guard', 'SA95173', NULL, NULL, NULL);
INSERT INTO facilities
VALUES ('FC2136889632', 'guard', 'SA8349', NULL, NULL, NULL);
INSERT INTO facilities
VALUES ('FC223006398', 'clean', 'SA95173', NULL, NULL, NULL);
INSERT INTO facilities
VALUES ('FC228302543', 'electricity', 'SA18413', NULL, NULL, NULL);
INSERT INTO facilities
VALUES ('FC229931028', 'guard', 'SA62282', 'B3469', 44, 'NULL');
INSERT INTO facilities
VALUES ('FC237771039', 'clean', 'SA7314', 'B56670', 7, 'NULL');
INSERT INTO facilities
VALUES ('FC238407028', 'electricity', 'SA4976', NULL, NULL, NULL);
INSERT INTO facilities
VALUES ('FC243179514', 'clean', 'SA87696', NULL, NULL, NULL);
INSERT INTO facilities
VALUES ('FC246716431', 'pipe', 'SA95173', NULL, NULL, NULL);
INSERT INTO facilities
VALUES ('FC252797744', 'electricity', 'SA71170', NULL, NULL, NULL);
INSERT INTO facilities
VALUES ('FC263151778', 'electricity', 'SA8349', NULL, NULL, NULL);
INSERT INTO facilities
VALUES ('FC266022614', 'pipe', 'SA8349', NULL, NULL, NULL);
INSERT INTO facilities
VALUES ('FC273317588', 'clean', 'SA71170', 'B63632', 11, 'NULL');
INSERT INTO facilities
VALUES ('FC275085676', 'electricity', 'SA59734', 'B55277', 52, 'NULL');
INSERT INTO facilities
VALUES ('FC275485585', 'pipe', 'SA59734', 'B66021', 60, 'NULL');
INSERT INTO facilities
VALUES ('FC275880601', 'guard', 'SA93219', 'B62914', 97, 'NULL');
INSERT INTO facilities
VALUES ('FC284069615', 'pipe', 'SA8349', 'B3469', 92, 'NULL');
INSERT INTO facilities
VALUES ('FC290116983', 'electricity', 'SA92664', NULL, NULL, NULL);
INSERT INTO facilities
VALUES ('FC291151990', 'electricity', 'SA30333', 'B56670', 98, 'NULL');
INSERT INTO facilities
VALUES ('FC29569704', 'electricity', 'SA97844', NULL, NULL, NULL);
INSERT INTO facilities
VALUES ('FC299383026', 'guard', 'SA93219', 'B43028', 59, 'NULL');
INSERT INTO facilities
VALUES ('FC302593121', 'pipe', 'SA62282', 'B94624', 66, 'NULL');
INSERT INTO facilities
VALUES ('FC304199622', 'pipe', 'SA30333', NULL, NULL, NULL);
INSERT INTO facilities
VALUES ('FC305606996', 'electricity', 'SA18413', NULL, NULL, NULL);
INSERT INTO facilities
VALUES ('FC306126939', 'electricity', 'SA62282', 'B28096', 55, 'NULL');
INSERT INTO facilities
VALUES ('FC307467362', 'pipe', 'SA8349', 'B62727', 50, 'NULL');
INSERT INTO facilities
VALUES ('FC308067134', 'pipe', 'SA92664', NULL, NULL, NULL);
INSERT INTO facilities
VALUES ('FC322001969', 'electricity', 'SA30333', NULL, NULL, NULL);
INSERT INTO facilities
VALUES ('FC333212782', 'electricity', 'SA31266', NULL, NULL, NULL);
INSERT INTO facilities
VALUES ('FC34084498', 'clean', 'SA30333', 'B55276', 17, 'NULL');
INSERT INTO facilities
VALUES ('FC34979302', 'guard', 'SA97844', 'B94624', 9, 'NULL');
INSERT INTO facilities
VALUES ('FC350182660', 'guard', 'SA31266', NULL, NULL, NULL);
INSERT INTO facilities
VALUES ('FC354310369', 'clean', 'SA71170', NULL, NULL, NULL);
INSERT INTO facilities
VALUES ('FC356502182', 'guard', 'SA97844', NULL, NULL, NULL);
INSERT INTO facilities
VALUES ('FC361592037', 'guard', 'SA18413', 'B6722', 95, 'NULL');
INSERT INTO facilities
VALUES ('FC369467091', 'guard', 'SA30333', 'B19839', 47, 'NULL');
INSERT INTO facilities
VALUES ('FC369538298', 'electricity', 'SA7314', 'B48241', 24, 'NULL');
INSERT INTO facilities
VALUES ('FC373823689', 'clean', 'SA97844', NULL, NULL, NULL);
INSERT INTO facilities
VALUES ('FC373969318', 'electricity', 'SA71170', 'B55276', 74, 'NULL');
INSERT INTO facilities
VALUES ('FC380491760', 'pipe', 'SA95173', NULL, NULL, NULL);
INSERT INTO facilities
VALUES ('FC382513113', 'pipe', 'SA87696', NULL, NULL, NULL);
INSERT INTO facilities
VALUES ('FC387259939', 'clean', 'SA95173', NULL, NULL, NULL);
INSERT INTO facilities
VALUES ('FC387987097', 'guard', 'SA31438', NULL, NULL, NULL);
INSERT INTO facilities
VALUES ('FC389697972', 'guard', 'SA59734', 'B62727', 50, 'NULL');
INSERT INTO facilities
VALUES ('FC389786179', 'guard', 'SA8349', 'B25523', 84, 'NULL');
INSERT INTO facilities
VALUES ('FC390232938', 'clean', 'SA87696', NULL, NULL, NULL);
INSERT INTO facilities
VALUES ('FC391415254', 'pipe', 'SA7314', NULL, NULL, NULL);
INSERT INTO facilities
VALUES ('FC391874456', 'guard', 'SA49936', NULL, NULL, NULL);
INSERT INTO facilities
VALUES ('FC39614285', 'clean', 'SA87696', 'B55276', 95, 'NULL');
INSERT INTO facilities
VALUES ('FC4049846', 'clean', 'SA95794', NULL, NULL, NULL);
INSERT INTO facilities
VALUES ('FC410091458', 'electricity', 'SA62282', NULL, NULL, NULL);
INSERT INTO facilities
VALUES ('FC411068271', 'pipe', 'SA97844', 'B22255', 82, 'NULL');
INSERT INTO facilities
VALUES ('FC411608763', 'electricity', 'SA7314', NULL, NULL, NULL);
INSERT INTO facilities
VALUES ('FC414015200', 'clean', 'SA31438', NULL, NULL, NULL);
INSERT INTO facilities
VALUES ('FC422551749', 'pipe', 'SA87696', 'B3469', 72, 'NULL');
INSERT INTO facilities
VALUES ('FC423274092', 'clean', 'SA71170', 'B43028', 7, 'NULL');
INSERT INTO facilities
VALUES ('FC428769366', 'guard', 'SA18413', 'B62446', 95, 'NULL');
INSERT INTO facilities
VALUES ('FC438595058', 'electricity', 'SA71170', 'B22056', 31, 'NULL');
INSERT INTO facilities
VALUES ('FC439330702', 'electricity', 'SA68322', 'B77825', 90, 'NULL');
INSERT INTO facilities
VALUES ('FC439669233', 'clean', 'SA59734', 'B28096', 86, 'NULL');
INSERT INTO facilities
VALUES ('FC441308551', 'electricity', 'SA93219', 'B74845', 11, 'NULL');
INSERT INTO facilities
VALUES ('FC443035299', 'electricity', 'SA68322', NULL, NULL, NULL);
INSERT INTO facilities
VALUES ('FC443624734', 'electricity', 'SA87696', NULL, NULL, NULL);
INSERT INTO facilities
VALUES ('FC449205550', 'electricity', 'SA97844', 'B90673', 17, 'NULL');
INSERT INTO facilities
VALUES ('FC454568799', 'pipe', 'SA95173', NULL, NULL, NULL);
INSERT INTO facilities
VALUES ('FC456004867', 'electricity', 'SA31266', 'B28096', 42, 'NULL');
INSERT INTO facilities
VALUES ('FC456711557', 'clean', 'SA93219', 'B61327', 59, 'NULL');
INSERT INTO facilities
VALUES ('FC459587727', 'guard', 'SA31438', NULL, NULL, NULL);
INSERT INTO facilities
VALUES ('FC475002710', 'clean', 'SA8349', NULL, NULL, NULL);
INSERT INTO facilities
VALUES ('FC477732470', 'electricity', 'SA93219', 'B55277', 33, 'NULL');
INSERT INTO facilities
VALUES ('FC48020448', 'guard', 'SA68322', 'B95553', 39, 'NULL');
INSERT INTO facilities
VALUES ('FC480276375', 'pipe', 'SA59734', NULL, NULL, NULL);
INSERT INTO facilities
VALUES ('FC493520475', 'pipe', 'SA8349', 'B55276', 16, 'NULL');
INSERT INTO facilities
VALUES ('FC494069211', 'pipe', 'SA49506', NULL, NULL, NULL);
INSERT INTO facilities
VALUES ('FC497839617', 'guard', 'SA62282', 'B26466', 63, 'NULL');
INSERT INTO facilities
VALUES ('FC501658672', 'electricity', 'SA8349', NULL, NULL, NULL);
INSERT INTO facilities
VALUES ('FC501872024', 'electricity', 'SA8349', 'B62446', 68, 'NULL');
INSERT INTO facilities
VALUES ('FC504156436', 'pipe', 'SA31266', 'B98289', 14, 'NULL');
INSERT INTO facilities
VALUES ('FC506450120', 'guard', 'SA7314', NULL, NULL, NULL);
INSERT INTO facilities
VALUES ('FC511302219', 'guard', 'SA30333', NULL, NULL, NULL);
INSERT INTO facilities
VALUES ('FC512263469', 'guard', 'SA95794', 'B90673', 78, 'NULL');
INSERT INTO facilities
VALUES ('FC518882064', 'clean', 'SA30333', NULL, NULL, NULL);
INSERT INTO facilities
VALUES ('FC529544905', 'pipe', 'SA95173', NULL, NULL, NULL);
INSERT INTO facilities
VALUES ('FC539874430', 'electricity', 'SA31266', 'B3469', 73, 'NULL');
INSERT INTO facilities
VALUES ('FC540137098', 'clean', 'SA31438', 'B22056', 9, 'NULL');
INSERT INTO facilities
VALUES ('FC546425187', 'electricity', 'SA4976', NULL, NULL, NULL);
INSERT INTO facilities
VALUES ('FC551136435', 'guard', 'SA95173', NULL, NULL, NULL);
INSERT INTO facilities
VALUES ('FC551898209', 'pipe', 'SA71170', 'B13071', 99, 'NULL');
INSERT INTO facilities
VALUES ('FC559375786', 'electricity', 'SA31438', 'B98521', 51, 'NULL');
INSERT INTO facilities
VALUES ('FC566663112', 'electricity', 'SA93219', 'B38140', 6, 'NULL');
INSERT INTO facilities
VALUES ('FC566918524', 'pipe', 'SA92664', 'B77825', 91, 'NULL');
INSERT INTO facilities
VALUES ('FC569866405', 'electricity', 'SA62282', 'B94624', 27, 'NULL');
INSERT INTO facilities
VALUES ('FC573014720', 'pipe', 'SA71170', 'B76866', 52, 'NULL');
INSERT INTO facilities
VALUES ('FC575522474', 'guard', 'SA30333', NULL, NULL, NULL);
INSERT INTO facilities
VALUES ('FC575741754', 'guard', 'SA95173', 'B28096', 97, 'NULL');
INSERT INTO facilities
VALUES ('FC578636935', 'guard', 'SA95794', 'B17332', 39, 'NULL');
INSERT INTO facilities
VALUES ('FC58385156', 'guard', 'SA49936', NULL, NULL, NULL);
INSERT INTO facilities
VALUES ('FC58414977', 'guard', 'SA93219', NULL, NULL, NULL);
INSERT INTO facilities
VALUES ('FC592620614', 'clean', 'SA93219', NULL, NULL, NULL);
INSERT INTO facilities
VALUES ('FC594154207', 'guard', 'SA95173', NULL, NULL, NULL);
INSERT INTO facilities
VALUES ('FC602656306', 'guard', 'SA18413', 'B19839', 36, 'NULL');
INSERT INTO facilities
VALUES ('FC602922205', 'clean', 'SA7314', NULL, NULL, NULL);
INSERT INTO facilities
VALUES ('FC606889172', 'electricity', 'SA21022', NULL, NULL, NULL);
INSERT INTO facilities
VALUES ('FC607019071', 'electricity', 'SA59734', NULL, NULL, NULL);
INSERT INTO facilities
VALUES ('FC61252768', 'guard', 'SA87696', NULL, NULL, NULL);
INSERT INTO facilities
VALUES ('FC613867600', 'electricity', 'SA31438', NULL, NULL, NULL);
INSERT INTO facilities
VALUES ('FC628028311', 'guard', 'SA71170', NULL, NULL, NULL);
INSERT INTO facilities
VALUES ('FC633330408', 'pipe', 'SA18413', NULL, NULL, NULL);
INSERT INTO facilities
VALUES ('FC643829150', 'clean', 'SA21022', NULL, NULL, NULL);
INSERT INTO facilities
VALUES ('FC648088271', 'clean', 'SA31266', NULL, NULL, NULL);
INSERT INTO facilities
VALUES ('FC65083329', 'electricity', 'SA8349', NULL, NULL, NULL);
INSERT INTO facilities
VALUES ('FC670830217', 'clean', 'SA4976', 'B38140', 84, 'NULL');
INSERT INTO facilities
VALUES ('FC680223858', 'guard', 'SA31438', NULL, NULL, NULL);
INSERT INTO facilities
VALUES ('FC684618215', 'electricity', 'SA21022', NULL, NULL, NULL);
INSERT INTO facilities
VALUES ('FC686038543', 'pipe', 'SA21022', NULL, NULL, NULL);
INSERT INTO facilities
VALUES ('FC68996585', 'clean', 'SA97844', NULL, NULL, NULL);
INSERT INTO facilities
VALUES ('FC690901661', 'clean', 'SA59734', 'B62914', 63, 'NULL');
INSERT INTO facilities
VALUES ('FC691305136', 'clean', 'SA95794', NULL, NULL, NULL);
INSERT INTO facilities
VALUES ('FC696438346', 'guard', 'SA49936', 'B77149', 66, 'NULL');
INSERT INTO facilities
VALUES ('FC697062303', 'guard', 'SA68322', 'B54807', 63, 'NULL');
INSERT INTO facilities
VALUES ('FC698600134', 'clean', 'SA30333', NULL, NULL, NULL);
INSERT INTO facilities
VALUES ('FC698993712', 'electricity', 'SA21022', NULL, NULL, NULL);
INSERT INTO facilities
VALUES ('FC703950462', 'guard', 'SA93219', NULL, NULL, NULL);
INSERT INTO facilities
VALUES ('FC709567171', 'pipe', 'SA95173', NULL, NULL, NULL);
INSERT INTO facilities
VALUES ('FC711559085', 'pipe', 'SA95794', NULL, NULL, NULL);
INSERT INTO facilities
VALUES ('FC712571332', 'guard', 'SA18413', NULL, NULL, NULL);
INSERT INTO facilities
VALUES ('FC714935055', 'clean', 'SA49506', NULL, NULL, NULL);
INSERT INTO facilities
VALUES ('FC715315636', 'electricity', 'SA92664', NULL, NULL, NULL);
INSERT INTO facilities
VALUES ('FC716055517', 'guard', 'SA7314', NULL, NULL, NULL);
INSERT INTO facilities
VALUES ('FC718751206', 'guard', 'SA97844', 'B51072', 92, 'NULL');
INSERT INTO facilities
VALUES ('FC720516543', 'pipe', 'SA21022', 'B59957', 64, 'NULL');
INSERT INTO facilities
VALUES ('FC722764369', 'electricity', 'SA62282', NULL, NULL, NULL);
INSERT INTO facilities
VALUES ('FC722765007', 'electricity', 'SA8349', NULL, NULL, NULL);
INSERT INTO facilities
VALUES ('FC729171862', 'pipe', 'SA7314', 'B62446', 77, 'NULL');
INSERT INTO facilities
VALUES ('FC730930193', 'pipe', 'SA71170', 'B62914', 97, 'NULL');
INSERT INTO facilities
VALUES ('FC742464420', 'pipe', 'SA92664', 'B3469', 83, 'NULL');
INSERT INTO facilities
VALUES ('FC743937993', 'pipe', 'SA95173', 'B48241', 58, 'NULL');
INSERT INTO facilities
VALUES ('FC753008102', 'electricity', 'SA31438', NULL, NULL, NULL);
INSERT INTO facilities
VALUES ('FC758298452', 'electricity', 'SA4976', 'B80300', 15, 'NULL');
INSERT INTO facilities
VALUES ('FC760818011', 'guard', 'SA71170', NULL, NULL, NULL);
INSERT INTO facilities
VALUES ('FC761313012', 'guard', 'SA92664', NULL, NULL, NULL);
INSERT INTO facilities
VALUES ('FC768466144', 'clean', 'SA62282', NULL, NULL, NULL);
INSERT INTO facilities
VALUES ('FC769165088', 'pipe', 'SA49506', NULL, NULL, NULL);
INSERT INTO facilities
VALUES ('FC771327270', 'guard', 'SA68322', NULL, NULL, NULL);
INSERT INTO facilities
VALUES ('FC77357425', 'clean', 'SA97844', 'B37414', 95, 'NULL');
INSERT INTO facilities
VALUES ('FC773763217', 'electricity', 'SA31438', 'B56670', 5, 'NULL');
INSERT INTO facilities
VALUES ('FC782330128', 'electricity', 'SA93219', 'B77149', 3, 'NULL');
INSERT INTO facilities
VALUES ('FC786334180', 'clean', 'SA95794', NULL, NULL, NULL);
INSERT INTO facilities
VALUES ('FC789362114', 'guard', 'SA95794', 'B98521', 86, 'NULL');
INSERT INTO facilities
VALUES ('FC790402973', 'guard', 'SA92664', 'B19057', 92, 'NULL');
INSERT INTO facilities
VALUES ('FC795569450', 'electricity', 'SA87696', NULL, NULL, NULL);
INSERT INTO facilities
VALUES ('FC795731700', 'clean', 'SA68322', NULL, NULL, NULL);
INSERT INTO facilities
VALUES ('FC796518157', 'electricity', 'SA21022', NULL, NULL, NULL);
INSERT INTO facilities
VALUES ('FC804883924', 'guard', 'SA71170', 'B19839', 71, 'NULL');
INSERT INTO facilities
VALUES ('FC806754379', 'clean', 'SA92664', 'B51560', 8, 'NULL');
INSERT INTO facilities
VALUES ('FC808003511', 'guard', 'SA30333', NULL, NULL, NULL);
INSERT INTO facilities
VALUES ('FC814659773', 'guard', 'SA95794', 'B19057', 48, 'NULL');
INSERT INTO facilities
VALUES ('FC829922848', 'electricity', 'SA71170', 'B6722', 29, 'NULL');
INSERT INTO facilities
VALUES ('FC830604863', 'electricity', 'SA59734', 'B55276', 25, 'NULL');
INSERT INTO facilities
VALUES ('FC83469973', 'pipe', 'SA92664', NULL, NULL, NULL);
INSERT INTO facilities
VALUES ('FC835024385', 'electricity', 'SA62282', NULL, NULL, NULL);
INSERT INTO facilities
VALUES ('FC836692440', 'guard', 'SA95173', NULL, NULL, NULL);
INSERT INTO facilities
VALUES ('FC842809634', 'pipe', 'SA8349', 'B30375', 83, 'NULL');
INSERT INTO facilities
VALUES ('FC843783515', 'pipe', 'SA21022', NULL, NULL, NULL);
INSERT INTO facilities
VALUES ('FC844584121', 'guard', 'SA93219', NULL, NULL, NULL);
INSERT INTO facilities
VALUES ('FC8449931', 'clean', 'SA95173', 'B19057', 28, 'NULL');
INSERT INTO facilities
VALUES ('FC848671468', 'pipe', 'SA93219', 'B28352', 48, 'NULL');
INSERT INTO facilities
VALUES ('FC853093534', 'electricity', 'SA7314', NULL, NULL, NULL);
INSERT INTO facilities
VALUES ('FC863652754', 'guard', 'SA30333', 'B54807', 3, 'NULL');
INSERT INTO facilities
VALUES ('FC863701258', 'pipe', 'SA7314', 'B28352', 69, 'NULL');
INSERT INTO facilities
VALUES ('FC869571116', 'guard', 'SA62282', NULL, NULL, NULL);
INSERT INTO facilities
VALUES ('FC871801923', 'electricity', 'SA71170', 'B87109', 41, 'NULL');
INSERT INTO facilities
VALUES ('FC874637762', 'pipe', 'SA95173', 'B28096', 34, 'NULL');
INSERT INTO facilities
VALUES ('FC878890482', 'clean', 'SA87696', NULL, NULL, NULL);
INSERT INTO facilities
VALUES ('FC88697771', 'clean', 'SA18413', 'B94624', 63, 'NULL');
INSERT INTO facilities
VALUES ('FC888985167', 'guard', 'SA92664', 'B51072', 97, 'NULL');
INSERT INTO facilities
VALUES ('FC890967272', 'clean', 'SA31266', NULL, NULL, NULL);
INSERT INTO facilities
VALUES ('FC902490153', 'guard', 'SA71170', 'B77149', 7, 'NULL');
INSERT INTO facilities
VALUES ('FC902559928', 'pipe', 'SA93219', 'B51560', 8, 'NULL');
INSERT INTO facilities
VALUES ('FC908126914', 'clean', 'SA71170', NULL, NULL, NULL);
INSERT INTO facilities
VALUES ('FC909103337', 'clean', 'SA49506', 'B51072', 77, 'NULL');
INSERT INTO facilities
VALUES ('FC909292671', 'pipe', 'SA93219', NULL, NULL, NULL);
INSERT INTO facilities
VALUES ('FC914695075', 'electricity', 'SA30333', 'B77825', 49, 'NULL');
INSERT INTO facilities
VALUES ('FC916262511', 'clean', 'SA87696', NULL, NULL, NULL);
INSERT INTO facilities
VALUES ('FC918635540', 'clean', 'SA97844', 'B62727', 46, 'NULL');
INSERT INTO facilities
VALUES ('FC919061846', 'clean', 'SA59734', NULL, NULL, NULL);
INSERT INTO facilities
VALUES ('FC924108568', 'pipe', 'SA95173', NULL, NULL, NULL);
INSERT INTO facilities
VALUES ('FC927427863', 'electricity', 'SA18413', 'B82520', 60, 'NULL');
INSERT INTO facilities
VALUES ('FC936733676', 'pipe', 'SA68322', 'B19057', 89, 'NULL');
INSERT INTO facilities
VALUES ('FC93808822', 'electricity', 'SA95794', NULL, NULL, NULL);
INSERT INTO facilities
VALUES ('FC93996380', 'guard', 'SA49506', NULL, NULL, NULL);
INSERT INTO facilities
VALUES ('FC943789767', 'clean', 'SA71170', NULL, NULL, NULL);
INSERT INTO facilities
VALUES ('FC944913062', 'pipe', 'SA4976', NULL, NULL, NULL);
INSERT INTO facilities
VALUES ('FC950676639', 'guard', 'SA71170', 'B77149', 83, 'NULL');
INSERT INTO facilities
VALUES ('FC953042311', 'electricity', 'SA18413', NULL, NULL, NULL);
INSERT INTO facilities
VALUES ('FC958383831', 'pipe', 'SA18413', 'B18705', 38, 'NULL');
INSERT INTO facilities
VALUES ('FC959820459', 'clean', 'SA62282', NULL, NULL, NULL);
INSERT INTO facilities
VALUES ('FC960135591', 'clean', 'SA49936', 'B95553', 74, 'NULL');
INSERT INTO facilities
VALUES ('FC960397227', 'guard', 'SA59734', NULL, NULL, NULL);
INSERT INTO facilities
VALUES ('FC968080843', 'guard', 'SA8349', 'B19057', 69, 'NULL');
INSERT INTO facilities
VALUES ('FC970744803', 'pipe', 'SA8349', 'B43028', 0, 'NULL');
INSERT INTO facilities
VALUES ('FC98824814', 'pipe', 'SA87696', NULL, NULL, NULL);
INSERT INTO facilities
VALUES ('FC988289445', 'clean', 'SA49506', 'B62446', 91, 'NULL');
INSERT INTO facilities
VALUES ('FC999458117', 'pipe', 'SA62282', NULL, NULL, NULL);
INSERT INTO overhaulRecord
VALUES ('O1000129240', 'FC1482012031', 'NULL', 20920626173130, 'SF863234597', 'NULL');
INSERT INTO overhaulRecord
VALUES ('O1006922446', 'FC1624905534', 'NULL', 20450122031140, 'SF684900388', 'NULL');
INSERT INTO overhaulRecord
VALUES ('O1008355141', 'FC936733676', 'NULL', 20580210145538, 'SF205293560', 'NULL');
INSERT INTO overhaulRecord
VALUES ('O1010082854', 'FC410091458', 'NULL', 20300826192603, 'SF1325240132', 'NULL');
INSERT INTO overhaulRecord
VALUES ('O1011662667', 'FC830604863', 'NULL', 20650203101648, 'SF1707111159', 'NULL');
INSERT INTO overhaulRecord
VALUES ('O1012861719', 'FC1024113849', 'NULL', 20270614231821, 'SF1592371108', 'NULL');
INSERT INTO overhaulRecord
VALUES ('O1015258110', 'FC1224052293', 'NULL', 20420817221727, 'SF1325604751', 'NULL');
INSERT INTO overhaulRecord
VALUES ('O1019779590', 'FC853093534', 'NULL', 20090713080615, 'SF809675534', 'NULL');
INSERT INTO overhaulRecord
VALUES ('O1028148190', 'FC902559928', 'NULL', 20420312002512, 'SF1757995487', 'NULL');
INSERT INTO overhaulRecord
VALUES ('O1028439766', 'FC1008419130', 'NULL', 20571224032942, 'SF205293560', 'NULL');
INSERT INTO overhaulRecord
VALUES ('O1029317789', 'FC918635540', 'NULL', 20381103172629, 'SF809675534', 'NULL');
INSERT INTO overhaulRecord
VALUES ('O103338714', 'FC93996380', 'NULL', 20910124094300, 'SF300732922', 'NULL');
INSERT INTO overhaulRecord
VALUES ('O103793861', 'FC836692440', 'NULL', 20200401022320, 'SF2081721216', 'NULL');
INSERT INTO overhaulRecord
VALUES ('O1039716915', 'FC804883924', 'NULL', 20280903011011, 'SF71679732', 'NULL');
INSERT INTO overhaulRecord
VALUES ('O1044409399', 'FC729171862', 'NULL', 20201111065755, 'SF684900388', 'NULL');
INSERT INTO overhaulRecord
VALUES ('O1045902004', 'FC1352128509', 'NULL', 20491204030716, 'SF2131836294', 'NULL');
INSERT INTO overhaulRecord
VALUES ('O1045906021', 'FC497839617', 'NULL', 20360904174434, 'SF1325604751', 'NULL');
INSERT INTO overhaulRecord
VALUES ('O1051176162', 'FC1802344363', 'NULL', 20921004042734, 'SF1550134583', 'NULL');
INSERT INTO overhaulRecord
VALUES ('O1051211901', 'FC927427863', 'NULL', 20251016030502, 'SF1709578796', 'NULL');
INSERT INTO overhaulRecord
VALUES ('O1052289656', 'FC844584121', 'NULL', 20960704025910, 'SF2110164235', 'NULL');
INSERT INTO overhaulRecord
VALUES ('O1055853295', 'FC1859244640', 'NULL', 20281221114925, 'SF608473196', 'NULL');
INSERT INTO overhaulRecord
VALUES ('O1057309865', 'FC438595058', 'NULL', 20360427000623, 'SF1443696079', 'NULL');
INSERT INTO overhaulRecord
VALUES ('O1058583291', 'FC808003511', 'NULL', 20350126191256, 'SF67306935', 'NULL');
INSERT INTO overhaulRecord
VALUES ('O1061362419', 'FC1794825599', 'NULL', 20010517033113, 'SF809675534', 'NULL');
INSERT INTO overhaulRecord
VALUES ('O1061384561', 'FC119064071', 'NULL', 20750718080616, 'SF1987814724', 'NULL');
INSERT INTO overhaulRecord
VALUES ('O1063151367', 'FC718751206', 'NULL', 20440503200548, 'SF1757995487', 'NULL');
INSERT INTO overhaulRecord
VALUES ('O1063548074', 'FC1404838835', 'NULL', 20251102024224, 'SF205293560', 'NULL');
INSERT INTO overhaulRecord
VALUES ('O1068953904', 'FC390232938', 'NULL', 20791226222335, 'SF1155426710', 'NULL');
INSERT INTO overhaulRecord
VALUES ('O1069206291', 'FC768466144', 'NULL', 20050302131027, 'SF2131836294', 'NULL');
INSERT INTO overhaulRecord
VALUES ('O1070485383', 'FC1132111383', 'NULL', 20831123001908, 'SF1723219020', 'NULL');
INSERT INTO overhaulRecord
VALUES ('O1071320543', 'FC1739897151', 'NULL', 20290901224941, 'SF1651258223', 'NULL');
INSERT INTO overhaulRecord
VALUES ('O1073258150', 'FC1799678499', 'NULL', 20050823140853, 'SF291878158', 'NULL');
INSERT INTO overhaulRecord
VALUES ('O107441851', 'FC18532691', 'NULL', 20851230060720, 'SF809675534', 'NULL');
INSERT INTO overhaulRecord
VALUES ('O1076673278', 'FC1332606752', 'NULL', 20170908223912, 'SF965085361', 'NULL');
INSERT INTO overhaulRecord
VALUES ('O1081240872', 'FC1700498631', 'NULL', 20281111031557, 'SF819718857', 'NULL');
INSERT INTO overhaulRecord
VALUES ('O1082611843', 'FC863652754', 'NULL', 20181213193743, 'SF2081721216', 'NULL');
INSERT INTO overhaulRecord
VALUES ('O1082695083', 'FC730930193', 'NULL', 20950804151143, 'SF1757995487', 'NULL');
INSERT INTO overhaulRecord
VALUES ('O1088262141', 'FC1670916774', 'NULL', 20400719010133, 'SF67306935', 'NULL');
INSERT INTO overhaulRecord
VALUES ('O1097750520', 'FC1575909396', 'NULL', 20960401092606, 'SF291878158', 'NULL');
INSERT INTO overhaulRecord
VALUES ('O1098315877', 'FC1258174960', 'NULL', 20960621164700, 'SF1838239550', 'NULL');
INSERT INTO overhaulRecord
VALUES ('O1101069473', 'FC1757670998', 'NULL', 20590418212228, 'SF2110164235', 'NULL');
INSERT INTO overhaulRecord
VALUES ('O1102586582', 'FC1146069290', 'NULL', 20700824220740, 'SF1760312546', 'NULL');
INSERT INTO overhaulRecord
VALUES ('O1104999179', 'FC114938644', 'NULL', 20290919092559, 'SF2032619573', 'NULL');
INSERT INTO overhaulRecord
VALUES ('O1106820013', 'FC48020448', 'NULL', 20630210051848, 'SF1621971018', 'NULL');
INSERT INTO overhaulRecord
VALUES ('O1109484924', 'FC950676639', 'NULL', 20790407170929, 'SF1155426710', 'NULL');
INSERT INTO overhaulRecord
VALUES ('O1109717365', 'FC790402973', 'NULL', 20751213195555, 'SF1510125838', 'NULL');
INSERT INTO overhaulRecord
VALUES ('O1112073144', 'FC361592037', 'NULL', 20630806014938, 'SF684900388', 'NULL');
INSERT INTO overhaulRecord
VALUES ('O1113718266', 'FC1892912383', 'NULL', 20620808105403, 'SF1177605698', 'NULL');
INSERT INTO overhaulRecord
VALUES ('O1114137540', 'FC428769366', 'NULL', 20210614043906, 'SF1389198663', 'NULL');
INSERT INTO overhaulRecord
VALUES ('O1114479001', 'FC1778555186', 'NULL', 20601128202233, 'SF1723219020', 'NULL');
INSERT INTO overhaulRecord
VALUES ('O1115424854', 'FC1802031965', 'NULL', 20891027151102, 'SF1592371108', 'NULL');
INSERT INTO overhaulRecord
VALUES ('O1117247205', 'FC1808773344', 'NULL', 20651130054412, 'SF1707111159', 'NULL');
INSERT INTO overhaulRecord
VALUES ('O1123661170', 'FC1802565940', 'NULL', 20410822005243, 'SF1929623560', 'NULL');
INSERT INTO overhaulRecord
VALUES ('O1124985705', 'FC493520475', 'NULL', 20800418200612, 'SF2130413404', 'NULL');
INSERT INTO overhaulRecord
VALUES ('O1125303352', 'FC252797744', 'NULL', 20900208072929, 'SF113450204', 'NULL');
INSERT INTO overhaulRecord
VALUES ('O1127429374', 'FC2115086862', 'NULL', 20960816154041, 'SF743551758', 'NULL');
INSERT INTO overhaulRecord
VALUES ('O1128171917', 'FC1761911569', 'NULL', 20791006071552, 'SF71679732', 'NULL');
INSERT INTO overhaulRecord
VALUES ('O1137403398', 'FC160958879', 'NULL', 20120831143650, 'SF205293560', 'NULL');
INSERT INTO overhaulRecord
VALUES ('O1141147769', 'FC2067242828', 'NULL', 20681002050719, 'SF67306935', 'NULL');
INSERT INTO overhaulRecord
VALUES ('O1143381439', 'FC229931028', 'NULL', 20130818030359, 'SF2110164235', 'NULL');
INSERT INTO overhaulRecord
VALUES ('O1146993776', 'FC782330128', 'NULL', 20991126040129, 'SF907234094', 'NULL');
INSERT INTO overhaulRecord
VALUES ('O1148422425', 'FC753008102', 'NULL', 20401115071704, 'SF907234094', 'NULL');
INSERT INTO overhaulRecord
VALUES ('O1153081400', 'FC201412851', 'NULL', 20170623155521, 'SF291878158', 'NULL');
INSERT INTO overhaulRecord
VALUES ('O1157412983', 'FC863701258', 'NULL', 20301223142010, 'SF1510125838', 'NULL');
INSERT INTO overhaulRecord
VALUES ('O1157441896', 'FC1766191807', 'NULL', 20320325100255, 'SF309484508', 'NULL');
INSERT INTO overhaulRecord
VALUES ('O1158663768', 'FC613867600', 'NULL', 20620622082656, 'SF743551758', 'NULL');
INSERT INTO overhaulRecord
VALUES ('O1159706503', 'FC1008419130', 'NULL', 20840226083308, 'SF113450204', 'NULL');
INSERT INTO overhaulRecord
VALUES ('O1160436383', 'FC1353246464', 'NULL', 20720302010651, 'SF1707111159', 'NULL');
INSERT INTO overhaulRecord
VALUES ('O1161729235', 'FC1123103673', 'NULL', 20500814162126, 'SF1443696079', 'NULL');
INSERT INTO overhaulRecord
VALUES ('O1165824838', 'FC1436191931', 'NULL', 20870106011205, 'SF1592371108', 'NULL');
INSERT INTO overhaulRecord
VALUES ('O1166031691', 'FC1263737529', 'NULL', 20731117022446, 'SF71679732', 'NULL');
INSERT INTO overhaulRecord
VALUES ('O1166970009', 'FC782330128', 'NULL', 20550529030631, 'SF1035725393', 'NULL');
INSERT INTO overhaulRecord
VALUES ('O1168309835', 'FC1311187103', 'NULL', 20451027123249, 'SF1177605698', 'NULL');
INSERT INTO overhaulRecord
VALUES ('O1172700165', 'FC380491760', 'NULL', 20540707124040, 'SF1177605698', 'NULL');
INSERT INTO overhaulRecord
VALUES ('O1174411562', 'FC1670916774', 'NULL', 20280504213151, 'SF1443696079', 'NULL');
INSERT INTO overhaulRecord
VALUES ('O1176922065', 'FC1185991055', 'NULL', 20290915122929, 'SF684900388', 'NULL');
INSERT INTO overhaulRecord
VALUES ('O1181469753', 'FC691305136', 'NULL', 20661216133430, 'SF1040003242', 'NULL');
INSERT INTO overhaulRecord
VALUES ('O1181547597', 'FC275880601', 'NULL', 20260201224605, 'SF1443696079', 'NULL');
INSERT INTO overhaulRecord
VALUES ('O1183302098', 'FC373823689', 'NULL', 20150102064451, 'SF667054813', 'NULL');
INSERT INTO overhaulRecord
VALUES ('O1186418113', 'FC2117730682', 'NULL', 20710410192920, 'SF2032619573', 'NULL');
INSERT INTO overhaulRecord
VALUES ('O1187159944', 'FC1436191931', 'NULL', 20210207003016, 'SF1443696079', 'NULL');
INSERT INTO overhaulRecord
VALUES ('O1187311722', 'FC1311187103', 'NULL', 20190827150019, 'SF743551758', 'NULL');
INSERT INTO overhaulRecord
VALUES ('O1187421515', 'FC18789740', 'NULL', 20811027020519, 'SF300732922', 'NULL');
INSERT INTO overhaulRecord
VALUES ('O1187886211', 'FC1625992861', 'NULL', 20910826095647, 'SF106958357', 'NULL');
INSERT INTO overhaulRecord
VALUES ('O1188715747', 'FC518882064', 'NULL', 20960818143626, 'SF1325604751', 'NULL');
INSERT INTO overhaulRecord
VALUES ('O1189199645', 'FC1815092948', 'NULL', 20470418090806, 'SF309484508', 'NULL');
INSERT INTO overhaulRecord
VALUES ('O1197855397', 'FC387259939', 'NULL', 20521010062553, 'SF1325604751', 'NULL');
INSERT INTO overhaulRecord
VALUES ('O1198622628', 'FC1766191807', 'NULL', 20290913122846, 'SF1325240132', 'NULL');
INSERT INTO overhaulRecord
VALUES ('O1199159648', 'FC540137098', 'NULL', 20630302132123, 'SF1929755947', 'NULL');
INSERT INTO overhaulRecord
VALUES ('O1201193716', 'FC139410051', 'NULL', 20730111210607, 'SF2131836294', 'NULL');
INSERT INTO overhaulRecord
VALUES ('O1204029696', 'FC703950462', 'NULL', 20290321022225, 'SF819718857', 'NULL');
INSERT INTO overhaulRecord
VALUES ('O1206263458', 'FC703950462', 'NULL', 20001114032300, 'SF1177605698', 'NULL');
INSERT INTO overhaulRecord
VALUES ('O1206472438', 'FC2078897880', 'NULL', 20641225140945, 'SF1325240132', 'NULL');
INSERT INTO overhaulRecord
VALUES ('O1207527095', 'FC1138786987', 'NULL', 20100330034752, 'SF2130413404', 'NULL');
INSERT INTO overhaulRecord
VALUES ('O1211602840', 'FC166595658', 'NULL', 20720417183151, 'SF1510125838', 'NULL');
INSERT INTO overhaulRecord
VALUES ('O1211998280', 'FC830604863', 'NULL', 20790313085949, 'SF608473196', 'NULL');
INSERT INTO overhaulRecord
VALUES ('O1214111212', 'FC443035299', 'NULL', 20350526125043, 'SF1040003242', 'NULL');
INSERT INTO overhaulRecord
VALUES ('O1214609761', 'FC389697972', 'NULL', 20051124164135, 'SF907234094', 'NULL');
INSERT INTO overhaulRecord
VALUES ('O121577034', 'FC1553967780', 'NULL', 20940626163302, 'SF863234597', 'NULL');
INSERT INTO overhaulRecord
VALUES ('O1215814863', 'FC1849917941', 'NULL', 20040306162109, 'SF749524158', 'NULL');
INSERT INTO overhaulRecord
VALUES ('O1217459608', 'FC501872024', 'NULL', 20110702194545, 'SF1929755947', 'NULL');
INSERT INTO overhaulRecord
VALUES ('O1218365672', 'FC1261971401', 'NULL', 20440827121825, 'SF2110164235', 'NULL');
INSERT INTO overhaulRecord
VALUES ('O1219071546', 'FC101248221', 'NULL', 20830210072816, 'SF1929755947', 'NULL');
INSERT INTO overhaulRecord
VALUES ('O1221875727', 'FC456004867', 'NULL', 20870430170134, 'SF1987814724', 'NULL');
INSERT INTO overhaulRecord
VALUES ('O1223200140', 'FC150798499', 'NULL', 20370607085623, 'SF1155426710', 'NULL');
INSERT INTO overhaulRecord
VALUES ('O1223544949', 'FC1703381795', 'NULL', 20640406075056, 'SF1325604751', 'NULL');
INSERT INTO overhaulRecord
VALUES ('O1226988277', 'FC711559085', 'NULL', 20940315155621, 'SF667054813', 'NULL');
INSERT INTO overhaulRecord
VALUES ('O1227318950', 'FC1964432586', 'NULL', 20750314064911, 'SF2032619573', 'NULL');
INSERT INTO overhaulRecord
VALUES ('O1227820432', 'FC1082856911', 'NULL', 20630429203219, 'SF2130413404', 'NULL');
INSERT INTO overhaulRecord
VALUES ('O1227844017', 'FC760818011', 'NULL', 20180307083607, 'SF1987814724', 'NULL');
INSERT INTO overhaulRecord
VALUES ('O1228938270', 'FC1016778611', 'NULL', 20251207035243, 'SF1651258223', 'NULL');
INSERT INTO overhaulRecord
VALUES ('O12291258', 'FC111484163', 'NULL', 20391202005811, 'SF658493989', 'NULL');
INSERT INTO overhaulRecord
VALUES ('O1233074063', 'FC1549376703', 'NULL', 20090624023232, 'SF1177605698', 'NULL');
INSERT INTO overhaulRecord
VALUES ('O1242445566', 'FC944913062', 'NULL', 20800218225505, 'SF765783780', 'NULL');
INSERT INTO overhaulRecord
VALUES ('O124279360', 'FC391874456', 'NULL', 20640803052050, 'SF1621971018', 'NULL');
INSERT INTO overhaulRecord
VALUES ('O1245071585', 'FC423274092', 'NULL', 20321222005153, 'SF658493989', 'NULL');
INSERT INTO overhaulRecord
VALUES ('O124533691', 'FC1049029642', 'NULL', 20110606123121, 'SF1709578796', 'NULL');
INSERT INTO overhaulRecord
VALUES ('O1246685349', 'FC1129969590', 'NULL', 20910817103807, 'SF71679732', 'NULL');
INSERT INTO overhaulRecord
VALUES ('O124802010', 'FC1333242351', 'NULL', 20810110044421, 'SF658493989', 'NULL');
INSERT INTO overhaulRecord
VALUES ('O1253586627', 'FC936733676', 'NULL', 20150422131026, 'SF749524158', 'NULL');
INSERT INTO overhaulRecord
VALUES ('O1253755380', 'FC1303263302', 'NULL', 20870623062318, 'SF1939583739', 'NULL');
INSERT INTO overhaulRecord
VALUES ('O1256949434', 'FC1661304298', 'NULL', 20480830235148, 'SF1550134583', 'NULL');
INSERT INTO overhaulRecord
VALUES ('O1260355049', 'FC1393400121', 'NULL', 20140511211820, 'SF2110164235', 'NULL');
INSERT INTO overhaulRecord
VALUES ('O1264848822', 'FC1146069290', 'NULL', 20390702084722, 'SF1155426710', 'NULL');
INSERT INTO overhaulRecord
VALUES ('O1269460464', 'FC714935055', 'NULL', 20761018223221, 'SF2110164235', 'NULL');
INSERT INTO overhaulRecord
VALUES ('O1273074715', 'FC1970056498', 'NULL', 20900817234857, 'SF1035725393', 'NULL');
INSERT INTO overhaulRecord
VALUES ('O1274385594', 'FC101248221', 'NULL', 20770831203124, 'SF863234597', 'NULL');
INSERT INTO overhaulRecord
VALUES ('O1277443907', 'FC12285383', 'NULL', 20890828065400, 'SF1760312546', 'NULL');
INSERT INTO overhaulRecord
VALUES ('O1277715502', 'FC2107377057', 'NULL', 20500803153745, 'SF965085361', 'NULL');
INSERT INTO overhaulRecord
VALUES ('O1278212005', 'FC1355674423', 'NULL', 20400228225246, 'SF1939583739', 'NULL');
INSERT INTO overhaulRecord
VALUES ('O1283192522', 'FC1363394694', 'NULL', 20020504133824, 'SF309484508', 'NULL');
INSERT INTO overhaulRecord
VALUES ('O1284586827', 'FC1333242351', 'NULL', 20020802000732, 'SF965085361', 'NULL');
INSERT INTO overhaulRecord
VALUES ('O1285106244', 'FC716055517', 'NULL', 20650520040623, 'SF300732922', 'NULL');
INSERT INTO overhaulRecord
VALUES ('O1285306905', 'FC1700498631', 'NULL', 20240815012318, 'SF1443696079', 'NULL');
INSERT INTO overhaulRecord
VALUES ('O1295677088', 'FC2109483663', 'NULL', 20770627041041, 'SF907234094', 'NULL');
INSERT INTO overhaulRecord
VALUES ('O1297353322', 'FC1660867111', 'NULL', 20890217214650, 'SF2032619573', 'NULL');
INSERT INTO overhaulRecord
VALUES ('O129782428', 'FC546425187', 'NULL', 20570401065653, 'SF1592371108', 'NULL');
INSERT INTO overhaulRecord
VALUES ('O1300506487', 'FC1813910464', 'NULL', 20390329001157, 'SF2032619573', 'NULL');
INSERT INTO overhaulRecord
VALUES ('O1304415347', 'FC39614285', 'NULL', 20060823114155, 'SF1035725393', 'NULL');
INSERT INTO overhaulRecord
VALUES ('O1305169705', 'FC1766191807', 'NULL', 20080514224351, 'SF1035725393', 'NULL');
INSERT INTO overhaulRecord
VALUES ('O1305371200', 'FC874637762', 'NULL', 20050510231733, 'SF291878158', 'NULL');
INSERT INTO overhaulRecord
VALUES ('O1305584121', 'FC114938644', 'NULL', 20541229033020, 'SF798969889', 'NULL');
INSERT INTO overhaulRecord
VALUES ('O1306241196', 'FC539874430', 'NULL', 20760620174702, 'SF1621971018', 'NULL');
INSERT INTO overhaulRecord
VALUES ('O1310765195', 'FC1989708968', 'NULL', 20740824150351, 'SF1929623560', 'NULL');
INSERT INTO overhaulRecord
VALUES ('O1314649630', 'FC302593121', 'NULL', 20570526230617, 'SF1510125838', 'NULL');
INSERT INTO overhaulRecord
VALUES ('O1317119132', 'FC1700067278', 'NULL', 20171127034938, 'SF1651258223', 'NULL');
INSERT INTO overhaulRecord
VALUES ('O1318208286', 'FC1338472414', 'NULL', 20360713191344, 'SF749524158', 'NULL');
INSERT INTO overhaulRecord
VALUES ('O1319004151', 'FC1704264036', 'NULL', 20961118134522, 'SF2032619573', 'NULL');
INSERT INTO overhaulRecord
VALUES ('O1321082129', 'FC1627507784', 'NULL', 20860219080419, 'SF1389198663', 'NULL');
INSERT INTO overhaulRecord
VALUES ('O1321330533', 'FC2112786368', 'NULL', 20810223174939, 'SF300732922', 'NULL');
INSERT INTO overhaulRecord
VALUES ('O1323384744', 'FC1311187103', 'NULL', 20060701110339, 'SF658493989', 'NULL');
INSERT INTO overhaulRecord
VALUES ('O1328338509', 'FC4049846', 'NULL', 20960623133015, 'SF300732922', 'NULL');
INSERT INTO overhaulRecord
VALUES ('O13371333', 'FC1727574362', 'NULL', 20110323130026, 'SF1707111159', 'NULL');
INSERT INTO overhaulRecord
VALUES ('O1339289992', 'FC720516543', 'NULL', 20390610150116, 'SF965085361', 'NULL');
INSERT INTO overhaulRecord
VALUES ('O1340412324', 'FC782330128', 'NULL', 20560506042407, 'SF608473196', 'NULL');
INSERT INTO overhaulRecord
VALUES ('O1340440705', 'FC1849917941', 'NULL', 20000209023146, 'SF300732922', 'NULL');
INSERT INTO overhaulRecord
VALUES ('O134366032', 'FC1757670998', 'NULL', 20710712142517, 'SF743551758', 'NULL');
INSERT INTO overhaulRecord
VALUES ('O1345302265', 'FC696438346', 'NULL', 20520613072741, 'SF667054813', 'NULL');
INSERT INTO overhaulRecord
VALUES ('O1346201048', 'FC1138786987', 'NULL', 20680506092743, 'SF71679732', 'NULL');
INSERT INTO overhaulRecord
VALUES ('O1346528114', 'FC613867600', 'NULL', 20370112133445, 'SF1155426710', 'NULL');
INSERT INTO overhaulRecord
VALUES ('O1353352265', 'FC1964432586', 'NULL', 20540211151358, 'SF1550134583', 'NULL');
INSERT INTO overhaulRecord
VALUES ('O1356666257', 'FC1205727087', 'NULL', 20500612092032, 'SF608473196', 'NULL');
INSERT INTO overhaulRecord
VALUES ('O1357822575', 'FC2101120201', 'NULL', 20641010220415, 'SF749524158', 'NULL');
INSERT INTO overhaulRecord
VALUES ('O1358076168', 'FC592620614', 'NULL', 20750114095447, 'SF965085361', 'NULL');
INSERT INTO overhaulRecord
VALUES ('O1360302866', 'FC1109019594', 'NULL', 20720406040218, 'SF2081721216', 'NULL');
INSERT INTO overhaulRecord
VALUES ('O136481130', 'FC1363394694', 'NULL', 20830907110527, 'SF245676536', 'NULL');
INSERT INTO overhaulRecord
VALUES ('O1371192410', 'FC1987847293', 'NULL', 20771102033333, 'SF2110164235', 'NULL');
INSERT INTO overhaulRecord
VALUES ('O1374226907', 'FC804883924', 'NULL', 20140630180045, 'SF1177605698', 'NULL');
INSERT INTO overhaulRecord
VALUES ('O1376486696', 'FC34979302', 'NULL', 20490228012753, 'SF667054813', 'NULL');
INSERT INTO overhaulRecord
VALUES ('O1379513054', 'FC273317588', 'NULL', 20490327185049, 'SF1389198663', 'NULL');
INSERT INTO overhaulRecord
VALUES ('O1383929453', 'FC178219322', 'NULL', 20390608064416, 'SF1929623560', 'NULL');
INSERT INTO overhaulRecord
VALUES ('O1383978865', 'FC1429695117', 'NULL', 20340806185230, 'SF1592371108', 'NULL');
INSERT INTO overhaulRecord
VALUES ('O13855974', 'FC501658672', 'NULL', 20330504085121, 'SF71679732', 'NULL');
INSERT INTO overhaulRecord
VALUES ('O1386410970', 'FC1284395718', 'NULL', 20000516193410, 'SF309484508', 'NULL');
INSERT INTO overhaulRecord
VALUES ('O1386563624', 'FC1670916774', 'NULL', 20700105155642, 'SF965085361', 'NULL');
INSERT INTO overhaulRecord
VALUES ('O1388672459', 'FC369467091', 'NULL', 20470727101755, 'SF113450204', 'NULL');
INSERT INTO overhaulRecord
VALUES ('O1388844252', 'FC1436191931', 'NULL', 20230503085642, 'SF300732922', 'NULL');
INSERT INTO overhaulRecord
VALUES ('O1393694443', 'FC373969318', 'NULL', 20170706071732, 'SF2131836294', 'NULL');
INSERT INTO overhaulRecord
VALUES ('O1396805120', 'FC1739940936', 'NULL', 20730211135403, 'SF113450204', 'NULL');
INSERT INTO overhaulRecord
VALUES ('O1397365495', 'FC1253405072', 'NULL', 20930531102710, 'SF67306935', 'NULL');
INSERT INTO overhaulRecord
VALUES ('O1397625040', 'FC1345012929', 'NULL', 20820502075438, 'SF1757995487', 'NULL');
INSERT INTO overhaulRecord
VALUES ('O1397698098', 'FC795569450', 'NULL', 20020402073959, 'SF1443696079', 'NULL');
INSERT INTO overhaulRecord
VALUES ('O1399716587', 'FC1791938254', 'NULL', 20150418032358, 'SF907234094', 'NULL');
INSERT INTO overhaulRecord
VALUES ('O1404789471', 'FC914695075', 'NULL', 20740718105855, 'SF1155426710', 'NULL');
INSERT INTO overhaulRecord
VALUES ('O1407637365', 'FC373969318', 'NULL', 20030629141402, 'SF1621971018', 'NULL');
INSERT INTO overhaulRecord
VALUES ('O1409098636', 'FC540137098', 'NULL', 20980524151614, 'SF749524158', 'NULL');
INSERT INTO overhaulRecord
VALUES ('O1410995974', 'FC382513113', 'NULL', 20570716085221, 'SF907234094', 'NULL');
INSERT INTO overhaulRecord
VALUES ('O1411001850', 'FC380491760', 'NULL', 20000324112725, 'SF1389198663', 'NULL');
INSERT INTO overhaulRecord
VALUES ('O141372363', 'FC2061712264', 'NULL', 20881108154735, 'SF798969889', 'NULL');
INSERT INTO overhaulRecord
VALUES ('O1420078407', 'FC959820459', 'NULL', 20201112111134, 'SF907234094', 'NULL');
INSERT INTO overhaulRecord
VALUES ('O142176841', 'FC958383831', 'NULL', 20520211131749, 'SF1035725393', 'NULL');
INSERT INTO overhaulRecord
VALUES ('O142194247', 'FC806754379', 'NULL', 20360805204031, 'SF1325240132', 'NULL');
INSERT INTO overhaulRecord
VALUES ('O1421945413', 'FC796518157', 'NULL', 20571117130905, 'SF1838239550', 'NULL');
INSERT INTO overhaulRecord
VALUES ('O1424195066', 'FC684618215', 'NULL', 20520521082934, 'SF1035725393', 'NULL');
INSERT INTO overhaulRecord
VALUES ('O1424310926', 'FC1108587357', 'NULL', 20761008084930, 'SF106958357', 'NULL');
INSERT INTO overhaulRecord
VALUES ('O1424755971', 'FC410091458', 'NULL', 20290325041835, 'SF1621971018', 'NULL');
INSERT INTO overhaulRecord
VALUES ('O1429380111', 'FC773763217', 'NULL', 20110701170522, 'SF113450204', 'NULL');
INSERT INTO overhaulRecord
VALUES ('O1430940547', 'FC722765007', 'NULL', 20520819063457, 'SF300732922', 'NULL');
INSERT INTO overhaulRecord
VALUES ('O1433205568', 'FC960397227', 'NULL', 20790603012521, 'SF1757995487', 'NULL');
INSERT INTO overhaulRecord
VALUES ('O1438532475', 'FC1757298818', 'NULL', 20220524144338, 'SF667054813', 'NULL');
INSERT INTO overhaulRecord
VALUES ('O1439195801', 'FC98824814', 'NULL', 20231223213336, 'SF1621971018', 'NULL');
INSERT INTO overhaulRecord
VALUES ('O1440263867', 'FC559375786', 'NULL', 20441014041131, 'SF1723219020', 'NULL');
INSERT INTO overhaulRecord
VALUES ('O1446420847', 'FC1027820638', 'NULL', 20290429111302, 'SF1939583739', 'NULL');
INSERT INTO overhaulRecord
VALUES ('O1448278972', 'FC1115776324', 'NULL', 20040211100903, 'SF2032619573', 'NULL');
INSERT INTO overhaulRecord
VALUES ('O1449919802', 'FC93808822', 'NULL', 20691103100802, 'SF1325240132', 'NULL');
INSERT INTO overhaulRecord
VALUES ('O1450085840', 'FC1550616993', 'NULL', 20500824172954, 'SF113450204', 'NULL');
INSERT INTO overhaulRecord
VALUES ('O1450234859', 'FC686038543', 'NULL', 20520827181512, 'SF71679732', 'NULL');
INSERT INTO overhaulRecord
VALUES ('O1451888222', 'FC1357888468', 'NULL', 20960605112947, 'SF2110164235', 'NULL');
INSERT INTO overhaulRecord
VALUES ('O1453218282', 'FC61252768', 'NULL', 20610514173253, 'SF1709578796', 'NULL');
INSERT INTO overhaulRecord
VALUES ('O145326551', 'FC266022614', 'NULL', 20680131144123, 'SF205293560', 'NULL');
INSERT INTO overhaulRecord
VALUES ('O1455511246', 'FC1475762949', 'NULL', 20770903043703, 'SF106958357', 'NULL');
INSERT INTO overhaulRecord
VALUES ('O145719509', 'FC1901033838', 'NULL', 20420420102107, 'SF1040003242', 'NULL');
INSERT INTO overhaulRecord
VALUES ('O1457271337', 'FC1262073346', 'NULL', 20701124012845, 'SF1592371108', 'NULL');
INSERT INTO overhaulRecord
VALUES ('O1458028040', 'FC722765007', 'NULL', 20221123050537, 'SF1760312546', 'NULL');
INSERT INTO overhaulRecord
VALUES ('O1463678781', 'FC2046128496', 'NULL', 20261221150418, 'SF1443696079', 'NULL');
INSERT INTO overhaulRecord
VALUES ('O1466649038', 'FC501872024', 'NULL', 20250824200704, 'SF1939583739', 'NULL');
INSERT INTO overhaulRecord
VALUES ('O1466687223', 'FC680223858', 'NULL', 20120717012253, 'SF1592371108', 'NULL');
INSERT INTO overhaulRecord
VALUES ('O1467120935', 'FC1375543476', 'NULL', 20790830090954, 'SF1939583739', 'NULL');
INSERT INTO overhaulRecord
VALUES ('O1469467915', 'FC648088271', 'NULL', 20790409191946, 'SF113450204', 'NULL');
INSERT INTO overhaulRecord
VALUES ('O1470309700', 'FC1185991055', 'NULL', 20011016125334, 'SF1929755947', 'NULL');
INSERT INTO overhaulRecord
VALUES ('O1481338203', 'FC1119806908', 'NULL', 20031213113305, 'SF2081721216', 'NULL');
INSERT INTO overhaulRecord
VALUES ('O148410676', 'FC2036848345', 'NULL', 20330828213235, 'SF1929623560', 'NULL');
INSERT INTO overhaulRecord
VALUES ('O1486131534', 'FC753008102', 'NULL', 20750124171922, 'SF658493989', 'NULL');
INSERT INTO overhaulRecord
VALUES ('O1487142710', 'FC387259939', 'NULL', 20491106022140, 'SF300732922', 'NULL');
INSERT INTO overhaulRecord
VALUES ('O1490886927', 'FC382513113', 'NULL', 20890729152943, 'SF765783780', 'NULL');
INSERT INTO overhaulRecord
VALUES ('O1490898142', 'FC350182660', 'NULL', 20320920042218, 'SF1651258223', 'NULL');
INSERT INTO overhaulRecord
VALUES ('O1491604004', 'FC1311655690', 'NULL', 20381207043503, 'SF300732922', 'NULL');
INSERT INTO overhaulRecord
VALUES ('O1500223493', 'FC1817561252', 'NULL', 20000126183056, 'SF1443696079', 'NULL');
INSERT INTO overhaulRecord
VALUES ('O1500808471', 'FC711559085', 'NULL', 20300812142037, 'SF1325604751', 'NULL');
INSERT INTO overhaulRecord
VALUES ('O1501368776', 'FC529544905', 'NULL', 20540118023548, 'SF863234597', 'NULL');
INSERT INTO overhaulRecord
VALUES ('O1502796111', 'FC703950462', 'NULL', 20280101233325, 'SF309484508', 'NULL');
INSERT INTO overhaulRecord
VALUES ('O1507248457', 'FC795569450', 'NULL', 20161028163105, 'SF106958357', 'NULL');
INSERT INTO overhaulRecord
VALUES ('O1510376985', 'FC1567249268', 'NULL', 20481125015525, 'SF798969889', 'NULL');
INSERT INTO overhaulRecord
VALUES ('O151143556', 'FC1300292595', 'NULL', 20661111050452, 'SF1757995487', 'NULL');
INSERT INTO overhaulRecord
VALUES ('O1512480579', 'FC449205550', 'NULL', 20701008112253, 'SF1621971018', 'NULL');
INSERT INTO overhaulRecord
VALUES ('O151459563', 'FC284069615', 'NULL', 20660818162145, 'SF1443696079', 'NULL');
INSERT INTO overhaulRecord
VALUES ('O1527446780', 'FC1366688173', 'NULL', 20700106133933, 'SF1723219020', 'NULL');
INSERT INTO overhaulRecord
VALUES ('O1529420050', 'FC391415254', 'NULL', 20440806224756, 'SF1987814724', 'NULL');
INSERT INTO overhaulRecord
VALUES ('O1531989417', 'FC1778555186', 'NULL', 20700125045904, 'SF965085361', 'NULL');
INSERT INTO overhaulRecord
VALUES ('O1532243781', 'FC77357425', 'NULL', 20530705041027, 'SF1550134583', 'NULL');
INSERT INTO overhaulRecord
VALUES ('O1534136768', 'FC758298452', 'NULL', 20260118232224, 'SF2130413404', 'NULL');
INSERT INTO overhaulRecord
VALUES ('O1534575897', 'FC1422643784', 'NULL', 20630812221521, 'SF1550134583', 'NULL');
INSERT INTO overhaulRecord
VALUES ('O1537605029', 'FC1976175701', 'NULL', 20940418123537, 'SF1325604751', 'NULL');
INSERT INTO overhaulRecord
VALUES ('O1539425652', 'FC1675046659', 'NULL', 20991210004242, 'SF907234094', 'NULL');
INSERT INTO overhaulRecord
VALUES ('O1544871002', 'FC575741754', 'NULL', 20661108115640, 'SF809675534', 'NULL');
INSERT INTO overhaulRecord
VALUES ('O1546085737', 'FC1342198566', 'NULL', 20241114213014, 'SF863234597', 'NULL');
INSERT INTO overhaulRecord
VALUES ('O154674579', 'FC1813910464', 'NULL', 20141109023541, 'SF765783780', 'NULL');
INSERT INTO overhaulRecord
VALUES ('O1547993894', 'FC1466928425', 'NULL', 20950107094415, 'SF2131836294', 'NULL');
INSERT INTO overhaulRecord
VALUES ('O1552722309', 'FC908126914', 'NULL', 20230228132422, 'SF749524158', 'NULL');
INSERT INTO overhaulRecord
VALUES ('O1553802255', 'FC2135027446', 'NULL', 20920325202506, 'SF684900388', 'NULL');
INSERT INTO overhaulRecord
VALUES ('O1553825934', 'FC456711557', 'NULL', 20870213183848, 'SF749524158', 'NULL');
INSERT INTO overhaulRecord
VALUES ('O1554726321', 'FC1436191931', 'NULL', 20761206041956, 'SF765783780', 'NULL');
INSERT INTO overhaulRecord
VALUES ('O1557365691', 'FC1534232437', 'NULL', 20060820215221, 'SF658493989', 'NULL');
INSERT INTO overhaulRecord
VALUES ('O1559996925', 'FC761313012', 'NULL', 20570910223322, 'SF608473196', 'NULL');
INSERT INTO overhaulRecord
VALUES ('O1560434876', 'FC2026773860', 'NULL', 20240821190326, 'SF1621971018', 'NULL');
INSERT INTO overhaulRecord
VALUES ('O1560766515', 'FC1944567436', 'NULL', 20340908074221, 'SF765783780', 'NULL');
INSERT INTO overhaulRecord
VALUES ('O1564263551', 'FC299383026', 'NULL', 20160924081802, 'SF106958357', 'NULL');
INSERT INTO overhaulRecord
VALUES ('O1564300041', 'FC1311951681', 'NULL', 20250528141517, 'SF67306935', 'NULL');
INSERT INTO overhaulRecord
VALUES ('O1564351223', 'FC1761911569', 'NULL', 20950330155840, 'SF205293560', 'NULL');
INSERT INTO overhaulRecord
VALUES ('O1565653655', 'FC1622203047', 'NULL', 20911118052507, 'SF749524158', 'NULL');
INSERT INTO overhaulRecord
VALUES ('O1565827928', 'FC1817359345', 'NULL', 20410411205540, 'SF667054813', 'NULL');
INSERT INTO overhaulRecord
VALUES ('O1567872538', 'FC761313012', 'NULL', 20981114034120, 'SF67306935', 'NULL');
INSERT INTO overhaulRecord
VALUES ('O1568694064', 'FC1201090871', 'NULL', 20121127070929, 'SF1929623560', 'NULL');
INSERT INTO overhaulRecord
VALUES ('O1569638384', 'FC1553771415', 'NULL', 20091109132637, 'SF1707111159', 'NULL');
INSERT INTO overhaulRecord
VALUES ('O1570380739', 'FC1791938254', 'NULL', 20890108152835, 'SF309484508', 'NULL');
INSERT INTO overhaulRecord
VALUES ('O157088239', 'FC1972817095', 'NULL', 20330422155721, 'SF743551758', 'NULL');
INSERT INTO overhaulRecord
VALUES ('O1575461088', 'FC252797744', 'NULL', 20400902032349, 'SF1155426710', 'NULL');
INSERT INTO overhaulRecord
VALUES ('O157881763', 'FC670830217', 'NULL', 20460913024530, 'SF1621971018', 'NULL');
INSERT INTO overhaulRecord
VALUES ('O1579154741', 'FC2116410516', 'NULL', 20530704132201, 'SF106958357', 'NULL');
INSERT INTO overhaulRecord
VALUES ('O158263300', 'FC1512576900', 'NULL', 20180417184216, 'SF1707111159', 'NULL');
INSERT INTO overhaulRecord
VALUES ('O1582830851', 'FC575522474', 'NULL', 20861215055321, 'SF658493989', 'NULL');
INSERT INTO overhaulRecord
VALUES ('O1585934080', 'FC842809634', 'NULL', 20730524052642, 'SF1550134583', 'NULL');
INSERT INTO overhaulRecord
VALUES ('O1586845167', 'FC1635015464', 'NULL', 20541230145822, 'SF2032619573', 'NULL');
INSERT INTO overhaulRecord
VALUES ('O1586968239', 'FC356502182', 'NULL', 20850821234721, 'SF1709578796', 'NULL');
INSERT INTO overhaulRecord
VALUES ('O1589261477', 'FC1802565940', 'NULL', 20650101113916, 'SF1325604751', 'NULL');
INSERT INTO overhaulRecord
VALUES ('O1591869606', 'FC1653562723', 'NULL', 20550723002527, 'SF608473196', 'NULL');
INSERT INTO overhaulRecord
VALUES ('O1600408206', 'FC1700498631', 'NULL', 20500318104837, 'SF684900388', 'NULL');
INSERT INTO overhaulRecord
VALUES ('O1601894478', 'FC389786179', 'NULL', 20890317101640, 'SF1709578796', 'NULL');
INSERT INTO overhaulRecord
VALUES ('O1603199417', 'FC1898269053', 'NULL', 20990424092502, 'SF907234094', 'NULL');
INSERT INTO overhaulRecord
VALUES ('O1603342598', 'FC2107377057', 'NULL', 20860201212938, 'SF1510125838', 'NULL');
INSERT INTO overhaulRecord
VALUES ('O1603356929', 'FC422551749', 'NULL', 20060318185219, 'SF309484508', 'NULL');
INSERT INTO overhaulRecord
VALUES ('O1604400627', 'FC2077829743', 'NULL', 20310330144023, 'SF1621971018', 'NULL');
INSERT INTO overhaulRecord
VALUES ('O1605375558', 'FC633330408', 'NULL', 20670709003000, 'SF205293560', 'NULL');
INSERT INTO overhaulRecord
VALUES ('O1605725890', 'FC480276375', 'NULL', 20300823221306, 'SF907234094', 'NULL');
INSERT INTO overhaulRecord
VALUES ('O1605946003', 'FC1670916774', 'NULL', 20630812092455, 'SF1155426710', 'NULL');
INSERT INTO overhaulRecord
VALUES ('O1607034799', 'FC354310369', 'NULL', 20411109165443, 'SF2032619573', 'NULL');
INSERT INTO overhaulRecord
VALUES ('O1608701776', 'FC529544905', 'NULL', 20520925115524, 'SF1723219020', 'NULL');
INSERT INTO overhaulRecord
VALUES ('O1608770527', 'FC1778555186', 'NULL', 20360725081907, 'SF1929623560', 'NULL');
INSERT INTO overhaulRecord
VALUES ('O1609262719', 'FC160068280', 'NULL', 20240831004502, 'SF749524158', 'NULL');
INSERT INTO overhaulRecord
VALUES ('O1609332644', 'FC34084498', 'NULL', 20621218153221, 'SF1592371108', 'NULL');
INSERT INTO overhaulRecord
VALUES ('O1609397476', 'FC518882064', 'NULL', 20680606090231, 'SF2032619573', 'NULL');
INSERT INTO overhaulRecord
VALUES ('O1612827523', 'FC844584121', 'NULL', 20000729173507, 'SF1155426710', 'NULL');
INSERT INTO overhaulRecord
VALUES ('O1613825171', 'FC187532596', 'NULL', 20280801233628, 'SF1389198663', 'NULL');
INSERT INTO overhaulRecord
VALUES ('O1614916446', 'FC690901661', 'NULL', 20960208112318, 'SF1707111159', 'NULL');
INSERT INTO overhaulRecord
VALUES ('O1615932074', 'FC722765007', 'NULL', 20960924121312, 'SF1510125838', 'NULL');
INSERT INTO overhaulRecord
VALUES ('O1616772424', 'FC1586474201', 'NULL', 20350723104728, 'SF809675534', 'NULL');
INSERT INTO overhaulRecord
VALUES ('O1618078928', 'FC2116028761', 'NULL', 20680322014707, 'SF1939583739', 'NULL');
INSERT INTO overhaulRecord
VALUES ('O1618353594', 'FC238407028', 'NULL', 20951019191555, 'SF2130413404', 'NULL');
INSERT INTO overhaulRecord
VALUES ('O1624993317', 'FC1201008709', 'NULL', 20530413183121, 'SF1760312546', 'NULL');
INSERT INTO overhaulRecord
VALUES ('O1629568941', 'FC753008102', 'NULL', 20630422045525, 'SF1325240132', 'NULL');
INSERT INTO overhaulRecord
VALUES ('O1629774971', 'FC1190913939', 'NULL', 20980101182707, 'SF608473196', 'NULL');
INSERT INTO overhaulRecord
VALUES ('O1630247094', 'FC1128043337', 'NULL', 20980707234453, 'SF1621971018', 'NULL');
INSERT INTO overhaulRecord
VALUES ('O1631396310', 'FC1073693765', 'NULL', 20101127112021, 'SF245676536', 'NULL');
INSERT INTO overhaulRecord
VALUES ('O1633604711', 'FC1704264036', 'NULL', 20640219011834, 'SF1838239550', 'NULL');
INSERT INTO overhaulRecord
VALUES ('O1640892226', 'FC387259939', 'NULL', 20471210080732, 'SF1325604751', 'NULL');
INSERT INTO overhaulRecord
VALUES ('O1644584601', 'FC449205550', 'NULL', 20480728200556, 'SF2081721216', 'NULL');
INSERT INTO overhaulRecord
VALUES ('O1645027306', 'FC111484163', 'NULL', 20581107144924, 'SF1987814724', 'NULL');
INSERT INTO overhaulRecord
VALUES ('O1646972032', 'FC308067134', 'NULL', 20280221065459, 'SF809675534', 'NULL');
INSERT INTO overhaulRecord
VALUES ('O1646979422', 'FC1080358251', 'NULL', 20050218091217, 'SF1443696079', 'NULL');
INSERT INTO overhaulRecord
VALUES ('O1649279355', 'FC160958879', 'NULL', 20480109162249, 'SF2032619573', 'NULL');
INSERT INTO overhaulRecord
VALUES ('O1652566138', 'FC1038729243', 'NULL', 20031031201144, 'SF863234597', 'NULL');
INSERT INTO overhaulRecord
VALUES ('O165388548', 'FC835024385', 'NULL', 20640522070339, 'SF965085361', 'NULL');
INSERT INTO overhaulRecord
VALUES ('O1653996567', 'FC714935055', 'NULL', 20471226050436, 'SF819718857', 'NULL');
INSERT INTO overhaulRecord
VALUES ('O165410918', 'FC606889172', 'NULL', 20660530024929, 'SF113450204', 'NULL');
INSERT INTO overhaulRecord
VALUES ('O1655901200', 'FC1649794852', 'NULL', 20950422163242, 'SF1707111159', 'NULL');
INSERT INTO overhaulRecord
VALUES ('O1663782491', 'FC391415254', 'NULL', 20571217044945, 'SF1040003242', 'NULL');
INSERT INTO overhaulRecord
VALUES ('O1665339057', 'FC1660867111', 'NULL', 20620908093005, 'SF1510125838', 'NULL');
INSERT INTO overhaulRecord
VALUES ('O1668517249', 'FC2135027446', 'NULL', 20880325053145, 'SF658493989', 'NULL');
INSERT INTO overhaulRecord
VALUES ('O1670791337', 'FC1332226941', 'NULL', 20040216133439, 'SF1838239550', 'NULL');
INSERT INTO overhaulRecord
VALUES ('O1680988982', 'FC698993712', 'NULL', 20850331082643, 'SF1325240132', 'NULL');
INSERT INTO overhaulRecord
VALUES ('O1683471905', 'FC842809634', 'NULL', 20810727011054, 'SF2032619573', 'NULL');
INSERT INTO overhaulRecord
VALUES ('O1685360350', 'FC1154574010', 'NULL', 20251230013044, 'SF1929755947', 'NULL');
INSERT INTO overhaulRecord
VALUES ('O1685479355', 'FC1955750804', 'NULL', 20891011234558, 'SF1709578796', 'NULL');
INSERT INTO overhaulRecord
VALUES ('O1686939042', 'FC387259939', 'NULL', 20541114000248, 'SF205293560', 'NULL');
INSERT INTO overhaulRecord
VALUES ('O1687667489', 'FC1338472414', 'NULL', 20441115053426, 'SF1035725393', 'NULL');
INSERT INTO overhaulRecord
VALUES ('O1691144745', 'FC1980148188', 'NULL', 20360305164203, 'SF2110164235', 'NULL');
INSERT INTO overhaulRecord
VALUES ('O1691974801', 'FC1802344363', 'NULL', 20121027215742, 'SF1987814724', 'NULL');
INSERT INTO overhaulRecord
VALUES ('O1692496031', 'FC1353246464', 'NULL', 20701130021030, 'SF1838239550', 'NULL');
INSERT INTO overhaulRecord
VALUES ('O1692537523', 'FC1984595099', 'NULL', 20280814074728, 'SF1325240132', 'NULL');
INSERT INTO overhaulRecord
VALUES ('O1695982513', 'FC988289445', 'NULL', 20141222214626, 'SF1443696079', 'NULL');
INSERT INTO overhaulRecord
VALUES ('O1699861924', 'FC2078536631', 'NULL', 20201123113938, 'SF667054813', 'NULL');
INSERT INTO overhaulRecord
VALUES ('O1702574804', 'FC1703381795', 'NULL', 20500721224022, 'SF684900388', 'NULL');
INSERT INTO overhaulRecord
VALUES ('O1706351762', 'FC1143113191', 'NULL', 20361005045945, 'SF1040003242', 'NULL');
INSERT INTO overhaulRecord
VALUES ('O1709396624', 'FC1154574010', 'NULL', 20150831083139, 'SF291878158', 'NULL');
INSERT INTO overhaulRecord
VALUES ('O1711177760', 'FC1279452620', 'NULL', 20051130051453, 'SF749524158', 'NULL');
INSERT INTO overhaulRecord
VALUES ('O1711395648', 'FC2022564358', 'NULL', 20581217064520, 'SF1550134583', 'NULL');
INSERT INTO overhaulRecord
VALUES ('O1713139920', 'FC1357888468', 'NULL', 20440302073958, 'SF765783780', 'NULL');
INSERT INTO overhaulRecord
VALUES ('O1713765056', 'FC512263469', 'NULL', 20910814001030, 'SF608473196', 'NULL');
INSERT INTO overhaulRecord
VALUES ('O1718608043', 'FC1025471864', 'NULL', 20580420002452, 'SF1177605698', 'NULL');
INSERT INTO overhaulRecord
VALUES ('O1719235917', 'FC354310369', 'NULL', 20450123154854, 'SF798969889', 'NULL');
INSERT INTO overhaulRecord
VALUES ('O1719980576', 'FC1300292595', 'NULL', 20270718171717, 'SF743551758', 'NULL');
INSERT INTO overhaulRecord
VALUES ('O1721503000', 'FC1357888468', 'NULL', 20220216023604, 'SF863234597', 'NULL');
INSERT INTO overhaulRecord
VALUES ('O1725630316', 'FC539874430', 'NULL', 20151023123344, 'SF1040003242', 'NULL');
INSERT INTO overhaulRecord
VALUES ('O1729955260', 'FC698600134', 'NULL', 20551021072631, 'SF1929755947', 'NULL');
INSERT INTO overhaulRecord
VALUES ('O1731009407', 'FC1073693765', 'NULL', 20590112173953, 'SF1592371108', 'NULL');
INSERT INTO overhaulRecord
VALUES ('O1732960129', 'FC2135027446', 'NULL', 20620528041953, 'SF245676536', 'NULL');
INSERT INTO overhaulRecord
VALUES ('O1733415751', 'FC1859244640', 'NULL', 20130227123132, 'SF1325604751', 'NULL');
INSERT INTO overhaulRecord
VALUES ('O1733990044', 'FC475002710', 'NULL', 20871213175736, 'SF1155426710', 'NULL');
INSERT INTO overhaulRecord
VALUES ('O1735430695', 'FC1429695117', 'NULL', 20831004074813, 'SF71679732', 'NULL');
INSERT INTO overhaulRecord
VALUES ('O1737098654', 'FC391415254', 'NULL', 20980506160902, 'SF749524158', 'NULL');
INSERT INTO overhaulRecord
VALUES ('O1738266212', 'FC730930193', 'NULL', 20851101212854, 'SF1929623560', 'NULL');
INSERT INTO overhaulRecord
VALUES ('O1742215641', 'FC2106441839', 'NULL', 20331104151400, 'SF667054813', 'NULL');
INSERT INTO overhaulRecord
VALUES ('O1744266827', 'FC789362114', 'NULL', 20840902072439, 'SF1550134583', 'NULL');
INSERT INTO overhaulRecord
VALUES ('O1746485750', 'FC439669233', 'NULL', 20220307122702, 'SF245676536', 'NULL');
INSERT INTO overhaulRecord
VALUES ('O1749437842', 'FC1475580774', 'NULL', 20770713071316, 'SF1177605698', 'NULL');
INSERT INTO overhaulRecord
VALUES ('O1751325218', 'FC1364834006', 'NULL', 20490924170356, 'SF819718857', 'NULL');
INSERT INTO overhaulRecord
VALUES ('O1753046253', 'FC606889172', 'NULL', 20520330140120, 'SF1939583739', 'NULL');
INSERT INTO overhaulRecord
VALUES ('O1754421159', 'FC1146069290', 'NULL', 20210618154252, 'SF205293560', 'NULL');
INSERT INTO overhaulRecord
VALUES ('O1754569420', 'FC697062303', 'NULL', 20350313181158, 'SF1987814724', 'NULL');
INSERT INTO overhaulRecord
VALUES ('O1755497863', 'FC769165088', 'NULL', 20351203035944, 'SF743551758', 'NULL');
INSERT INTO overhaulRecord
VALUES ('O1755718087', 'FC1329181129', 'NULL', 20980116023356, 'SF1510125838', 'NULL');
INSERT INTO overhaulRecord
VALUES ('O1757646950', 'FC1422339009', 'NULL', 20580218172056, 'SF684900388', 'NULL');
INSERT INTO overhaulRecord
VALUES ('O1758177368', 'FC959820459', 'NULL', 20361108020424, 'SF1757995487', 'NULL');
INSERT INTO overhaulRecord
VALUES ('O1758929568', 'FC449205550', 'NULL', 20110430183721, 'SF1760312546', 'NULL');
INSERT INTO overhaulRecord
VALUES ('O1760635926', 'FC1138786987', 'NULL', 20820123074128, 'SF1040003242', 'NULL');
INSERT INTO overhaulRecord
VALUES ('O1762377241', 'FC529544905', 'NULL', 20440917175252, 'SF1155426710', 'NULL');
INSERT INTO overhaulRecord
VALUES ('O1762785003', 'FC914695075', 'NULL', 20321228134657, 'SF1838239550', 'NULL');
INSERT INTO overhaulRecord
VALUES ('O1763303138', 'FC1739897151', 'NULL', 20920417180814, 'SF291878158', 'NULL');
INSERT INTO overhaulRecord
VALUES ('O1763398010', 'FC1586474201', 'NULL', 20130823115605, 'SF1929623560', 'NULL');
INSERT INTO overhaulRecord
VALUES ('O1765550626', 'FC1142982733', 'NULL', 20850712033118, 'SF1550134583', 'NULL');
INSERT INTO overhaulRecord
VALUES ('O1768328905', 'FC790402973', 'NULL', 20730329200631, 'SF205293560', 'NULL');
INSERT INTO overhaulRecord
VALUES ('O1769184928', 'FC814659773', 'NULL', 20490411064828, 'SF71679732', 'NULL');
INSERT INTO overhaulRecord
VALUES ('O1772998774', 'FC380491760', 'NULL', 20591209094012, 'SF309484508', 'NULL');
INSERT INTO overhaulRecord
VALUES ('O177526290', 'FC1611249506', 'NULL', 20480401130005, 'SF1760312546', 'NULL');
INSERT INTO overhaulRecord
VALUES ('O1782092709', 'FC93808822', 'NULL', 20870522011637, 'SF1707111159', 'NULL');
INSERT INTO overhaulRecord
VALUES ('O1787131559', 'FC512263469', 'NULL', 20610312223419, 'SF1510125838', 'NULL');
INSERT INTO overhaulRecord
VALUES ('O1787332239', 'FC789362114', 'NULL', 20800129042802, 'SF1929623560', 'NULL');
INSERT INTO overhaulRecord
VALUES ('O1787648598', 'FC391415254', 'NULL', 20170802075612, 'SF2131836294', 'NULL');
INSERT INTO overhaulRecord
VALUES ('O1788465103', 'FC2061712264', 'NULL', 20870725031459, 'SF1155426710', 'NULL');
INSERT INTO overhaulRecord
VALUES ('O1791398498', 'FC308067134', 'NULL', 20160519091959, 'SF2081721216', 'NULL');
INSERT INTO overhaulRecord
VALUES ('O1792212478', 'FC369467091', 'NULL', 20750626100055, 'SF1592371108', 'NULL');
INSERT INTO overhaulRecord
VALUES ('O179389140', 'FC307467362', 'NULL', 20020105125821, 'SF245676536', 'NULL');
INSERT INTO overhaulRecord
VALUES ('O1794856695', 'FC88697771', 'NULL', 20030606032142, 'SF1651258223', 'NULL');
INSERT INTO overhaulRecord
VALUES ('O1795565765', 'FC1647711135', 'NULL', 20131116013214, 'SF863234597', 'NULL');
INSERT INTO overhaulRecord
VALUES ('O1795668453', 'FC1972817095', 'NULL', 20700922185112, 'SF1592371108', 'NULL');
INSERT INTO overhaulRecord
VALUES ('O1796632210', 'FC1852906734', 'NULL', 20080117185257, 'SF765783780', 'NULL');
INSERT INTO overhaulRecord
VALUES ('O1796896672', 'FC1393400121', 'NULL', 20560111130552, 'SF205293560', 'NULL');
INSERT INTO overhaulRecord
VALUES ('O1799127981', 'FC187532596', 'NULL', 20330522060654, 'SF1709578796', 'NULL');
INSERT INTO overhaulRecord
VALUES ('O1803231915', 'FC1744868006', 'NULL', 20250119213251, 'SF684900388', 'NULL');
INSERT INTO overhaulRecord
VALUES ('O1811883797', 'FC760818011', 'NULL', 20120701231311, 'SF1040003242', 'NULL');
INSERT INTO overhaulRecord
VALUES ('O181469844', 'FC1082856911', 'NULL', 20290623224410, 'SF67306935', 'NULL');
INSERT INTO overhaulRecord
VALUES ('O1817579718', 'FC1703381795', 'NULL', 20871229043125, 'SF819718857', 'NULL');
INSERT INTO overhaulRecord
VALUES ('O1822568706', 'FC1512576900', 'NULL', 20751218204225, 'SF1550134583', 'NULL');
INSERT INTO overhaulRecord
VALUES ('O1822917290', 'FC390232938', 'NULL', 20380709055028, 'SF291878158', 'NULL');
INSERT INTO overhaulRecord
VALUES ('O1826711075', 'FC843783515', 'NULL', 20250810190306, 'SF1723219020', 'NULL');
INSERT INTO overhaulRecord
VALUES ('O1826876130', 'FC829922848', 'NULL', 20760713135514, 'SF1177605698', 'NULL');
INSERT INTO overhaulRecord
VALUES ('O1827487684', 'FC1618055916', 'NULL', 20460102114858, 'SF1757995487', 'NULL');
INSERT INTO overhaulRecord
VALUES ('O1827555429', 'FC1892912383', 'NULL', 20011130165544, 'SF798969889', 'NULL');
INSERT INTO overhaulRecord
VALUES ('O1827820583', 'FC1224052293', 'NULL', 20700704181034, 'SF2110164235', 'NULL');
INSERT INTO overhaulRecord
VALUES ('O1828498459', 'FC93996380', 'NULL', 20590719233952, 'SF1651258223', 'NULL');
INSERT INTO overhaulRecord
VALUES ('O183431876', 'FC890967272', 'NULL', 20520105115723, 'SF658493989', 'NULL');
INSERT INTO overhaulRecord
VALUES ('O1836082465', 'FC1975224115', 'NULL', 20620719200350, 'SF1325604751', 'NULL');
INSERT INTO overhaulRecord
VALUES ('O1836336649', 'FC275085676', 'NULL', 20550703204028, 'SF608473196', 'NULL');
INSERT INTO overhaulRecord
VALUES ('O1839175661', 'FC410091458', 'NULL', 20040722073559, 'SF205293560', 'NULL');
INSERT INTO overhaulRecord
VALUES ('O1839450235', 'FC1622203047', 'NULL', 20641002070440, 'SF1510125838', 'NULL');
INSERT INTO overhaulRecord
VALUES ('O1842019939', 'FC438595058', 'NULL', 20140121175826, 'SF300732922', 'NULL');
INSERT INTO overhaulRecord
VALUES ('O1843950401', 'FC243179514', 'NULL', 20140120020546, 'SF1155426710', 'NULL');
INSERT INTO overhaulRecord
VALUES ('O1845173990', 'FC1262073346', 'NULL', 20301215001043, 'SF1040003242', 'NULL');
INSERT INTO overhaulRecord
VALUES ('O1845259081', 'FC804883924', 'NULL', 20960716001042, 'SF809675534', 'NULL');
INSERT INTO overhaulRecord
VALUES ('O1845465512', 'FC58385156', 'NULL', 20260515025348, 'SF684900388', 'NULL');
INSERT INTO overhaulRecord
VALUES ('O1849810501', 'FC1501830823', 'NULL', 20990912172007, 'SF1760312546', 'NULL');
INSERT INTO overhaulRecord
VALUES ('O1851703967', 'FC2136889632', 'NULL', 20370505185852, 'SF67306935', 'NULL');
INSERT INTO overhaulRecord
VALUES ('O1851743998', 'FC1766191807', 'NULL', 20371126050445, 'SF1723219020', 'NULL');
INSERT INTO overhaulRecord
VALUES ('O1853899936', 'FC539874430', 'NULL', 20630606231523, 'SF1757995487', 'NULL');
INSERT INTO overhaulRecord
VALUES ('O1853993045', 'FC1284395718', 'NULL', 20301014001532, 'SF1550134583', 'NULL');
INSERT INTO overhaulRecord
VALUES ('O1854840089', 'FC1142982733', 'NULL', 20390513080203, 'SF1325604751', 'NULL');
INSERT INTO overhaulRecord
VALUES ('O1856893865', 'FC411608763', 'NULL', 20080414075009, 'SF1510125838', 'NULL');
INSERT INTO overhaulRecord
VALUES ('O1856998052', 'FC712571332', 'NULL', 20380720144911, 'SF1389198663', 'NULL');
INSERT INTO overhaulRecord
VALUES ('O1859380470', 'FC178219322', 'NULL', 20410206005905, 'SF1389198663', 'NULL');
INSERT INTO overhaulRecord
VALUES ('O1859829638', 'FC504156436', 'NULL', 20650418022000, 'SF965085361', 'NULL');
INSERT INTO overhaulRecord
VALUES ('O1860676015', 'FC1505745006', 'NULL', 20020716005841, 'SF608473196', 'NULL');
INSERT INTO overhaulRecord
VALUES ('O1860792591', 'FC284069615', 'NULL', 20430813161150, 'SF863234597', 'NULL');
INSERT INTO overhaulRecord
VALUES ('O1863991791', 'FC1205727087', 'NULL', 20930518033719, 'SF1389198663', 'NULL');
INSERT INTO overhaulRecord
VALUES ('O186628924', 'FC1872161865', 'NULL', 20250105222428, 'SF863234597', 'NULL');
INSERT INTO overhaulRecord
VALUES ('O1866419371', 'FC743937993', 'NULL', 20770619094124, 'SF798969889', 'NULL');
INSERT INTO overhaulRecord
VALUES ('O1866687656', 'FC2135027446', 'NULL', 20021027235522, 'SF2131836294', 'NULL');
INSERT INTO overhaulRecord
VALUES ('O1871713294', 'FC1670916774', 'NULL', 20230422203444, 'SF749524158', 'NULL');
INSERT INTO overhaulRecord
VALUES ('O1872629980', 'FC387987097', 'NULL', 20020130042200, 'SF291878158', 'NULL');
INSERT INTO overhaulRecord
VALUES ('O1872972228', 'FC103781177', 'NULL', 20120905130934, 'SF1709578796', 'NULL');
INSERT INTO overhaulRecord
VALUES ('O1875455761', 'FC18789740', 'NULL', 20990721010501, 'SF1709578796', 'NULL');
INSERT INTO overhaulRecord
VALUES ('O1877619944', 'FC501658672', 'NULL', 20001212091108, 'SF1621971018', 'NULL');
INSERT INTO overhaulRecord
VALUES ('O1880952882', 'FC1138786987', 'NULL', 20211220035456, 'SF743551758', 'NULL');
INSERT INTO overhaulRecord
VALUES ('O1885730227', 'FC578636935', 'NULL', 20881220211022, 'SF1443696079', 'NULL');
INSERT INTO overhaulRecord
VALUES ('O188660278', 'FC786334180', 'NULL', 20300927202839, 'SF684900388', 'NULL');
INSERT INTO overhaulRecord
VALUES ('O1888926277', 'FC2130712128', 'NULL', 20770204122854, 'SF743551758', 'NULL');
INSERT INTO overhaulRecord
VALUES ('O1889074579', 'FC1634093083', 'NULL', 20501224110302, 'SF1838239550', 'NULL');
INSERT INTO overhaulRecord
VALUES ('O1889317223', 'FC1817561252', 'NULL', 20310303104414, 'SF965085361', 'NULL');
INSERT INTO overhaulRecord
VALUES ('O1892167756', 'FC1627507784', 'NULL', 20610511213525, 'SF1325604751', 'NULL');
INSERT INTO overhaulRecord
VALUES ('O1892252852', 'FC888985167', 'NULL', 20030908213923, 'SF1155426710', 'NULL');
INSERT INTO overhaulRecord
VALUES ('O1892538082', 'FC1486133598', 'NULL', 20430118125205, 'SF1592371108', 'NULL');
INSERT INTO overhaulRecord
VALUES ('O189344262', 'FC1766191807', 'NULL', 20531025012603, 'SF1939583739', 'NULL');
INSERT INTO overhaulRecord
VALUES ('O1897880224', 'FC1303263302', 'NULL', 20231226052948, 'SF113450204', 'NULL');
INSERT INTO overhaulRecord
VALUES ('O1901744032', 'FC909103337', 'NULL', 20041112012046, 'SF2130413404', 'NULL');
INSERT INTO overhaulRecord
VALUES ('O1909840495', 'FC918635540', 'NULL', 20290829060218, 'SF2032619573', 'NULL');
INSERT INTO overhaulRecord
VALUES ('O191279169', 'FC1429473779', 'NULL', 20461029114445, 'SF1651258223', 'NULL');
INSERT INTO overhaulRecord
VALUES ('O1912823303', 'FC1549351073', 'NULL', 20921111064450, 'SF1929755947', 'NULL');
INSERT INTO overhaulRecord
VALUES ('O1913014934', 'FC373823689', 'NULL', 20381029172225, 'SF667054813', 'NULL');
INSERT INTO overhaulRecord
VALUES ('O1915722528', 'FC1989708968', 'NULL', 20100728014320, 'SF2081721216', 'NULL');
INSERT INTO overhaulRecord
VALUES ('O1917274512', 'FC1385073133', 'NULL', 20020410070431, 'SF1838239550', 'NULL');
INSERT INTO overhaulRecord
VALUES ('O1918054188', 'FC2116028761', 'NULL', 20270726102907, 'SF1325604751', 'NULL');
INSERT INTO overhaulRecord
VALUES ('O1919227075', 'FC808003511', 'NULL', 20100122103037, 'SF743551758', 'NULL');
INSERT INTO overhaulRecord
VALUES ('O1920039776', 'FC1102027199', 'NULL', 20930605194252, 'SF765783780', 'NULL');
INSERT INTO overhaulRecord
VALUES ('O1920806929', 'FC1575909396', 'NULL', 20420520035353, 'SF658493989', 'NULL');
INSERT INTO overhaulRecord
VALUES ('O192599529', 'FC796518157', 'NULL', 20800325145335, 'SF2032619573', 'NULL');
INSERT INTO overhaulRecord
VALUES ('O1927205777', 'FC1163070674', 'NULL', 20650910061934, 'SF1651258223', 'NULL');
INSERT INTO overhaulRecord
VALUES ('O1928578429', 'FC814659773', 'NULL', 20690313110554, 'SF309484508', 'NULL');
INSERT INTO overhaulRecord
VALUES ('O1930113731', 'FC1342198566', 'NULL', 20880412190141, 'SF1550134583', 'NULL');
INSERT INTO overhaulRecord
VALUES ('O193284183', 'FC201412851', 'NULL', 20950205011826, 'SF1651258223', 'NULL');
INSERT INTO overhaulRecord
VALUES ('O1933022902', 'FC1872161865', 'NULL', 20121205091108, 'SF1035725393', 'NULL');
INSERT INTO overhaulRecord
VALUES ('O1935802200', 'FC1107165111', 'NULL', 20330216172336, 'SF1757995487', 'NULL');
INSERT INTO overhaulRecord
VALUES ('O1936654688', 'FC1352128509', 'NULL', 20820729125202, 'SF205293560', 'NULL');
INSERT INTO overhaulRecord
VALUES ('O1939124234', 'FC1808773344', 'NULL', 20171114230239, 'SF1929755947', 'NULL');
INSERT INTO overhaulRecord
VALUES ('O1939230557', 'FC790402973', 'NULL', 20120917145652, 'SF2081721216', 'NULL');
INSERT INTO overhaulRecord
VALUES ('O1939538954', 'FC1574242805', 'NULL', 20170413103841, 'SF1443696079', 'NULL');
INSERT INTO overhaulRecord
VALUES ('O1940997988', 'FC8449931', 'NULL', 20130814082019, 'SF300732922', 'NULL');
INSERT INTO overhaulRecord
VALUES ('O1941481242', 'FC200451224', 'NULL', 20161227100023, 'SF965085361', 'NULL');
INSERT INTO overhaulRecord
VALUES ('O1943527528', 'FC1341725892', 'NULL', 20280201150808, 'SF2081721216', 'NULL');
INSERT INTO overhaulRecord
VALUES ('O1944074938', 'FC356502182', 'NULL', 20100704184436, 'SF2130413404', 'NULL');
INSERT INTO overhaulRecord
VALUES ('O1944816090', 'FC1554121466', 'NULL', 20661205211625, 'SF1760312546', 'NULL');
INSERT INTO overhaulRecord
VALUES ('O1944921462', 'FC1422643784', 'NULL', 20430324215950, 'SF1040003242', 'NULL');
INSERT INTO overhaulRecord
VALUES ('O1945603716', 'FC145504712', 'NULL', 20510518184348, 'SF1709578796', 'NULL');
INSERT INTO overhaulRecord
VALUES ('O1948286724', 'FC518882064', 'NULL', 20020128094318, 'SF2081721216', 'NULL');
INSERT INTO overhaulRecord
VALUES ('O1948924041', 'FC2078536631', 'NULL', 20370101004904, 'SF798969889', 'NULL');
INSERT INTO overhaulRecord
VALUES ('O1950284983', 'FC1647711135', 'NULL', 20441115155316, 'SF113450204', 'NULL');
INSERT INTO overhaulRecord
VALUES ('O1954060921', 'FC102323367', 'NULL', 20340625101351, 'SF1929623560', 'NULL');
INSERT INTO overhaulRecord
VALUES ('O1954533402', 'FC1109019594', 'NULL', 20130304192102, 'SF1325240132', 'NULL');
INSERT INTO overhaulRecord
VALUES ('O1955706918', 'FC111484163', 'NULL', 20420818112619, 'SF1651258223', 'NULL');
INSERT INTO overhaulRecord
VALUES ('O195820266', 'FC299383026', 'NULL', 20590115182127, 'SF1709578796', 'NULL');
INSERT INTO overhaulRecord
VALUES ('O1958871937', 'FC1852906734', 'NULL', 20990508221418, 'SF667054813', 'NULL');
INSERT INTO overhaulRecord
VALUES ('O1959906483', 'FC924108568', 'NULL', 20580429055619, 'SF1929755947', 'NULL');
INSERT INTO overhaulRecord
VALUES ('O196133123', 'FC229931028', 'NULL', 20321205145036, 'SF1707111159', 'NULL');
INSERT INTO overhaulRecord
VALUES ('O1963481868', 'FC1852906734', 'NULL', 20060220092049, 'SF608473196', 'NULL');
INSERT INTO overhaulRecord
VALUES ('O1963753825', 'FC1553967780', 'NULL', 20040525195910, 'SF291878158', 'NULL');
INSERT INTO overhaulRecord
VALUES ('O1964037818', 'FC842809634', 'NULL', 20820126020014, 'SF245676536', 'NULL');
INSERT INTO overhaulRecord
VALUES ('O1964687636', 'FC1822364126', 'NULL', 20840204054552, 'SF113450204', 'NULL');
INSERT INTO overhaulRecord
VALUES ('O1966159731', 'FC1574242805', 'NULL', 20011008133343, 'SF1389198663', 'NULL');
INSERT INTO overhaulRecord
VALUES ('O1966540432', 'FC308067134', 'NULL', 20420305082845, 'SF765783780', 'NULL');
INSERT INTO overhaulRecord
VALUES ('O1967833591', 'FC1872161865', 'NULL', 20460917051309, 'SF1651258223', 'NULL');
INSERT INTO overhaulRecord
VALUES ('O1970346015', 'FC1038729243', 'NULL', 20270223123626, 'SF1838239550', 'NULL');
INSERT INTO overhaulRecord
VALUES ('O1970839101', 'FC322001969', 'NULL', 20360715132322, 'SF205293560', 'NULL');
INSERT INTO overhaulRecord
VALUES ('O1974467366', 'FC1757670998', 'NULL', 20361207124913, 'SF1592371108', 'NULL');
INSERT INTO overhaulRecord
VALUES ('O1975787917', 'FC1802031965', 'NULL', 20820118230119, 'SF1707111159', 'NULL');
INSERT INTO overhaulRecord
VALUES ('O1984623442', 'FC1703381795', 'NULL', 20860601205519, 'SF1651258223', 'NULL');
INSERT INTO overhaulRecord
VALUES ('O1986198586', 'FC1485652889', 'NULL', 20650829142721, 'SF67306935', 'NULL');
INSERT INTO overhaulRecord
VALUES ('O1990851263', 'FC307467362', 'NULL', 20290119094054, 'SF907234094', 'NULL');
INSERT INTO overhaulRecord
VALUES ('O1992843184', 'FC2107377057', 'NULL', 20310615012002, 'SF1709578796', 'NULL');
INSERT INTO overhaulRecord
VALUES ('O1993380873', 'FC761313012', 'NULL', 20020209192110, 'SF2032619573', 'NULL');
INSERT INTO overhaulRecord
VALUES ('O1996210057', 'FC390232938', 'NULL', 20240828053742, 'SF309484508', 'NULL');
INSERT INTO overhaulRecord
VALUES ('O1996804744', 'FC459587727', 'NULL', 20470326004409, 'SF684900388', 'NULL');
INSERT INTO overhaulRecord
VALUES ('O1998628701', 'FC1574242805', 'NULL', 20400601101443, 'SF907234094', 'NULL');
INSERT INTO overhaulRecord
VALUES ('O20004461', 'FC34084498', 'NULL', 20710619052305, 'SF1325604751', 'NULL');
INSERT INTO overhaulRecord
VALUES ('O2002377136', 'FC1219429381', 'NULL', 20470427010554, 'SF907234094', 'NULL');
INSERT INTO overhaulRecord
VALUES ('O2004571074', 'FC1173945351', 'NULL', 20730730080911, 'SF71679732', 'NULL');
INSERT INTO overhaulRecord
VALUES ('O2004875258', 'FC1574242805', 'NULL', 20350402000832, 'SF1929755947', 'NULL');
INSERT INTO overhaulRecord
VALUES ('O2004922062', 'FC1492305235', 'NULL', 20150301151911, 'SF67306935', 'NULL');
INSERT INTO overhaulRecord
VALUES ('O2006035674', 'FC1970056498', 'NULL', 20320511151156, 'SF1155426710', 'NULL');
INSERT INTO overhaulRecord
VALUES ('O2007439311', 'FC927427863', 'NULL', 20440323092353, 'SF658493989', 'NULL');
INSERT INTO overhaulRecord
VALUES ('O2007504353', 'FC680223858', 'NULL', 20121208105600, 'SF1723219020', 'NULL');
INSERT INTO overhaulRecord
VALUES ('O2008363849', 'FC4049846', 'NULL', 20990616190439, 'SF1760312546', 'NULL');
INSERT INTO overhaulRecord
VALUES ('O2015510197', 'FC290116983', 'NULL', 20970225014617, 'SF798969889', 'NULL');
INSERT INTO overhaulRecord
VALUES ('O2019235410', 'FC853093534', 'NULL', 20001010162859, 'SF2131836294', 'NULL');
INSERT INTO overhaulRecord
VALUES ('O202487922', 'FC1505745006', 'NULL', 20980224160915, 'SF1325240132', 'NULL');
INSERT INTO overhaulRecord
VALUES ('O2027873999', 'FC512263469', 'NULL', 20891117195601, 'SF1389198663', 'NULL');
INSERT INTO overhaulRecord
VALUES ('O2030308737', 'FC439330702', 'NULL', 20250312001504, 'SF67306935', 'NULL');
INSERT INTO overhaulRecord
VALUES ('O2031275576', 'FC890967272', 'NULL', 20071117185010, 'SF819718857', 'NULL');
INSERT INTO overhaulRecord
VALUES ('O2033121892', 'FC1987847293', 'NULL', 20890704002909, 'SF1389198663', 'NULL');
INSERT INTO overhaulRecord
VALUES ('O2033689790', 'FC1470735898', 'NULL', 20931130201553, 'SF2110164235', 'NULL');
INSERT INTO overhaulRecord
VALUES ('O2033852791', 'FC1422111403', 'NULL', 20180902102246, 'SF245676536', 'NULL');
INSERT INTO overhaulRecord
VALUES ('O2034958630', 'FC1357888468', 'NULL', 20440531032655, 'SF1040003242', 'NULL');
INSERT INTO overhaulRecord
VALUES ('O2038756106', 'FC139410051', 'NULL', 20731210202806, 'SF1325604751', 'NULL');
INSERT INTO overhaulRecord
VALUES ('O2040567457', 'FC902490153', 'NULL', 20500120144047, 'SF1592371108', 'NULL');
INSERT INTO overhaulRecord
VALUES ('O2041593035', 'FC758298452', 'NULL', 20071126234447, 'SF1177605698', 'NULL');
INSERT INTO overhaulRecord
VALUES ('O2044082095', 'FC1919617107', 'NULL', 20590917163202, 'SF684900388', 'NULL');
INSERT INTO overhaulRecord
VALUES ('O204936151', 'FC273317588', 'NULL', 20440812181331, 'SF106958357', 'NULL');
INSERT INTO overhaulRecord
VALUES ('O205500934', 'FC715315636', 'NULL', 20160828223359, 'SF291878158', 'NULL');
INSERT INTO overhaulRecord
VALUES ('O2059789866', 'FC1719517870', 'NULL', 20731121092740, 'SF205293560', 'NULL');
INSERT INTO overhaulRecord
VALUES ('O2061299667', 'FC187532596', 'NULL', 20761216140321, 'SF1621971018', 'NULL');
INSERT INTO overhaulRecord
VALUES ('O206282450', 'FC575741754', 'NULL', 20111209161243, 'SF1987814724', 'NULL');
INSERT INTO overhaulRecord
VALUES ('O2064316501', 'FC176333061', 'NULL', 20750422222536, 'SF1177605698', 'NULL');
INSERT INTO overhaulRecord
VALUES ('O2064405607', 'FC1366688173', 'NULL', 20850704182539, 'SF1651258223', 'NULL');
INSERT INTO overhaulRecord
VALUES ('O2067331427', 'FC299383026', 'NULL', 20240808093259, 'SF1443696079', 'NULL');
INSERT INTO overhaulRecord
VALUES ('O2068695316', 'FC1802562479', 'NULL', 20570309053950, 'SF863234597', 'NULL');
INSERT INTO overhaulRecord
VALUES ('O2069057395', 'FC391415254', 'NULL', 20910211214828, 'SF1155426710', 'NULL');
INSERT INTO overhaulRecord
VALUES ('O2070042175', 'FC205411999', 'NULL', 20030711191032, 'SF1939583739', 'NULL');
INSERT INTO overhaulRecord
VALUES ('O2070936571', 'FC410091458', 'NULL', 20930325224141, 'SF205293560', 'NULL');
INSERT INTO overhaulRecord
VALUES ('O2070945514', 'FC1939733077', 'NULL', 20890525214356, 'SF1929755947', 'NULL');
INSERT INTO overhaulRecord
VALUES ('O2073719239', 'FC68996585', 'NULL', 20301011084912, 'SF965085361', 'NULL');
INSERT INTO overhaulRecord
VALUES ('O2076586386', 'FC1866731415', 'NULL', 20060718012252, 'SF309484508', 'NULL');
INSERT INTO overhaulRecord
VALUES ('O2085540368', 'FC1739940936', 'NULL', 20720809153532, 'SF1757995487', 'NULL');
INSERT INTO overhaulRecord
VALUES ('O2093187284', 'FC2136889632', 'NULL', 20941125104216, 'SF965085361', 'NULL');
INSERT INTO overhaulRecord
VALUES ('O2094904844', 'FC1343965217', 'NULL', 20850827054416, 'SF667054813', 'NULL');
INSERT INTO overhaulRecord
VALUES ('O2095798665', 'FC228302543', 'NULL', 20141121142420, 'SF1707111159', 'NULL');
INSERT INTO overhaulRecord
VALUES ('O2097313616', 'FC1794825599', 'NULL', 20950403034354, 'SF749524158', 'NULL');
INSERT INTO overhaulRecord
VALUES ('O2100161386', 'FC414015200', 'NULL', 20330315135434, 'SF1929623560', 'NULL');
INSERT INTO overhaulRecord
VALUES ('O2102618200', 'FC2115086862', 'NULL', 20320719062221, 'SF1838239550', 'NULL');
INSERT INTO overhaulRecord
VALUES ('O2103356476', 'FC1014726301', 'NULL', 20120207135527, 'SF205293560', 'NULL');
INSERT INTO overhaulRecord
VALUES ('O2105297626', 'FC8449931', 'NULL', 20980927200355, 'SF1177605698', 'NULL');
INSERT INTO overhaulRecord
VALUES ('O2109371855', 'FC871801923', 'NULL', 20740601223129, 'SF667054813', 'NULL');
INSERT INTO overhaulRecord
VALUES ('O2111314875', 'FC504156436', 'NULL', 20911122100928, 'SF907234094', 'NULL');
INSERT INTO overhaulRecord
VALUES ('O2111900248', 'FC1649794852', 'NULL', 20190826061914, 'SF1510125838', 'NULL');
INSERT INTO overhaulRecord
VALUES ('O2113786869', 'FC506450120', 'NULL', 20500528200156, 'SF684900388', 'NULL');
INSERT INTO overhaulRecord
VALUES ('O2114188392', 'FC594154207', 'NULL', 20491004203814, 'SF749524158', 'NULL');
INSERT INTO overhaulRecord
VALUES ('O2114244636', 'FC246716431', 'NULL', 20590803203441, 'SF1707111159', 'NULL');
INSERT INTO overhaulRecord
VALUES ('O2116503012', 'FC438595058', 'NULL', 20780216063026, 'SF1155426710', 'NULL');
INSERT INTO overhaulRecord
VALUES ('O2120220978', 'FC729171862', 'NULL', 20390124005553, 'SF1939583739', 'NULL');
INSERT INTO overhaulRecord
VALUES ('O2123012442', 'FC229931028', 'NULL', 20180519161138, 'SF1760312546', 'NULL');
INSERT INTO overhaulRecord
VALUES ('O2124022552', 'FC795569450', 'NULL', 20411027215817, 'SF2131836294', 'NULL');
INSERT INTO overhaulRecord
VALUES ('O212404855', 'FC2136889632', 'NULL', 20700403233352, 'SF667054813', 'NULL');
INSERT INTO overhaulRecord
VALUES ('O2124248714', 'FC291151990', 'NULL', 20650321053327, 'SF1929755947', 'NULL');
INSERT INTO overhaulRecord
VALUES ('O2124626823', 'FC389786179', 'NULL', 20480114005339, 'SF907234094', 'NULL');
INSERT INTO overhaulRecord
VALUES ('O2125224644', 'FC1852906734', 'NULL', 20690428200820, 'SF1757995487', 'NULL');
INSERT INTO overhaulRecord
VALUES ('O2125936271', 'FC950676639', 'NULL', 20320606214416, 'SF863234597', 'NULL');
INSERT INTO overhaulRecord
VALUES ('O2130765424', 'FC2080842758', 'NULL', 20681030024337, 'SF1325604751', 'NULL');
INSERT INTO overhaulRecord
VALUES ('O2131000137', 'FC1625992861', 'NULL', 20050804030129, 'SF1939583739', 'NULL');
INSERT INTO overhaulRecord
VALUES ('O2132778944', 'FC902559928', 'NULL', 20390911162710, 'SF1177605698', 'NULL');
INSERT INTO overhaulRecord
VALUES ('O2134521540', 'FC2078536631', 'NULL', 20270729071210, 'SF300732922', 'NULL');
INSERT INTO overhaulRecord
VALUES ('O2134724165', 'FC382513113', 'NULL', 20280813125555, 'SF907234094', 'NULL');
INSERT INTO overhaulRecord
VALUES ('O2135627692', 'FC730930193', 'NULL', 20250318072955, 'SF2110164235', 'NULL');
INSERT INTO overhaulRecord
VALUES ('O2145773043', 'FC389786179', 'NULL', 20120131202434, 'SF1592371108', 'NULL');
INSERT INTO overhaulRecord
VALUES ('O216200322', 'FC960135591', 'NULL', 20720915085737, 'SF309484508', 'NULL');
INSERT INTO overhaulRecord
VALUES ('O21836821', 'FC1859244640', 'NULL', 20380126212817, 'SF1592371108', 'NULL');
INSERT INTO overhaulRecord
VALUES ('O21942284', 'FC252797744', 'NULL', 20160502000134, 'SF1987814724', 'NULL');
INSERT INTO overhaulRecord
VALUES ('O22000116', 'FC1686119225', 'NULL', 20410511203951, 'SF1838239550', 'NULL');
INSERT INTO overhaulRecord
VALUES ('O220441854', 'FC1700498631', 'NULL', 20371213230421, 'SF67306935', 'NULL');
INSERT INTO overhaulRecord
VALUES ('O221631375', 'FC493520475', 'NULL', 20821103210112, 'SF1035725393', 'NULL');
INSERT INTO overhaulRecord
VALUES ('O222756206', 'FC569866405', 'NULL', 20560919041029, 'SF1177605698', 'NULL');
INSERT INTO overhaulRecord
VALUES ('O223558414', 'FC606889172', 'NULL', 20670129090249, 'SF765783780', 'NULL');
INSERT INTO overhaulRecord
VALUES ('O227055996', 'FC730930193', 'NULL', 20901116154651, 'SF2032619573', 'NULL');
INSERT INTO overhaulRecord
VALUES ('O229022658', 'FC2022564358', 'NULL', 20220730180301, 'SF291878158', 'NULL');
INSERT INTO overhaulRecord
VALUES ('O229993003', 'FC333212782', 'NULL', 20431108030842, 'SF798969889', 'NULL');
INSERT INTO overhaulRecord
VALUES ('O232490072', 'FC1249403411', 'NULL', 20891016133519, 'SF106958357', 'NULL');
INSERT INTO overhaulRecord
VALUES ('O236030390', 'FC1660867111', 'NULL', 20020604110800, 'SF819718857', 'NULL');
INSERT INTO overhaulRecord
VALUES ('O240472252', 'FC1700498631', 'NULL', 20030215073847, 'SF1707111159', 'NULL');
INSERT INTO overhaulRecord
VALUES ('O241363811', 'FC456711557', 'NULL', 20930630081104, 'SF863234597', 'NULL');
INSERT INTO overhaulRecord
VALUES ('O241603687', 'FC1205727087', 'NULL', 20640929152651, 'SF1621971018', 'NULL');
INSERT INTO overhaulRecord
VALUES ('O24320812', 'FC943789767', 'NULL', 20410711081614, 'SF743551758', 'NULL');
INSERT INTO overhaulRecord
VALUES ('O243954108', 'FC1534232437', 'NULL', 20480630225637, 'SF809675534', 'NULL');
INSERT INTO overhaulRecord
VALUES ('O244931845', 'FC284069615', 'NULL', 20400425141852, 'SF1443696079', 'NULL');
INSERT INTO overhaulRecord
VALUES ('O246049521', 'FC1852906734', 'NULL', 20210301110111, 'SF2081721216', 'NULL');
INSERT INTO overhaulRecord
VALUES ('O247189315', 'FC2085165601', 'NULL', 20010812030802, 'SF1987814724', 'NULL');
INSERT INTO overhaulRecord
VALUES ('O24729587', 'FC1808773344', 'NULL', 20010106060633, 'SF1035725393', 'NULL');
INSERT INTO overhaulRecord
VALUES ('O248130886', 'FC2117730682', 'NULL', 20970507195839, 'SF67306935', 'NULL');
INSERT INTO overhaulRecord
VALUES ('O251127756', 'FC716055517', 'NULL', 20280313090820, 'SF965085361', 'NULL');
INSERT INTO overhaulRecord
VALUES ('O252334297', 'FC698993712', 'NULL', 20041012080710, 'SF1707111159', 'NULL');
INSERT INTO overhaulRecord
VALUES ('O253744969', 'FC428769366', 'NULL', 20161209130330, 'SF798969889', 'NULL');
INSERT INTO overhaulRecord
VALUES ('O255561045', 'FC1414773840', 'NULL', 20780701091955, 'SF667054813', 'NULL');
INSERT INTO overhaulRecord
VALUES ('O256563835', 'FC1866731415', 'NULL', 20441207220657, 'SF1325240132', 'NULL');
INSERT INTO overhaulRecord
VALUES ('O260797311', 'FC1097741177', 'NULL', 20060904103731, 'SF309484508', 'NULL');
INSERT INTO overhaulRecord
VALUES ('O261934121', 'FC1813910464', 'NULL', 20001215152002, 'SF819718857', 'NULL');
INSERT INTO overhaulRecord
VALUES ('O263644073', 'FC154815370', 'NULL', 20520515081204, 'SF798969889', 'NULL');
INSERT INTO overhaulRecord
VALUES ('O265492162', 'FC1700498631', 'NULL', 20861017063230, 'SF1838239550', 'NULL');
INSERT INTO overhaulRecord
VALUES ('O267741907', 'FC2078536631', 'NULL', 20800213231511, 'SF667054813', 'NULL');
INSERT INTO overhaulRecord
VALUES ('O267787044', 'FC1625992861', 'NULL', 20550409171651, 'SF684900388', 'NULL');
INSERT INTO overhaulRecord
VALUES ('O267862853', 'FC1895338970', 'NULL', 20980910123823, 'SF907234094', 'NULL');
INSERT INTO overhaulRecord
VALUES ('O270457891', 'FC1121460716', 'NULL', 20620804032705, 'SF863234597', 'NULL');
INSERT INTO overhaulRecord
VALUES ('O271116136', 'FC1422111403', 'NULL', 20800827024100, 'SF1707111159', 'NULL');
INSERT INTO overhaulRecord
VALUES ('O271368470', 'FC18789740', 'NULL', 20091002073638, 'SF809675534', 'NULL');
INSERT INTO overhaulRecord
VALUES ('O271463215', 'FC789362114', 'NULL', 20170423222332, 'SF309484508', 'NULL');
INSERT INTO overhaulRecord
VALUES ('O272833201', 'FC475002710', 'NULL', 20290916111833, 'SF71679732', 'NULL');
INSERT INTO overhaulRecord
VALUES ('O27903603', 'FC804883924', 'NULL', 20001220041711, 'SF2110164235', 'NULL');
INSERT INTO overhaulRecord
VALUES ('O280237780', 'FC389697972', 'NULL', 20910201062246, 'SF809675534', 'NULL');
INSERT INTO overhaulRecord
VALUES ('O28161943', 'FC1008419130', 'NULL', 20160116050110, 'SF300732922', 'NULL');
INSERT INTO overhaulRecord
VALUES ('O282622197', 'FC874637762', 'NULL', 20121004042848, 'SF658493989', 'NULL');
INSERT INTO overhaulRecord
VALUES ('O283158458', 'FC493520475', 'NULL', 20860731143259, 'SF2131836294', 'NULL');
INSERT INTO overhaulRecord
VALUES ('O286432826', 'FC1700498631', 'NULL', 20391123060009, 'SF1929755947', 'NULL');
INSERT INTO overhaulRecord
VALUES ('O28666293', 'FC103781177', 'NULL', 20650829165022, 'SF749524158', 'NULL');
INSERT INTO overhaulRecord
VALUES ('O288660980', 'FC387987097', 'NULL', 20250109220258, 'SF1325240132', 'NULL');
INSERT INTO overhaulRecord
VALUES ('O290069500', 'FC1332606752', 'NULL', 20420420000305, 'SF71679732', 'NULL');
INSERT INTO overhaulRecord
VALUES ('O290446265', 'FC2078897880', 'NULL', 20930304005456, 'SF684900388', 'NULL');
INSERT INTO overhaulRecord
VALUES ('O29077876', 'FC2116410516', 'NULL', 20620804043402, 'SF743551758', 'NULL');
INSERT INTO overhaulRecord
VALUES ('O294473334', 'FC1107165111', 'NULL', 20651120034056, 'SF1651258223', 'NULL');
INSERT INTO overhaulRecord
VALUES ('O296108112', 'FC1592180299', 'NULL', 20520801203340, 'SF743551758', 'NULL');
INSERT INTO overhaulRecord
VALUES ('O296793212', 'FC1859244640', 'NULL', 20020924181617, 'SF765783780', 'NULL');
INSERT INTO overhaulRecord
VALUES ('O29837515', 'FC1962174776', 'NULL', 20540112092219, 'SF1929623560', 'NULL');
INSERT INTO overhaulRecord
VALUES ('O299750726', 'FC178219322', 'NULL', 20990517212635, 'SF2130413404', 'NULL');
INSERT INTO overhaulRecord
VALUES ('O300046224', 'FC1357888468', 'NULL', 20530819150623, 'SF1929623560', 'NULL');
INSERT INTO overhaulRecord
VALUES ('O300230453', 'FC1142982733', 'NULL', 20591018163721, 'SF106958357', 'NULL');
INSERT INTO overhaulRecord
VALUES ('O301138506', 'FC456004867', 'NULL', 20651103140243, 'SF1035725393', 'NULL');
INSERT INTO overhaulRecord
VALUES ('O303582288', 'FC1279452620', 'NULL', 20241214082104, 'SF1707111159', 'NULL');
INSERT INTO overhaulRecord
VALUES ('O30393681', 'FC1955750804', 'NULL', 20800210002345, 'SF291878158', 'NULL');
INSERT INTO overhaulRecord
VALUES ('O30688018', 'FC1303263302', 'NULL', 20290221232643, 'SF1929755947', 'NULL');
INSERT INTO overhaulRecord
VALUES ('O306935914', 'FC166595658', 'NULL', 20581103015705, 'SF1325240132', 'NULL');
INSERT INTO overhaulRecord
VALUES ('O307308846', 'FC389786179', 'NULL', 20740212125338, 'SF863234597', 'NULL');
INSERT INTO overhaulRecord
VALUES ('O308366924', 'FC1343965217', 'NULL', 20480920132833, 'SF1443696079', 'NULL');
INSERT INTO overhaulRecord
VALUES ('O312041256', 'FC1375543476', 'NULL', 20500209234942, 'SF2110164235', 'NULL');
INSERT INTO overhaulRecord
VALUES ('O313824946', 'FC266022614', 'NULL', 20461109202212, 'SF1838239550', 'NULL');
INSERT INTO overhaulRecord
VALUES ('O316042553', 'FC176333061', 'NULL', 20491001020057, 'SF106958357', 'NULL');
INSERT INTO overhaulRecord
VALUES ('O32209512', 'FC944913062', 'NULL', 20370718112505, 'SF1723219020', 'NULL');
INSERT INTO overhaulRecord
VALUES ('O322323618', 'FC34979302', 'NULL', 20180210042056, 'SF819718857', 'NULL');
INSERT INTO overhaulRecord
VALUES ('O322892144', 'FC1970056498', 'NULL', 20530406083822, 'SF1155426710', 'NULL');
INSERT INTO overhaulRecord
VALUES ('O32346416', 'FC1534232437', 'NULL', 20190123223725, 'SF1510125838', 'NULL');
INSERT INTO overhaulRecord
VALUES ('O325816914', 'FC566663112', 'NULL', 20191218133553, 'SF71679732', 'NULL');
INSERT INTO overhaulRecord
VALUES ('O326208625', 'FC350182660', 'NULL', 20570920013017, 'SF300732922', 'NULL');
INSERT INTO overhaulRecord
VALUES ('O326614531', 'FC2078897880', 'NULL', 20180724231813, 'SF743551758', 'NULL');
INSERT INTO overhaulRecord
VALUES ('O327249909', 'FC1568116941', 'NULL', 20140304120816, 'SF1929755947', 'NULL');
INSERT INTO overhaulRecord
VALUES ('O328667691', 'FC1258174960', 'NULL', 20351230153528, 'SF2131836294', 'NULL');
INSERT INTO overhaulRecord
VALUES ('O332504823', 'FC1944567436', 'NULL', 20760110235045, 'SF113450204', 'NULL');
INSERT INTO overhaulRecord
VALUES ('O332851021', 'FC454568799', 'NULL', 20220903002825, 'SF863234597', 'NULL');
INSERT INTO overhaulRecord
VALUES ('O337183796', 'FC540137098', 'NULL', 20751127183945, 'SF1939583739', 'NULL');
INSERT INTO overhaulRecord
VALUES ('O338500409', 'FC238407028', 'NULL', 20601229234108, 'SF1325604751', 'NULL');
INSERT INTO overhaulRecord
VALUES ('O341798792', 'FC223006398', 'NULL', 20481031122728, 'SF1651258223', 'NULL');
INSERT INTO overhaulRecord
VALUES ('O343848978', 'FC1501830823', 'NULL', 20480627044159, 'SF667054813', 'NULL');
INSERT INTO overhaulRecord
VALUES ('O346673359', 'FC501658672', 'NULL', 20940120140128, 'SF1592371108', 'NULL');
INSERT INTO overhaulRecord
VALUES ('O353597454', 'FC361592037', 'NULL', 20371023201527, 'SF1592371108', 'NULL');
INSERT INTO overhaulRecord
VALUES ('O355371323', 'FC814659773', 'NULL', 20750122014601, 'SF863234597', 'NULL');
INSERT INTO overhaulRecord
VALUES ('O359530310', 'FC1375543476', 'NULL', 20950108093100, 'SF809675534', 'NULL');
INSERT INTO overhaulRecord
VALUES ('O359532287', 'FC1852147173', 'NULL', 20090402060058, 'SF300732922', 'NULL');
INSERT INTO overhaulRecord
VALUES ('O368582423', 'FC1765176504', 'NULL', 20251030092638, 'SF1929755947', 'NULL');
INSERT INTO overhaulRecord
VALUES ('O368993053', 'FC1107165111', 'NULL', 20110425105650, 'SF667054813', 'NULL');
INSERT INTO overhaulRecord
VALUES ('O370456238', 'FC299383026', 'NULL', 20020813060438, 'SF2131836294', 'NULL');
INSERT INTO overhaulRecord
VALUES ('O370503678', 'FC361592037', 'NULL', 20510902173019, 'SF965085361', 'NULL');
INSERT INTO overhaulRecord
VALUES ('O373529701', 'FC1837354973', 'NULL', 20460407143255, 'SF291878158', 'NULL');
INSERT INTO overhaulRecord
VALUES ('O374757308', 'FC1901033838', 'NULL', 20261007143413, 'SF743551758', 'NULL');
INSERT INTO overhaulRecord
VALUES ('O376896813', 'FC1263737529', 'NULL', 20410105150929, 'SF1389198663', 'NULL');
INSERT INTO overhaulRecord
VALUES ('O377257038', 'FC354310369', 'NULL', 20720727145935, 'SF1325604751', 'NULL');
INSERT INTO overhaulRecord
VALUES ('O377443246', 'FC1311655690', 'NULL', 20280209214954, 'SF1325604751', 'NULL');
INSERT INTO overhaulRecord
VALUES ('O379838543', 'FC919061846', 'NULL', 20510802051856, 'SF1929623560', 'NULL');
INSERT INTO overhaulRecord
VALUES ('O38009307', 'FC2136889632', 'NULL', 20050622225159, 'SF309484508', 'NULL');
INSERT INTO overhaulRecord
VALUES ('O382569019', 'FC869571116', 'NULL', 20841217083703, 'SF1838239550', 'NULL');
INSERT INTO overhaulRecord
VALUES ('O383600596', 'FC795569450', 'NULL', 20950401181215, 'SF819718857', 'NULL');
INSERT INTO overhaulRecord
VALUES ('O384399429', 'FC237771039', 'NULL', 20080930084652, 'SF291878158', 'NULL');
INSERT INTO overhaulRecord
VALUES ('O388694991', 'FC1940711147', 'NULL', 20760508133248, 'SF2081721216', 'NULL');
INSERT INTO overhaulRecord
VALUES ('O388762328', 'FC1261971401', 'NULL', 20510922165618, 'SF1757995487', 'NULL');
INSERT INTO overhaulRecord
VALUES ('O393520173', 'FC477732470', 'NULL', 20040823134825, 'SF1929755947', 'NULL');
INSERT INTO overhaulRecord
VALUES ('O394731908', 'FC1429695117', 'NULL', 20730614022338, 'SF1177605698', 'NULL');
INSERT INTO overhaulRecord
VALUES ('O400801871', 'FC573014720', 'NULL', 20120710182013, 'SF798969889', 'NULL');
INSERT INTO overhaulRecord
VALUES ('O402092472', 'FC690901661', 'NULL', 20890712232318, 'SF1177605698', 'NULL');
INSERT INTO overhaulRecord
VALUES ('O404379062', 'FC830604863', 'NULL', 20391015184804, 'SF1987814724', 'NULL');
INSERT INTO overhaulRecord
VALUES ('O408714740', 'FC944913062', 'NULL', 20720705220438, 'SF1155426710', 'NULL');
INSERT INTO overhaulRecord
VALUES ('O408714790', 'FC1128043337', 'NULL', 20310324173230, 'SF765783780', 'NULL');
INSERT INTO overhaulRecord
VALUES ('O410207810', 'FC1719517870', 'NULL', 20190813024137, 'SF1621971018', 'NULL');
INSERT INTO overhaulRecord
VALUES ('O410592452', 'FC715315636', 'NULL', 20720310085049, 'SF765783780', 'NULL');
INSERT INTO overhaulRecord
VALUES ('O414989270', 'FC1723272646', 'NULL', 20050127131547, 'SF1987814724', 'NULL');
INSERT INTO overhaulRecord
VALUES ('O415950882', 'FC1808773344', 'NULL', 20430516234355, 'SF1389198663', 'NULL');
INSERT INTO overhaulRecord
VALUES ('O416010402', 'FC633330408', 'NULL', 20240207031059, 'SF2131836294', 'NULL');
INSERT INTO overhaulRecord
VALUES ('O416186504', 'FC1822364126', 'NULL', 20211028143143, 'SF1177605698', 'NULL');
INSERT INTO overhaulRecord
VALUES ('O42026833', 'FC428769366', 'NULL', 20021007084507, 'SF1987814724', 'NULL');
INSERT INTO overhaulRecord
VALUES ('O420743094', 'FC814659773', 'NULL', 20840507022903, 'SF1707111159', 'NULL');
INSERT INTO overhaulRecord
VALUES ('O423246597', 'FC518882064', 'NULL', 20881030064942, 'SF1040003242', 'NULL');
INSERT INTO overhaulRecord
VALUES ('O425528146', 'FC1588921571', 'NULL', 20590317035714, 'SF2110164235', 'NULL');
INSERT INTO overhaulRecord
VALUES ('O426167824', 'FC758298452', 'NULL', 20200507094504, 'SF765783780', 'NULL');
INSERT INTO overhaulRecord
VALUES ('O426968146', 'FC1363394694', 'NULL', 20300104181454, 'SF1155426710', 'NULL');
INSERT INTO overhaulRecord
VALUES ('O42716864', 'FC960135591', 'NULL', 20840130055829, 'SF1325604751', 'NULL');
INSERT INTO overhaulRecord
VALUES ('O427871034', 'FC720516543', 'NULL', 20060829054802, 'SF819718857', 'NULL');
INSERT INTO overhaulRecord
VALUES ('O428297133', 'FC1396678115', 'NULL', 20860504221200, 'SF809675534', 'NULL');
INSERT INTO overhaulRecord
VALUES ('O429308678', 'FC68996585', 'NULL', 20031024112817, 'SF809675534', 'NULL');
INSERT INTO overhaulRecord
VALUES ('O43373705', 'FC1647711135', 'NULL', 20210509004954, 'SF71679732', 'NULL');
INSERT INTO overhaulRecord
VALUES ('O434485676', 'FC387259939', 'NULL', 20150817234635, 'SF67306935', 'NULL');
INSERT INTO overhaulRecord
VALUES ('O434598061', 'FC1082856911', 'NULL', 20600312210330, 'SF205293560', 'NULL');
INSERT INTO overhaulRecord
VALUES ('O436168565', 'FC1964432586', 'NULL', 20230605013603, 'SF1510125838', 'NULL');
INSERT INTO overhaulRecord
VALUES ('O436609378', 'FC1385073133', 'NULL', 20510102044010, 'SF1929623560', 'NULL');
INSERT INTO overhaulRecord
VALUES ('O438355134', 'FC1332606752', 'NULL', 20900904173948, 'SF1987814724', 'NULL');
INSERT INTO overhaulRecord
VALUES ('O441851811', 'FC1355674423', 'NULL', 20640606181609, 'SF71679732', 'NULL');
INSERT INTO overhaulRecord
VALUES ('O442220785', 'FC1987847293', 'NULL', 20801003114808, 'SF2130413404', 'NULL');
INSERT INTO overhaulRecord
VALUES ('O443151409', 'FC795569450', 'NULL', 20500831091713, 'SF71679732', 'NULL');
INSERT INTO overhaulRecord
VALUES ('O444941894', 'FC176333061', 'NULL', 20000526064509, 'SF291878158', 'NULL');
INSERT INTO overhaulRecord
VALUES ('O445002464', 'FC1813910464', 'NULL', 20421231015751, 'SF2131836294', 'NULL');
INSERT INTO overhaulRecord
VALUES ('O446511690', 'FC709567171', 'NULL', 20041009025250, 'SF907234094', 'NULL');
INSERT INTO overhaulRecord
VALUES ('O447501213', 'FC1414773840', 'NULL', 20070417214917, 'SF2110164235', 'NULL');
INSERT INTO overhaulRecord
VALUES ('O447754766', 'FC1224052293', 'NULL', 20291029231519, 'SF608473196', 'NULL');
INSERT INTO overhaulRecord
VALUES ('O448326602', 'FC1185991055', 'NULL', 20391112045610, 'SF1929623560', 'NULL');
INSERT INTO overhaulRecord
VALUES ('O448878642', 'FC389697972', 'NULL', 20701103183206, 'SF1325604751', 'NULL');
INSERT INTO overhaulRecord
VALUES ('O449550108', 'FC2080842758', 'NULL', 20220410050858, 'SF798969889', 'NULL');
INSERT INTO overhaulRecord
VALUES ('O450038492', 'FC246716431', 'NULL', 20050924135058, 'SF1707111159', 'NULL');
INSERT INTO overhaulRecord
VALUES ('O452943486', 'FC771327270', 'NULL', 20501115202659, 'SF1651258223', 'NULL');
INSERT INTO overhaulRecord
VALUES ('O453683456', 'FC439330702', 'NULL', 20430523072541, 'SF2081721216', 'NULL');
INSERT INTO overhaulRecord
VALUES ('O455578301', 'FC2073767740', 'NULL', 20970313042234, 'SF658493989', 'NULL');
INSERT INTO overhaulRecord
VALUES ('O456078630', 'FC1392659645', 'NULL', 20750710190637, 'SF300732922', 'NULL');
INSERT INTO overhaulRecord
VALUES ('O45973824', 'FC698993712', 'NULL', 20821223011243, 'SF205293560', 'NULL');
INSERT INTO overhaulRecord
VALUES ('O46179129', 'FC1553771415', 'NULL', 20400511121403, 'SF1040003242', 'NULL');
INSERT INTO overhaulRecord
VALUES ('O462618915', 'FC1146069290', 'NULL', 20980613123137, 'SF1757995487', 'NULL');
INSERT INTO overhaulRecord
VALUES ('O463800249', 'FC350182660', 'NULL', 20550728122429, 'SF819718857', 'NULL');
INSERT INTO overhaulRecord
VALUES ('O463813977', 'FC1675046659', 'NULL', 20791014033705, 'SF1838239550', 'NULL');
INSERT INTO overhaulRecord
VALUES ('O465517433', 'FC804883924', 'NULL', 20240608013107, 'SF1939583739', 'NULL');
INSERT INTO overhaulRecord
VALUES ('O470887738', 'FC1938756806', 'NULL', 20620402214633, 'SF1707111159', 'NULL');
INSERT INTO overhaulRecord
VALUES ('O471319951', 'FC760818011', 'NULL', 20520922090611, 'SF106958357', 'NULL');
INSERT INTO overhaulRecord
VALUES ('O472113581', 'FC302593121', 'NULL', 20300414071015, 'SF798969889', 'NULL');
INSERT INTO overhaulRecord
VALUES ('O473874504', 'FC497839617', 'NULL', 20741116095432, 'SF658493989', 'NULL');
INSERT INTO overhaulRecord
VALUES ('O474020112', 'FC1049029642', 'NULL', 20680708060648, 'SF1838239550', 'NULL');
INSERT INTO overhaulRecord
VALUES ('O478751442', 'FC1970056498', 'NULL', 20161202000631, 'SF1177605698', 'NULL');
INSERT INTO overhaulRecord
VALUES ('O480291489', 'FC1337132839', 'NULL', 20250207030737, 'SF965085361', 'NULL');
INSERT INTO overhaulRecord
VALUES ('O489178970', 'FC361592037', 'NULL', 20770626052146, 'SF765783780', 'NULL');
INSERT INTO overhaulRecord
VALUES ('O490647608', 'FC1649794852', 'NULL', 20941229191452, 'SF798969889', 'NULL');
INSERT INTO overhaulRecord
VALUES ('O492193160', 'FC1852129208', 'NULL', 20240903234013, 'SF863234597', 'NULL');
INSERT INTO overhaulRecord
VALUES ('O492334449', 'FC422551749', 'NULL', 20480114203912, 'SF765783780', 'NULL');
INSERT INTO overhaulRecord
VALUES ('O493832787', 'FC356502182', 'NULL', 20890219075250, 'SF1040003242', 'NULL');
INSERT INTO overhaulRecord
VALUES ('O494319691', 'FC1119806908', 'NULL', 20650117160446, 'SF1443696079', 'NULL');
INSERT INTO overhaulRecord
VALUES ('O495282610', 'FC1332606752', 'NULL', 20510209231951, 'SF608473196', 'NULL');
INSERT INTO overhaulRecord
VALUES ('O4962294', 'FC1392659645', 'NULL', 20050926190747, 'SF1707111159', 'NULL');
INSERT INTO overhaulRecord
VALUES ('O497161714', 'FC2026773860', 'NULL', 20850118061655, 'SF2081721216', 'NULL');
INSERT INTO overhaulRecord
VALUES ('O497213743', 'FC139410051', 'NULL', 20510624184031, 'SF1325604751', 'NULL');
INSERT INTO overhaulRecord
VALUES ('O497388893', 'FC380491760', 'NULL', 20601108204757, 'SF2131836294', 'NULL');
INSERT INTO overhaulRecord
VALUES ('O499362900', 'FC188120665', 'NULL', 20210315181942, 'SF1443696079', 'NULL');
INSERT INTO overhaulRecord
VALUES ('O499534318', 'FC1385073133', 'NULL', 20700527103027, 'SF2130413404', 'NULL');
INSERT INTO overhaulRecord
VALUES ('O503407209', 'FC306126939', 'NULL', 20741201222610, 'SF1929623560', 'NULL');
INSERT INTO overhaulRecord
VALUES ('O505176085', 'FC1817561252', 'NULL', 20721203074309, 'SF245676536', 'NULL');
INSERT INTO overhaulRecord
VALUES ('O507309676', 'FC1761911569', 'NULL', 20211210035502, 'SF1155426710', 'NULL');
INSERT INTO overhaulRecord
VALUES ('O510853059', 'FC1279417880', 'NULL', 20291129234734, 'SF608473196', 'NULL');
INSERT INTO overhaulRecord
VALUES ('O512610767', 'FC1849081651', 'NULL', 20370528211416, 'SF765783780', 'NULL');
INSERT INTO overhaulRecord
VALUES ('O515424677', 'FC1077545375', 'NULL', 20420403054811, 'SF907234094', 'NULL');
INSERT INTO overhaulRecord
VALUES ('O51646338', 'FC1675046659', 'NULL', 20921014052252, 'SF684900388', 'NULL');
INSERT INTO overhaulRecord
VALUES ('O51684053', 'FC1723272646', 'NULL', 20161202224349, 'SF1838239550', 'NULL');
INSERT INTO overhaulRecord
VALUES ('O516929734', 'FC1550616993', 'NULL', 20240227203751, 'SF2081721216', 'NULL');
INSERT INTO overhaulRecord
VALUES ('O523967843', 'FC1152593067', 'NULL', 20510503032026, 'SF1929755947', 'NULL');
INSERT INTO overhaulRecord
VALUES ('O524730589', 'FC1396678115', 'NULL', 20960619154551, 'SF2081721216', 'NULL');
INSERT INTO overhaulRecord
VALUES ('O526878288', 'FC1154574010', 'NULL', 20950530061104, 'SF1389198663', 'NULL');
INSERT INTO overhaulRecord
VALUES ('O527887458', 'FC606889172', 'NULL', 20000419194629, 'SF1723219020', 'NULL');
INSERT INTO overhaulRecord
VALUES ('O52915710', 'FC1760457721', 'NULL', 20480622084848, 'SF2131836294', 'NULL');
INSERT INTO overhaulRecord
VALUES ('O530402110', 'FC373823689', 'NULL', 20050521005925, 'SF205293560', 'NULL');
INSERT INTO overhaulRecord
VALUES ('O532038474', 'FC768466144', 'NULL', 20390702110823, 'SF291878158', 'NULL');
INSERT INTO overhaulRecord
VALUES ('O536293711', 'FC1423748064', 'NULL', 20230327195335, 'SF819718857', 'NULL');
INSERT INTO overhaulRecord
VALUES ('O536725676', 'FC1154574010', 'NULL', 20530717180823, 'SF2032619573', 'NULL');
INSERT INTO overhaulRecord
VALUES ('O536889368', 'FC1519098677', 'NULL', 20530528110220, 'SF300732922', 'NULL');
INSERT INTO overhaulRecord
VALUES ('O54061677', 'FC454568799', 'NULL', 20101031071414, 'SF1550134583', 'NULL');
INSERT INTO overhaulRecord
VALUES ('O542098520', 'FC1501830823', 'NULL', 20740522020130, 'SF749524158', 'NULL');
INSERT INTO overhaulRecord
VALUES ('O556949103', 'FC1803858469', 'NULL', 20740313171702, 'SF1838239550', 'NULL');
INSERT INTO overhaulRecord
VALUES ('O559190957', 'FC1568116941', 'NULL', 20870524175343, 'SF749524158', 'NULL');
INSERT INTO overhaulRecord
VALUES ('O559818248', 'FC2080842758', 'NULL', 20740720120810, 'SF1325240132', 'NULL');
INSERT INTO overhaulRecord
VALUES ('O560427479', 'FC2077829743', 'NULL', 20301025231018, 'SF1757995487', 'NULL');
INSERT INTO overhaulRecord
VALUES ('O560468721', 'FC1263737529', 'NULL', 20670522193829, 'SF1177605698', 'NULL');
INSERT INTO overhaulRecord
VALUES ('O561511766', 'FC1357888468', 'NULL', 20410210123313, 'SF1929755947', 'NULL');
INSERT INTO overhaulRecord
VALUES ('O562462398', 'FC2067242828', 'NULL', 20411031232608, 'SF907234094', 'NULL');
INSERT INTO overhaulRecord
VALUES ('O565742817', 'FC1802565940', 'NULL', 20191119135800, 'SF1757995487', 'NULL');
INSERT INTO overhaulRecord
VALUES ('O568210498', 'FC1634093083', 'NULL', 20580508165808, 'SF205293560', 'NULL');
INSERT INTO overhaulRecord
VALUES ('O571985503', 'FC796518157', 'NULL', 20380311171612, 'SF67306935', 'NULL');
INSERT INTO overhaulRecord
VALUES ('O572165982', 'FC391415254', 'NULL', 20880505092447, 'SF819718857', 'NULL');
INSERT INTO overhaulRecord
VALUES ('O572443267', 'FC1766191807', 'NULL', 20480509105050, 'SF300732922', 'NULL');
INSERT INTO overhaulRecord
VALUES ('O57273938', 'FC1097741177', 'NULL', 20201030150742, 'SF2032619573', 'NULL');
INSERT INTO overhaulRecord
VALUES ('O573803354', 'FC1027820638', 'NULL', 20280906165249, 'SF106958357', 'NULL');
INSERT INTO overhaulRecord
VALUES ('O576958087', 'FC546425187', 'NULL', 20530201230904, 'SF765783780', 'NULL');
INSERT INTO overhaulRecord
VALUES ('O580678470', 'FC648088271', 'NULL', 20560516144714, 'SF2131836294', 'NULL');
INSERT INTO overhaulRecord
VALUES ('O585283612', 'FC1773301911', 'NULL', 20840410125718, 'SF1929755947', 'NULL');
INSERT INTO overhaulRecord
VALUES ('O586520798', 'FC914695075', 'NULL', 20020215002328, 'SF1443696079', 'NULL');
INSERT INTO overhaulRecord
VALUES ('O589942553', 'FC804883924', 'NULL', 20521014185423, 'SF798969889', 'NULL');
INSERT INTO overhaulRecord
VALUES ('O590411033', 'FC1258174960', 'NULL', 20990704154616, 'SF684900388', 'NULL');
INSERT INTO overhaulRecord
VALUES ('O593296192', 'FC2036848345', 'NULL', 20830709201732, 'SF1592371108', 'NULL');
INSERT INTO overhaulRecord
VALUES ('O593744800', 'FC1163070674', 'NULL', 20101120014228, 'SF1939583739', 'NULL');
INSERT INTO overhaulRecord
VALUES ('O593915770', 'FC1164989296', 'NULL', 20800305043221, 'SF2032619573', 'NULL');
INSERT INTO overhaulRecord
VALUES ('O593934962', 'FC1143113191', 'NULL', 20201104211015, 'SF965085361', 'NULL');
INSERT INTO overhaulRecord
VALUES ('O600353604', 'FC423274092', 'NULL', 20180808213204, 'SF907234094', 'NULL');
INSERT INTO overhaulRecord
VALUES ('O60073726', 'FC2101120201', 'NULL', 20950828163823, 'SF819718857', 'NULL');
INSERT INTO overhaulRecord
VALUES ('O604297643', 'FC299383026', 'NULL', 20570712233318, 'SF309484508', 'NULL');
INSERT INTO overhaulRecord
VALUES ('O605462329', 'FC722764369', 'NULL', 20621109112958, 'SF1707111159', 'NULL');
INSERT INTO overhaulRecord
VALUES ('O607716787', 'FC953042311', 'NULL', 20710501004740, 'SF1929755947', 'NULL');
INSERT INTO overhaulRecord
VALUES ('O612469089', 'FC1901033838', 'NULL', 20080303221018, 'SF608473196', 'NULL');
INSERT INTO overhaulRecord
VALUES ('O615147162', 'FC871801923', 'NULL', 20100424183936, 'SF106958357', 'NULL');
INSERT INTO overhaulRecord
VALUES ('O616736668', 'FC1201090871', 'NULL', 20650117162144, 'SF1838239550', 'NULL');
INSERT INTO overhaulRecord
VALUES ('O618588901', 'FC441308551', 'NULL', 20030308022835, 'SF907234094', 'NULL');
INSERT INTO overhaulRecord
VALUES ('O619443040', 'FC1980148188', 'NULL', 20620909193219, 'SF1550134583', 'NULL');
INSERT INTO overhaulRecord
VALUES ('O624095882', 'FC1671967094', 'NULL', 20580701123214, 'SF667054813', 'NULL');
INSERT INTO overhaulRecord
VALUES ('O625615749', 'FC902559928', 'NULL', 20971001180204, 'SF2131836294', 'NULL');
INSERT INTO overhaulRecord
VALUES ('O62609584', 'FC58414977', 'NULL', 20620625130417, 'SF1040003242', 'NULL');
INSERT INTO overhaulRecord
VALUES ('O62692010', 'FC960135591', 'NULL', 20310406042354, 'SF798969889', 'NULL');
INSERT INTO overhaulRecord
VALUES ('O630022862', 'FC1062092168', 'NULL', 20330901114456, 'SF300732922', 'NULL');
INSERT INTO overhaulRecord
VALUES ('O631633502', 'FC512263469', 'NULL', 20970115112934, 'SF1325604751', 'NULL');
INSERT INTO overhaulRecord
VALUES ('O631653074', 'FC709567171', 'NULL', 20690418194526, 'SF2130413404', 'NULL');
INSERT INTO overhaulRecord
VALUES ('O632508534', 'FC2026773860', 'NULL', 20630413001922, 'SF1929623560', 'NULL');
INSERT INTO overhaulRecord
VALUES ('O632546563', 'FC1773301911', 'NULL', 20881216214240, 'SF863234597', 'NULL');
INSERT INTO overhaulRecord
VALUES ('O639260429', 'FC369467091', 'NULL', 20350119090019, 'SF113450204', 'NULL');
INSERT INTO overhaulRecord
VALUES ('O64041464', 'FC1027820638', 'NULL', 20820824142352, 'SF1760312546', 'NULL');
INSERT INTO overhaulRecord
VALUES ('O640599949', 'FC506450120', 'NULL', 20471130093116, 'SF1707111159', 'NULL');
INSERT INTO overhaulRecord
VALUES ('O640710873', 'FC275085676', 'NULL', 20590807141639, 'SF1929755947', 'NULL');
INSERT INTO overhaulRecord
VALUES ('O641670492', 'FC1534232437', 'NULL', 20450717075857, 'SF1550134583', 'NULL');
INSERT INTO overhaulRecord
VALUES ('O643957731', 'FC228302543', 'NULL', 20460201130245, 'SF1838239550', 'NULL');
INSERT INTO overhaulRecord
VALUES ('O644050947', 'FC18532691', 'NULL', 20831129124759, 'SF1723219020', 'NULL');
INSERT INTO overhaulRecord
VALUES ('O644332688', 'FC680223858', 'NULL', 20180410060257, 'SF667054813', 'NULL');
INSERT INTO overhaulRecord
VALUES ('O649173966', 'FC716055517', 'NULL', 20671025194340, 'SF863234597', 'NULL');
INSERT INTO overhaulRecord
VALUES ('O650323350', 'FC494069211', 'NULL', 20310305230118, 'SF1177605698', 'NULL');
INSERT INTO overhaulRecord
VALUES ('O650747424', 'FC1849917941', 'NULL', 20340504235743, 'SF1757995487', 'NULL');
INSERT INTO overhaulRecord
VALUES ('O651328706', 'FC2109483663', 'NULL', 20341006052043, 'SF798969889', 'NULL');
INSERT INTO overhaulRecord
VALUES ('O655323980', 'FC1859244640', 'NULL', 20970706223548, 'SF1035725393', 'NULL');
INSERT INTO overhaulRecord
VALUES ('O655990029', 'FC2080842758', 'NULL', 20301203131157, 'SF1760312546', 'NULL');
INSERT INTO overhaulRecord
VALUES ('O656110667', 'FC2116028761', 'NULL', 20061007024935, 'SF1838239550', 'NULL');
INSERT INTO overhaulRecord
VALUES ('O663478047', 'FC958383831', 'NULL', 20350325041808, 'SF684900388', 'NULL');
INSERT INTO overhaulRecord
VALUES ('O663611696', 'FC1353246464', 'NULL', 20430705004621, 'SF245676536', 'NULL');
INSERT INTO overhaulRecord
VALUES ('O665155097', 'FC1649449975', 'NULL', 20990527191539, 'SF907234094', 'NULL');
INSERT INTO overhaulRecord
VALUES ('O668570410', 'FC1152593067', 'NULL', 20450613025827, 'SF1723219020', 'NULL');
INSERT INTO overhaulRecord
VALUES ('O672691296', 'FC423274092', 'NULL', 20711117164818, 'SF809675534', 'NULL');
INSERT INTO overhaulRecord
VALUES ('O677735454', 'FC61252768', 'NULL', 20561118083129, 'SF1707111159', 'NULL');
INSERT INTO overhaulRecord
VALUES ('O68002462', 'FC114938644', 'NULL', 20840602013525, 'SF2032619573', 'NULL');
INSERT INTO overhaulRecord
VALUES ('O680820648', 'FC2131918362', 'NULL', 20690224004614, 'SF1760312546', 'NULL');
INSERT INTO overhaulRecord
VALUES ('O682192173', 'FC1553967780', 'NULL', 20550815062249, 'SF1929755947', 'NULL');
INSERT INTO overhaulRecord
VALUES ('O682795150', 'FC275485585', 'NULL', 20261201035230, 'SF291878158', 'NULL');
INSERT INTO overhaulRecord
VALUES ('O68320287', 'FC551136435', 'NULL', 20590818000148, 'SF71679732', 'NULL');
INSERT INTO overhaulRecord
VALUES ('O68379272', 'FC1455212724', 'NULL', 20960901122845, 'SF608473196', 'NULL');
INSERT INTO overhaulRecord
VALUES ('O685401903', 'FC391874456', 'NULL', 20990102103156, 'SF1325604751', 'NULL');
INSERT INTO overhaulRecord
VALUES ('O685879398', 'FC1982403070', 'NULL', 20570326032751, 'SF1550134583', 'NULL');
INSERT INTO overhaulRecord
VALUES ('O686582280', 'FC1501825380', 'NULL', 20100401232051, 'SF205293560', 'NULL');
INSERT INTO overhaulRecord
VALUES ('O691686637', 'FC1045693352', 'NULL', 20740731015317, 'SF1325604751', 'NULL');
INSERT INTO overhaulRecord
VALUES ('O69364774', 'FC1132111383', 'NULL', 20041108040122, 'SF743551758', 'NULL');
INSERT INTO overhaulRecord
VALUES ('O696200673', 'FC842809634', 'NULL', 20850123062250, 'SF106958357', 'NULL');
INSERT INTO overhaulRecord
VALUES ('O696391295', 'FC228302543', 'NULL', 20790914185355, 'SF1550134583', 'NULL');
INSERT INTO overhaulRecord
VALUES ('O6974741', 'FC494069211', 'NULL', 20771028235752, 'SF1550134583', 'NULL');
INSERT INTO overhaulRecord
VALUES ('O697727780', 'FC2107377057', 'NULL', 20471005024656, 'SF1621971018', 'NULL');
INSERT INTO overhaulRecord
VALUES ('O700493362', 'FC139410051', 'NULL', 20630606174128, 'SF2081721216', 'NULL');
INSERT INTO overhaulRecord
VALUES ('O702899413', 'FC391415254', 'NULL', 20480228005043, 'SF765783780', 'NULL');
INSERT INTO overhaulRecord
VALUES ('O704859621', 'FC160958879', 'NULL', 20720429074854, 'SF67306935', 'NULL');
INSERT INTO overhaulRecord
VALUES ('O705112256', 'FC414015200', 'NULL', 20601017043043, 'SF684900388', 'NULL');
INSERT INTO overhaulRecord
VALUES ('O705191788', 'FC1393400121', 'NULL', 20390927094250, 'SF1621971018', 'NULL');
INSERT INTO overhaulRecord
VALUES ('O706700463', 'FC2049120290', 'NULL', 20210818042048, 'SF1325240132', 'NULL');
INSERT INTO overhaulRecord
VALUES ('O707916394', 'FC29569704', 'NULL', 20171108200559, 'SF106958357', 'NULL');
INSERT INTO overhaulRecord
VALUES ('O716852755', 'FC1922742865', 'NULL', 20820628012431, 'SF1040003242', 'NULL');
INSERT INTO overhaulRecord
VALUES ('O724916491', 'FC559375786', 'NULL', 20621221231121, 'SF1760312546', 'NULL');
INSERT INTO overhaulRecord
VALUES ('O725132288', 'FC1952781796', 'NULL', 20971117103911, 'SF1651258223', 'NULL');
INSERT INTO overhaulRecord
VALUES ('O730063730', 'FC722764369', 'NULL', 20590709185117, 'SF205293560', 'NULL');
INSERT INTO overhaulRecord
VALUES ('O730893282', 'FC238407028', 'NULL', 20791110054727, 'SF907234094', 'NULL');
INSERT INTO overhaulRecord
VALUES ('O731005312', 'FC1866731415', 'NULL', 20911025002259, 'SF2130413404', 'NULL');
INSERT INTO overhaulRecord
VALUES ('O732973371', 'FC223006398', 'NULL', 20600420174833, 'SF1510125838', 'NULL');
INSERT INTO overhaulRecord
VALUES ('O733130755', 'FC1143113191', 'NULL', 20870328172624, 'SF71679732', 'NULL');
INSERT INTO overhaulRecord
VALUES ('O73389345', 'FC29569704', 'NULL', 20730504113037, 'SF1707111159', 'NULL');
INSERT INTO overhaulRecord
VALUES ('O736292615', 'FC696438346', 'NULL', 20550914095127, 'SF798969889', 'NULL');
INSERT INTO overhaulRecord
VALUES ('O737994354', 'FC2109483663', 'NULL', 20061020120013, 'SF113450204', 'NULL');
INSERT INTO overhaulRecord
VALUES ('O739436629', 'FC252797744', 'NULL', 20141019142224, 'SF1155426710', 'NULL');
INSERT INTO overhaulRecord
VALUES ('O741195010', 'FC441308551', 'NULL', 20441222022408, 'SF113450204', 'NULL');
INSERT INTO overhaulRecord
VALUES ('O743562796', 'FC890967272', 'NULL', 20470620115624, 'SF1592371108', 'NULL');
INSERT INTO overhaulRecord
VALUES ('O744655223', 'FC718751206', 'NULL', 20000410052931, 'SF1177605698', 'NULL');
INSERT INTO overhaulRecord
VALUES ('O752501699', 'FC1871516821', 'NULL', 20310613030303, 'SF1035725393', 'NULL');
INSERT INTO overhaulRecord
VALUES ('O753362254', 'FC566663112', 'NULL', 20590405021725, 'SF1939583739', 'NULL');
INSERT INTO overhaulRecord
VALUES ('O754242030', 'FC1493768665', 'NULL', 20900701114126, 'SF1155426710', 'NULL');
INSERT INTO overhaulRecord
VALUES ('O755371855', 'FC1129969590', 'NULL', 20470604010310, 'SF1443696079', 'NULL');
INSERT INTO overhaulRecord
VALUES ('O757127296', 'FC566663112', 'NULL', 20040601124221, 'SF684900388', 'NULL');
INSERT INTO overhaulRecord
VALUES ('O758049523', 'FC1987847293', 'NULL', 20081227100834, 'SF1443696079', 'NULL');
INSERT INTO overhaulRecord
VALUES ('O759759720', 'FC753008102', 'NULL', 20750324062444, 'SF749524158', 'NULL');
INSERT INTO overhaulRecord
VALUES ('O760915078', 'FC1761911569', 'NULL', 20860901225759, 'SF2130413404', 'NULL');
INSERT INTO overhaulRecord
VALUES ('O760993615', 'FC1311187103', 'NULL', 20820621032502, 'SF965085361', 'NULL');
INSERT INTO overhaulRecord
VALUES ('O762427874', 'FC211126078', 'NULL', 20360630192658, 'SF71679732', 'NULL');
INSERT INTO overhaulRecord
VALUES ('O762525923', 'FC83469973', 'NULL', 20991119115005, 'SF749524158', 'NULL');
INSERT INTO overhaulRecord
VALUES ('O764857910', 'FC2078536631', 'NULL', 20020916041512, 'SF1325604751', 'NULL');
INSERT INTO overhaulRecord
VALUES ('O770576671', 'FC902559928', 'NULL', 20740124052152, 'SF1443696079', 'NULL');
INSERT INTO overhaulRecord
VALUES ('O777987911', 'FC1765176504', 'NULL', 20060327001350, 'SF907234094', 'NULL');
INSERT INTO overhaulRecord
VALUES ('O778515222', 'FC477732470', 'NULL', 20051020062634, 'SF106958357', 'NULL');
INSERT INTO overhaulRecord
VALUES ('O7807027', 'FC4049846', 'NULL', 20810421200611, 'SF684900388', 'NULL');
INSERT INTO overhaulRecord
VALUES ('O791288545', 'FC443035299', 'NULL', 20960418125145, 'SF667054813', 'NULL');
INSERT INTO overhaulRecord
VALUES ('O79143685', 'FC950676639', 'NULL', 20760711235616, 'SF2110164235', 'NULL');
INSERT INTO overhaulRecord
VALUES ('O792075076', 'FC1154574010', 'NULL', 20400401053859, 'SF667054813', 'NULL');
INSERT INTO overhaulRecord
VALUES ('O792830002', 'FC814659773', 'NULL', 20380911231312, 'SF819718857', 'NULL');
INSERT INTO overhaulRecord
VALUES ('O795429410', 'FC1173831071', 'NULL', 20360630235456, 'SF809675534', 'NULL');
INSERT INTO overhaulRecord
VALUES ('O796300251', 'FC924108568', 'NULL', 20551009063946, 'SF113450204', 'NULL');
INSERT INTO overhaulRecord
VALUES ('O796541980', 'FC633330408', 'NULL', 20520430132802, 'SF2110164235', 'NULL');
INSERT INTO overhaulRecord
VALUES ('O799108037', 'FC2131918362', 'NULL', 20480201045254, 'SF1325604751', 'NULL');
INSERT INTO overhaulRecord
VALUES ('O799557521', 'FC540137098', 'NULL', 20290328104844, 'SF67306935', 'NULL');
INSERT INTO overhaulRecord
VALUES ('O801931082', 'FC2128043673', 'NULL', 20021023032807, 'SF2081721216', 'NULL');
INSERT INTO overhaulRecord
VALUES ('O8041381', 'FC1919617107', 'NULL', 20710619152538, 'SF1325240132', 'NULL');
INSERT INTO overhaulRecord
VALUES ('O805586634', 'FC103781177', 'NULL', 20550714123611, 'SF1155426710', 'NULL');
INSERT INTO overhaulRecord
VALUES ('O807171150', 'FC592620614', 'NULL', 20450907161337, 'SF1040003242', 'NULL');
INSERT INTO overhaulRecord
VALUES ('O807636601', 'FC670830217', 'NULL', 20000310031447, 'SF608473196', 'NULL');
INSERT INTO overhaulRecord
VALUES ('O807758650', 'FC1258174960', 'NULL', 20680507064443, 'SF907234094', 'NULL');
INSERT INTO overhaulRecord
VALUES ('O808046512', 'FC918635540', 'NULL', 20440612155650, 'SF608473196', 'NULL');
INSERT INTO overhaulRecord
VALUES ('O812508124', 'FC2080842758', 'NULL', 20871129102826, 'SF743551758', 'NULL');
INSERT INTO overhaulRecord
VALUES ('O812753646', 'FC1802031965', 'NULL', 20861224112742, 'SF798969889', 'NULL');
INSERT INTO overhaulRecord
VALUES ('O812922957', 'FC1970056498', 'NULL', 20490128010530, 'SF300732922', 'NULL');
INSERT INTO overhaulRecord
VALUES ('O814436018', 'FC2131918362', 'NULL', 20161027151227, 'SF300732922', 'NULL');
INSERT INTO overhaulRecord
VALUES ('O815058743', 'FC1493768665', 'NULL', 20570130025710, 'SF1389198663', 'NULL');
INSERT INTO overhaulRecord
VALUES ('O815275159', 'FC228302543', 'NULL', 20720408180653, 'SF798969889', 'NULL');
INSERT INTO overhaulRecord
VALUES ('O817631611', 'FC1429695117', 'NULL', 20880907175642, 'SF245676536', 'NULL');
INSERT INTO overhaulRecord
VALUES ('O818984526', 'FC369538298', 'NULL', 20841018203256, 'SF1035725393', 'NULL');
INSERT INTO overhaulRecord
VALUES ('O820608177', 'FC1635015464', 'NULL', 20810813131717, 'SF1035725393', 'NULL');
INSERT INTO overhaulRecord
VALUES ('O821649805', 'FC58414977', 'NULL', 20110426012030, 'SF863234597', 'NULL');
INSERT INTO overhaulRecord
VALUES ('O823852894', 'FC1337132839', 'NULL', 20491017161306, 'SF309484508', 'NULL');
INSERT INTO overhaulRecord
VALUES ('O824420575', 'FC1119806908', 'NULL', 20840913112638, 'SF1929623560', 'NULL');
INSERT INTO overhaulRecord
VALUES ('O82509092', 'FC2061712264', 'NULL', 20670109115204, 'SF765783780', 'NULL');
INSERT INTO overhaulRecord
VALUES ('O825158129', 'FC1375543476', 'NULL', 20520812193629, 'SF1035725393', 'NULL');
INSERT INTO overhaulRecord
VALUES ('O826367383', 'FC114938644', 'NULL', 20650618203012, 'SF1325240132', 'NULL');
INSERT INTO overhaulRecord
VALUES ('O827202789', 'FC387987097', 'NULL', 20060620152225, 'SF1592371108', 'NULL');
INSERT INTO overhaulRecord
VALUES ('O827480185', 'FC211126078', 'NULL', 20100808135824, 'SF2131836294', 'NULL');
INSERT INTO overhaulRecord
VALUES ('O827649360', 'FC1727574362', 'NULL', 20940531213940, 'SF291878158', 'NULL');
INSERT INTO overhaulRecord
VALUES ('O828039567', 'FC2131918362', 'NULL', 20090425134135, 'SF809675534', 'NULL');
INSERT INTO overhaulRecord
VALUES ('O829570347', 'FC782330128', 'NULL', 20631128092055, 'SF1838239550', 'NULL');
INSERT INTO overhaulRecord
VALUES ('O830835369', 'FC1008419130', 'NULL', 20910321112728, 'SF749524158', 'NULL');
INSERT INTO overhaulRecord
VALUES ('O830836269', 'FC1121460716', 'NULL', 20160904020951, 'SF1651258223', 'NULL');
INSERT INTO overhaulRecord
VALUES ('O837472727', 'FC1279452620', 'NULL', 20050912132824, 'SF1177605698', 'NULL');
INSERT INTO overhaulRecord
VALUES ('O841187387', 'FC1208254591', 'NULL', 20511113003740, 'SF1707111159', 'NULL');
INSERT INTO overhaulRecord
VALUES ('O841487018', 'FC1284395718', 'NULL', 20590726085508, 'SF245676536', 'NULL');
INSERT INTO overhaulRecord
VALUES ('O843645942', 'FC1744868006', 'NULL', 20031128043653, 'SF1443696079', 'NULL');
INSERT INTO overhaulRecord
VALUES ('O844851457', 'FC291151990', 'NULL', 20591006081007, 'SF1040003242', 'NULL');
INSERT INTO overhaulRecord
VALUES ('O845246259', 'FC1519098677', 'NULL', 20581124110605, 'SF667054813', 'NULL');
INSERT INTO overhaulRecord
VALUES ('O848326848', 'FC1342198566', 'NULL', 20730710154259, 'SF67306935', 'NULL');
INSERT INTO overhaulRecord
VALUES ('O84957935', 'FC890967272', 'NULL', 20961109020234, 'SF1929623560', 'NULL');
INSERT INTO overhaulRecord
VALUES ('O850184490', 'FC1337132839', 'NULL', 20870925011452, 'SF798969889', 'NULL');
INSERT INTO overhaulRecord
VALUES ('O852570479', 'FC2117730682', 'NULL', 20730108095809, 'SF1325240132', 'NULL');
INSERT INTO overhaulRecord
VALUES ('O852600993', 'FC869571116', 'NULL', 20811203051735, 'SF2110164235', 'NULL');
INSERT INTO overhaulRecord
VALUES ('O8541823', 'FC160068280', 'NULL', 20020513170102, 'SF809675534', 'NULL');
INSERT INTO overhaulRecord
VALUES ('O859712599', 'FC284069615', 'NULL', 20510528070116, 'SF245676536', 'NULL');
INSERT INTO overhaulRecord
VALUES ('O860978263', 'FC730930193', 'NULL', 20180220024642, 'SF300732922', 'NULL');
INSERT INTO overhaulRecord
VALUES ('O861423979', 'FC1808773344', 'NULL', 20971207063455, 'SF1325240132', 'NULL');
INSERT INTO overhaulRecord
VALUES ('O8614535', 'FC1952781796', 'NULL', 20070904201941, 'SF798969889', 'NULL');
INSERT INTO overhaulRecord
VALUES ('O869356826', 'FC1791938254', 'NULL', 20781210233945, 'SF684900388', 'NULL');
INSERT INTO overhaulRecord
VALUES ('O86960542', 'FC518882064', 'NULL', 20810618215941, 'SF1707111159', 'NULL');
INSERT INTO overhaulRecord
VALUES ('O871373661', 'FC188120665', 'NULL', 20580307041428, 'SF608473196', 'NULL');
INSERT INTO overhaulRecord
VALUES ('O874574878', 'FC909103337', 'NULL', 20330804170424, 'SF907234094', 'NULL');
INSERT INTO overhaulRecord
VALUES ('O875536302', 'FC422551749', 'NULL', 20130211224340, 'SF667054813', 'NULL');
INSERT INTO overhaulRecord
VALUES ('O878858752', 'FC387987097', 'NULL', 20541206170952, 'SF1723219020', 'NULL');
INSERT INTO overhaulRecord
VALUES ('O885151005', 'FC1143113191', 'NULL', 20731228020838, 'SF2131836294', 'NULL');
INSERT INTO overhaulRecord
VALUES ('O891024536', 'FC1079353989', 'NULL', 20520902200553, 'SF798969889', 'NULL');
INSERT INTO overhaulRecord
VALUES ('O891429578', 'FC1152593067', 'NULL', 20610516235838, 'SF1939583739', 'NULL');
INSERT INTO overhaulRecord
VALUES ('O893117582', 'FC761313012', 'NULL', 20040218120235, 'SF1443696079', 'NULL');
INSERT INTO overhaulRecord
VALUES ('O893501236', 'FC1429695117', 'NULL', 20910112131013, 'SF1621971018', 'NULL');
INSERT INTO overhaulRecord
VALUES ('O898828737', 'FC863701258', 'NULL', 20030819123417, 'SF1838239550', 'NULL');
INSERT INTO overhaulRecord
VALUES ('O899881082', 'FC1436191931', 'NULL', 20580312050741, 'SF965085361', 'NULL');
INSERT INTO overhaulRecord
VALUES ('O902068277', 'FC497839617', 'NULL', 20320129161712, 'SF245676536', 'NULL');
INSERT INTO overhaulRecord
VALUES ('O903085396', 'FC806754379', 'NULL', 20520530002727, 'SF1838239550', 'NULL');
INSERT INTO overhaulRecord
VALUES ('O90356669', 'FC871801923', 'NULL', 20671204151359, 'SF309484508', 'NULL');
INSERT INTO overhaulRecord
VALUES ('O904262763', 'FC943789767', 'NULL', 20061206081529, 'SF1709578796', 'NULL');
INSERT INTO overhaulRecord
VALUES ('O908148243', 'FC205411999', 'NULL', 20141125132420, 'SF205293560', 'NULL');
INSERT INTO overhaulRecord
VALUES ('O909760899', 'FC1379227073', 'NULL', 20590125102915, 'SF1177605698', 'NULL');
INSERT INTO overhaulRecord
VALUES ('O911373989', 'FC356502182', 'NULL', 20990822201014, 'SF819718857', 'NULL');
INSERT INTO overhaulRecord
VALUES ('O915339912', 'FC29569704', 'NULL', 20330729164936, 'SF2032619573', 'NULL');
INSERT INTO overhaulRecord
VALUES ('O919674377', 'FC176333061', 'NULL', 20770506003930, 'SF2110164235', 'NULL');
INSERT INTO overhaulRecord
VALUES ('O924630710', 'FC305606996', 'NULL', 20460321161752, 'SF1929623560', 'NULL');
INSERT INTO overhaulRecord
VALUES ('O926500289', 'FC119064071', 'NULL', 20410521090918, 'SF1760312546', 'NULL');
INSERT INTO overhaulRecord
VALUES ('O927941417', 'FC958383831', 'NULL', 20520612205546, 'SF67306935', 'NULL');
INSERT INTO overhaulRecord
VALUES ('O928362062', 'FC602922205', 'NULL', 20510224153253, 'SF1939583739', 'NULL');
INSERT INTO overhaulRecord
VALUES ('O928391359', 'FC691305136', 'NULL', 20730725074352, 'SF2131836294', 'NULL');
INSERT INTO overhaulRecord
VALUES ('O933183938', 'FC284069615', 'NULL', 20461219091900, 'SF1155426710', 'NULL');
INSERT INTO overhaulRecord
VALUES ('O933975027', 'FC187532596', 'NULL', 20010607062343, 'SF965085361', 'NULL');
INSERT INTO overhaulRecord
VALUES ('O934518105', 'FC1727574362', 'NULL', 20170302063906, 'SF291878158', 'NULL');
INSERT INTO overhaulRecord
VALUES ('O93541419', 'FC1338472414', 'NULL', 20430509043922, 'SF684900388', 'NULL');
INSERT INTO overhaulRecord
VALUES ('O937879750', 'FC1023381073', 'NULL', 20110723072920, 'SF1177605698', 'NULL');
INSERT INTO overhaulRecord
VALUES ('O939065210', 'FC1802562479', 'NULL', 20720117125216, 'SF1443696079', 'NULL');
INSERT INTO overhaulRecord
VALUES ('O940155800', 'FC953042311', 'NULL', 20970625173850, 'SF309484508', 'NULL');
INSERT INTO overhaulRecord
VALUES ('O94102226', 'FC927427863', 'NULL', 20561026033549, 'SF658493989', 'NULL');
INSERT INTO overhaulRecord
VALUES ('O944398267', 'FC369467091', 'NULL', 20340629172542, 'SF1325240132', 'NULL');
INSERT INTO overhaulRecord
VALUES ('O944636453', 'FC1837354973', 'NULL', 20391110140047, 'SF2081721216', 'NULL');
INSERT INTO overhaulRecord
VALUES ('O946659272', 'FC1944567436', 'NULL', 20231207051043, 'SF1040003242', 'NULL');
INSERT INTO overhaulRecord
VALUES ('O949121142', 'FC1791938254', 'NULL', 20641105062822, 'SF205293560', 'NULL');
INSERT INTO overhaulRecord
VALUES ('O949371925', 'FC1341725892', 'NULL', 20450502235902, 'SF2131836294', 'NULL');
INSERT INTO overhaulRecord
VALUES ('O949560849', 'FC874637762', 'NULL', 20640411211228, 'SF1040003242', 'NULL');
INSERT INTO overhaulRecord
VALUES ('O950530892', 'FC1634093083', 'NULL', 20720221082724, 'SF1929755947', 'NULL');
INSERT INTO overhaulRecord
VALUES ('O950573724', 'FC902559928', 'NULL', 20791108045325, 'SF1177605698', 'NULL');
INSERT INTO overhaulRecord
VALUES ('O951565108', 'FC712571332', 'NULL', 20921118212336, 'SF205293560', 'NULL');
INSERT INTO overhaulRecord
VALUES ('O956356732', 'FC1592180299', 'NULL', 20100512101415, 'SF205293560', 'NULL');
INSERT INTO overhaulRecord
VALUES ('O958744629', 'FC119064071', 'NULL', 20950706002308, 'SF965085361', 'NULL');
INSERT INTO overhaulRecord
VALUES ('O95948793', 'FC1346357072', 'NULL', 20460612051335, 'SF1707111159', 'NULL');
INSERT INTO overhaulRecord
VALUES ('O959990484', 'FC1343965217', 'NULL', 20120512033418, 'SF1757995487', 'NULL');
INSERT INTO overhaulRecord
VALUES ('O960637436', 'FC843783515', 'NULL', 20130207093943, 'SF2130413404', 'NULL');
INSERT INTO overhaulRecord
VALUES ('O962382953', 'FC201412851', 'NULL', 20690810144746, 'SF309484508', 'NULL');
INSERT INTO overhaulRecord
VALUES ('O968991026', 'FC1649794852', 'NULL', 20121115033828, 'SF67306935', 'NULL');
INSERT INTO overhaulRecord
VALUES ('O969163215', 'FC494069211', 'NULL', 20221104115600, 'SF1929623560', 'NULL');
INSERT INTO overhaulRecord
VALUES ('O969428285', 'FC698993712', 'NULL', 20450419051634, 'SF1707111159', 'NULL');
INSERT INTO overhaulRecord
VALUES ('O970393027', 'FC1849917941', 'NULL', 20860911210505, 'SF205293560', 'NULL');
INSERT INTO overhaulRecord
VALUES ('O976430183', 'FC758298452', 'NULL', 20131109151907, 'SF1035725393', 'NULL');
INSERT INTO overhaulRecord
VALUES ('O979860932', 'FC8449931', 'NULL', 20640805210608, 'SF1035725393', 'NULL');
INSERT INTO overhaulRecord
VALUES ('O980319238', 'FC211126078', 'NULL', 20650901155824, 'SF1651258223', 'NULL');
INSERT INTO overhaulRecord
VALUES ('O983544677', 'FC1279417880', 'NULL', 20800921091106, 'SF2131836294', 'NULL');
INSERT INTO overhaulRecord
VALUES ('O983818913', 'FC988289445', 'NULL', 20560116050653, 'SF798969889', 'NULL');
INSERT INTO overhaulRecord
VALUES ('O984903602', 'FC1757298818', 'NULL', 20600219140209, 'SF1929755947', 'NULL');
INSERT INTO overhaulRecord
VALUES ('O990326551', 'FC919061846', 'NULL', 20800105061249, 'SF1325604751', 'NULL');
INSERT INTO overhaulRecord
VALUES ('O991057931', 'FC1080358251', 'NULL', 20400201061130, 'SF809675534', 'NULL');
INSERT INTO overhaulRecord
VALUES ('O995103147', 'FC2085165601', 'NULL', 20140927104910, 'SF1040003242', 'NULL');
INSERT INTO overhaulRecord
VALUES ('O996734806', 'FC1794825599', 'NULL', 20890915083642, 'SF106958357', 'NULL');
INSERT INTO proprietor
VALUES ('P1000931623', '任澄清', '女', '1038979454', 19211009114943, 'B90673', 288, 66);
INSERT INTO proprietor
VALUES ('P1017983990', '冯顾介', '女', '1115509404', 19181226151911, 'B26466', 887, 76);
INSERT INTO proprietor
VALUES ('P102069925', '黄方歌', '女', '879417410', 19161106113220, 'B17332', 183, 35);
INSERT INTO proprietor
VALUES ('P102212384', '陆书铸', '男', '1929071415', 19460716165451, 'B63632', 577, 79);
INSERT INTO proprietor
VALUES ('P1031731763', '唐陵铠', '男', '375265140', 19881102132337, 'B52740', 759, 0);
INSERT INTO proprietor
VALUES ('P103269683', '於奉辛', '男', '1926686451', 19911003081133, 'B39106', 534, 66);
INSERT INTO proprietor
VALUES ('P1035519671', '蔡谱谦', '女', '2009474390', 19080307180721, 'B3469', 906, 60);
INSERT INTO proprietor
VALUES ('P1039211903', '张后戴', '女', '1531549190', 19881128025032, 'B77825', 391, 50);
INSERT INTO proprietor
VALUES ('P1041616952', '熊晰钦', '男', '1878885091', 19490523203702, 'B77149', 533, 10);
INSERT INTO proprietor
VALUES ('P1042690889', '姚贺江', '女', '73983941', 19740516025731, 'B87109', 909, 68);
INSERT INTO proprietor
VALUES ('P1048852753', '萧潭举', '女', '2116364862', 19730727194028, 'B94593', 332, 58);
INSERT INTO proprietor
VALUES ('P1053799517', '马远程', '男', '1987495451', 19190305083050, 'B55276', 186, 21);
INSERT INTO proprietor
VALUES ('P1056803612', '崔白令', '女', '869298878', 19050609095311, 'B61327', 492, 53);
INSERT INTO proprietor
VALUES ('P1058531497', '孟世逸', '女', '1914726964', 19530201061522, 'B14418', 426, 4);
INSERT INTO proprietor
VALUES ('P1060397981', '李宁椅', '男', '492458144', 19701223163250, 'B98521', 106, 3);
INSERT INTO proprietor
VALUES ('P1064325210', '冯艾唯', '男', '825742949', 19290307022700, 'B76754', 31, 28);
INSERT INTO proprietor
VALUES ('P1064866490', '戴维羡', '女', '1073956486', 19671117073006, 'B94593', 953, 18);
INSERT INTO proprietor
VALUES ('P1078536393', '林观宽', '女', '720858938', 19390915191254, 'B43028', 958, 79);
INSERT INTO proprietor
VALUES ('P1078589272', '崔征维', '男', '1888163138', 19470516125448, 'B17332', 66, 23);
INSERT INTO proprietor
VALUES ('P1081829518', '郑既钦', '女', '1504987548', 19700202093400, 'B94624', 729, 0);
INSERT INTO proprietor
VALUES ('P1083933649', '张永谨', '男', '1829461051', 19110810140051, 'B54807', 752, 21);
INSERT INTO proprietor
VALUES ('P109008312', '唐储适', '女', '1419181279', 19240211062702, 'B80300', 203, 43);
INSERT INTO proprietor
VALUES ('P1098435381', '董培绵', '男', '77507194', 19760327164924, 'B55276', 679, 36);
INSERT INTO proprietor
VALUES ('P111010423', '冯纬逸', '男', '596230359', 19111013102310, 'B62727', 11, 24);
INSERT INTO proprietor
VALUES ('P1114914482', '韩世征', '男', '1870836251', 19300628032351, 'B3469', 891, 46);
INSERT INTO proprietor
VALUES ('P1115244300', '吕枫瑶', '男', '1392328763', 19290523005405, 'B77149', 377, 21);
INSERT INTO proprietor
VALUES ('P1122651442', '杨珍瑶', '男', '1900522325', 19970818173453, 'B62446', 500, 27);
INSERT INTO proprietor
VALUES ('P1128112195', '卢数慕', '女', '1889373301', 19650211113212, 'B39944', 741, 99);
INSERT INTO proprietor
VALUES ('P1129489784', '邹晋蔚', '女', '1266600208', 19920211160946, 'B30375', 47, 88);
INSERT INTO proprietor
VALUES ('P1134032561', '萧声本', '男', '826956562', 19500823204619, 'B80300', 532, 86);
INSERT INTO proprietor
VALUES ('P1136725802', '蔡絮琴', '女', '1423510053', 19910102114402, 'B6722', 931, 5);
INSERT INTO proprietor
VALUES ('P1138232830', '谭雅朗', '女', '1909689564', 19330215180937, 'B17332', 537, 93);
INSERT INTO proprietor
VALUES ('P1141866383', '贾凉处', '女', '1459746982', 19460812135807, 'B39106', 709, 20);
INSERT INTO proprietor
VALUES ('P1143069583', '赵浦先', '男', '8229746', 19140125184706, 'B48241', 40, 66);
INSERT INTO proprietor
VALUES ('P1151944769', '李慈易', '女', '1478166539', 19770110204954, 'B98289', 366, 98);
INSERT INTO proprietor
VALUES ('P1154073421', '李谷和', '女', '2070825246', 19930302200542, 'B25523', 470, 96);
INSERT INTO proprietor
VALUES ('P1154940277', '陆临歧', '女', '617980379', 19611203123728, 'B54807', 237, 67);
INSERT INTO proprietor
VALUES ('P1161803192', '许陆光', '女', '2075737323', 19460414113751, 'B22255', 584, 35);
INSERT INTO proprietor
VALUES ('P1162112482', '刘桑慕', '女', '336581426', 19841127072807, 'B56670', 690, 54);
INSERT INTO proprietor
VALUES ('P1170654878', '魏蒙瑶', '女', '560842382', 19910502123847, 'B13071', 108, 28);
INSERT INTO proprietor
VALUES ('P1174878952', '胡塘瞻', '男', '1758764956', 19840509193831, 'B62727', 337, 77);
INSERT INTO proprietor
VALUES ('P1176640738', '於歧焕', '男', '967780400', 19220611165044, 'B51560', 551, 91);
INSERT INTO proprietor
VALUES ('P1181333825', '方道植', '女', '2051084930', 19660126010311, 'B62446', 610, 3);
INSERT INTO proprietor
VALUES ('P1182714949', '黄勉逊', '男', '1935248962', 19190210111938, 'B28096', 650, 18);
INSERT INTO proprietor
VALUES ('P1188343740', '傅防征', '女', '26669677', 19631210200034, 'B62727', 412, 66);
INSERT INTO proprietor
VALUES ('P1189828939', '熊元锡', '女', '45044965', 19110116012304, 'B62446', 531, 41);
INSERT INTO proprietor
VALUES ('P1190886194', '梁钟著', '男', '1092394077', 19360626011218, 'B43028', 241, 81);
INSERT INTO proprietor
VALUES ('P1191275887', '范辛绘', '男', '1652678138', 19680116182516, 'B95553', 392, 81);
INSERT INTO proprietor
VALUES ('P1191280260', '丁梦常', '男', '543861359', 19810419183928, 'B80300', 513, 55);
INSERT INTO proprietor
VALUES ('P1192472310', '胡艾缤', '男', '32133633', 19340121174818, 'B94593', 91, 92);
INSERT INTO proprietor
VALUES ('P1198059383', '吴枢本', '女', '1098920817', 19190325190115, 'B52740', 183, 24);
INSERT INTO proprietor
VALUES ('P1203228700', '周登池', '女', '2032061197', 19380927182002, 'B74845', 63, 82);
INSERT INTO proprietor
VALUES ('P1215578559', '赵任犀', '女', '646928606', 19810420225825, 'B74845', 480, 66);
INSERT INTO proprietor
VALUES ('P1216907202', '潘哲真', '男', '579838963', 19550222063627, 'B55277', 703, 68);
INSERT INTO proprietor
VALUES ('P1217899580', '徐溪原', '男', '1539669814', 19481204230945, 'B82520', 428, 32);
INSERT INTO proprietor
VALUES ('P1219188309', '袁澳蔚', '女', '2116138990', 19630910223923, 'B98521', 108, 0);
INSERT INTO proprietor
VALUES ('P1219628123', '潘公星', '男', '115428603', 19800317055132, 'B37414', 399, 24);
INSERT INTO proprietor
VALUES ('P1224656458', '廖项鹰', '女', '903975656', 19140731015614, 'B55277', 449, 30);
INSERT INTO proprietor
VALUES ('P1227835360', '韦顺柏', '女', '629999690', 19200425044227, 'B77825', 853, 95);
INSERT INTO proprietor
VALUES ('P1233236829', '林洲况', '男', '1964832534', 19191203085324, 'B52740', 645, 16);
INSERT INTO proprietor
VALUES ('P1235063269', '董基新', '男', '1145468099', 19850816121254, 'B59957', 150, 63);
INSERT INTO proprietor
VALUES ('P1236411411', '董见歌', '女', '1555442055', 19540331054858, 'B87109', 980, 6);
INSERT INTO proprietor
VALUES ('P1251252662', '韦寒齐', '女', '1384099952', 19600728015151, 'B82520', 422, 62);
INSERT INTO proprietor
VALUES ('P1251613346', '金肃犀', '女', '1120123352', 19620516191905, 'B22255', 422, 47);
INSERT INTO proprietor
VALUES ('P1260995634', '贾婉观', '男', '708099668', 19490926143927, 'B54807', 144, 91);
INSERT INTO proprietor
VALUES ('P1262463079', '叶著慕', '女', '2118610203', 19141208151554, 'B82520', 629, 57);
INSERT INTO proprietor
VALUES ('P1263183857', '何顺益', '男', '220597104', 19060418181714, 'B94593', 582, 99);
INSERT INTO proprietor
VALUES ('P1263189695', '董溯章', '男', '991119339', 19410909134600, 'B13071', 639, 9);
INSERT INTO proprietor
VALUES ('P1264635544', '姚郁白', '男', '716856949', 19731113161830, 'B76754', 39, 71);
INSERT INTO proprietor
VALUES ('P1273379930', '吴瑶域', '男', '1445700579', 19951223152954, 'B28096', 604, 88);
INSERT INTO proprietor
VALUES ('P1274957017', '崔修常', '男', '444106078', 19210623112421, 'B62446', 422, 80);
INSERT INTO proprietor
VALUES ('P1282776228', '吴书策', '男', '890203728', 19470227170015, 'B25523', 237, 20);
INSERT INTO proprietor
VALUES ('P1292495890', '孟辞瑜', '男', '1452502589', 19740720185333, 'B94593', 716, 11);
INSERT INTO proprietor
VALUES ('P1295634098', '贾览彰', '男', '103791978', 19820225002547, 'B82520', 667, 95);
INSERT INTO proprietor
VALUES ('P1301834115', '金效愈', '男', '1579001447', 19500121112440, 'B48241', 76, 52);
INSERT INTO proprietor
VALUES ('P1303470662', '廖溯凝', '女', '1178336210', 19360924063121, 'B30375', 961, 86);
INSERT INTO proprietor
VALUES ('P1304309296', '方奉友', '男', '1483116677', 19100924211204, 'B13071', 205, 55);
INSERT INTO proprietor
VALUES ('P1308228293', '余顺裕', '男', '1465368403', 19251016012545, 'B37414', 652, 86);
INSERT INTO proprietor
VALUES ('P130948644', '梁绍广', '男', '841739860', 19310415012702, 'B55276', 403, 13);
INSERT INTO proprietor
VALUES ('P1311094699', '吕友澳', '男', '1020677339', 19371115024835, 'B74845', 338, 88);
INSERT INTO proprietor
VALUES ('P131430181', '廖观绩', '男', '1668129295', 19800531071849, 'B76754', 723, 87);
INSERT INTO proprietor
VALUES ('P1314816305', '孙碧著', '男', '774890140', 19720430162702, 'B76866', 895, 31);
INSERT INTO proprietor
VALUES ('P1315370054', '冯耕著', '女', '1217022091', 19090102045110, 'B38140', 919, 89);
INSERT INTO proprietor
VALUES ('P1317816758', '宋慈半', '女', '524875588', 19870616012159, 'B63632', 765, 24);
INSERT INTO proprietor
VALUES ('P1320924612', '韦得荷', '男', '1807112464', 19270107181530, 'B17332', 915, 25);
INSERT INTO proprietor
VALUES ('P13269296', '王巨漫', '男', '1805950411', 19790218083348, 'B3469', 800, 72);
INSERT INTO proprietor
VALUES ('P1328707418', '梁恩韵', '男', '464299763', 19901116171610, 'B6722', 545, 29);
INSERT INTO proprietor
VALUES ('P1330942632', '蒋确仪', '女', '1555444212', 19530419051511, 'B18705', 618, 62);
INSERT INTO proprietor
VALUES ('P13326302', '吕愈舶', '女', '465068021', 19140814232227, 'B30375', 748, 38);
INSERT INTO proprietor
VALUES ('P133293029', '钟鹤远', '女', '53257081', 19150821014143, 'B77149', 727, 42);
INSERT INTO proprietor
VALUES ('P1333862951', '朱觉士', '男', '1483271179', 19771015231418, 'B94624', 366, 57);
INSERT INTO proprietor
VALUES ('P1340435365', '谭叙左', '男', '306201213', 19790830203240, 'B56670', 261, 98);
INSERT INTO proprietor
VALUES ('P1347920284', '程音合', '男', '385427712', 19320107064138, 'B52740', 858, 3);
INSERT INTO proprietor
VALUES ('P1351059175', '萧笙亦', '男', '987006201', 19791023144134, 'B55277', 283, 15);
INSERT INTO proprietor
VALUES ('P1361641367', '田姿崇', '女', '1014174553', 19320325063218, 'B77149', 494, 3);
INSERT INTO proprietor
VALUES ('P1362575169', '丁登阅', '男', '1590114588', 19480818170824, 'B30375', 481, 96);
INSERT INTO proprietor
VALUES ('P1364926106', '罗肃影', '男', '617755497', 19810516100704, 'B61327', 96, 95);
INSERT INTO proprietor
VALUES ('P1372459001', '潘元惜', '男', '689838057', 19930225134551, 'B22056', 147, 47);
INSERT INTO proprietor
VALUES ('P1377721099', '张陆瑶', '女', '1186813815', 19690823061111, 'B28096', 42, 19);
INSERT INTO proprietor
VALUES ('P1385663405', '曹勉盛', '男', '832575504', 19760502160310, 'B28352', 461, 83);
INSERT INTO proprietor
VALUES ('P1389750852', '姚语麟', '女', '744629044', 19391026173445, 'B98289', 537, 61);
INSERT INTO proprietor
VALUES ('P1393627648', '周康傅', '女', '1312382989', 19860921095751, 'B61327', 960, 38);
INSERT INTO proprietor
VALUES ('P1395161311', '谢星遂', '男', '1610759235', 19631126132123, 'B80300', 366, 32);
INSERT INTO proprietor
VALUES ('P1396032798', '任鹤雁', '女', '656162008', 19110816152003, 'B48241', 979, 13);
INSERT INTO proprietor
VALUES ('P139750196', '钟衡之', '男', '997499801', 19250703095944, 'B62446', 185, 60);
INSERT INTO proprietor
VALUES ('P1400345213', '陈珍应', '女', '797345211', 19970518045546, 'B62914', 348, 61);
INSERT INTO proprietor
VALUES ('P1410083932', '崔荣琢', '女', '1639032680', 19910619185613, 'B26466', 8, 64);
INSERT INTO proprietor
VALUES ('P1416087812', '方伊炫', '男', '2085381314', 19580430105343, 'B19839', 327, 65);
INSERT INTO proprietor
VALUES ('P1416318189', '萧玄枫', '女', '600244837', 19001223152917, 'B77825', 359, 31);
INSERT INTO proprietor
VALUES ('P1418380810', '郑段枫', '男', '1821714844', 19291011091215, 'B28352', 675, 97);
INSERT INTO proprietor
VALUES ('P141998013', '孟令铮', '女', '2010657126', 19900604002636, 'B51072', 168, 25);
INSERT INTO proprietor
VALUES ('P142080214', '任介歌', '男', '843746272', 19630726103005, 'B55277', 438, 86);
INSERT INTO proprietor
VALUES ('P1433601294', '余炫奕', '男', '800404841', 19791204192528, 'B43028', 963, 86);
INSERT INTO proprietor
VALUES ('P1434429489', '罗仁举', '女', '1352414774', 19700704102642, 'B25523', 788, 37);
INSERT INTO proprietor
VALUES ('P1434760319', '赵弥世', '男', '98139557', 19030605021045, 'B48241', 192, 55);
INSERT INTO proprietor
VALUES ('P1448292947', '崔舒周', '男', '1313658917', 19120629054655, 'B74845', 990, 31);
INSERT INTO proprietor
VALUES ('P1455342465', '邓寒柳', '男', '588215747', 19880629112437, 'B51072', 214, 7);
INSERT INTO proprietor
VALUES ('P1458960158', '曾遵轩', '女', '1759384601', 19640408055952, 'B3469', 215, 78);
INSERT INTO proprietor
VALUES ('P1459327924', '石绘泰', '女', '1902854456', 19680303234311, 'B74845', 471, 64);
INSERT INTO proprietor
VALUES ('P1462051302', '黄阔索', '女', '1225149134', 19020217070749, 'B22056', 859, 41);
INSERT INTO proprietor
VALUES ('P1464332492', '黄厚适', '男', '586846451', 19331228003625, 'B87109', 175, 25);
INSERT INTO proprietor
VALUES ('P1464672282', '崔镇千', '男', '787311502', 19470420160949, 'B77825', 403, 15);
INSERT INTO proprietor
VALUES ('P1467614203', '王惜羊', '男', '572703144', 19540902044330, 'B66021', 253, 23);
INSERT INTO proprietor
VALUES ('P1469020412', '姜辛退', '男', '845663316', 19660702074415, 'B52740', 859, 71);
INSERT INTO proprietor
VALUES ('P1469970007', '刘厚阅', '男', '1352424117', 19711010055056, 'B39944', 21, 64);
INSERT INTO proprietor
VALUES ('P1504036182', '姜理珍', '男', '113662982', 19911217095606, 'B14418', 360, 1);
INSERT INTO proprietor
VALUES ('P1504929420', '田企经', '女', '379213101', 19580211203808, 'B95553', 760, 11);
INSERT INTO proprietor
VALUES ('P1510424792', '赵域晦', '女', '518044783', 19431201024128, 'B18705', 846, 36);
INSERT INTO proprietor
VALUES ('P151463140', '邹玫齐', '男', '1065260939', 19340702044152, 'B87109', 387, 28);
INSERT INTO proprietor
VALUES ('P1514697612', '卢都顾', '男', '1983620692', 19160323122820, 'B51072', 523, 34);
INSERT INTO proprietor
VALUES ('P1520712737', '韩儒逸', '男', '1735990473', 19690525051409, 'B59957', 334, 43);
INSERT INTO proprietor
VALUES ('P1522445095', '蔡芒启', '男', '1089152328', 19680128182847, 'B82520', 342, 77);
INSERT INTO proprietor
VALUES ('P1525153041', '范陌准', '女', '1427771558', 19280711174430, 'B94593', 26, 45);
INSERT INTO proprietor
VALUES ('P15253171', '任沐益', '男', '238675264', 19990920013341, 'B55276', 687, 16);
INSERT INTO proprietor
VALUES ('P1526209556', '姜梦归', '女', '1303907059', 19250607062332, 'B39944', 890, 91);
INSERT INTO proprietor
VALUES ('P1532179767', '徐道楷', '男', '2064344232', 19920313180953, 'B19057', 782, 37);
INSERT INTO proprietor
VALUES ('P1532774863', '杜榛跃', '女', '2051773552', 19851112021115, 'B74845', 519, 43);
INSERT INTO proprietor
VALUES ('P1537215825', '邱璋度', '女', '36649310', 19281229222319, 'B95553', 999, 62);
INSERT INTO proprietor
VALUES ('P1538410718', '何铠盛', '男', '2139055199', 19660904194733, 'B95553', 728, 1);
INSERT INTO proprietor
VALUES ('P1546919349', '戴傅隐', '女', '1641040514', 19770221043323, 'B62446', 851, 88);
INSERT INTO proprietor
VALUES ('P1546932839', '戴以预', '男', '64532190', 19950815214855, 'B76754', 798, 22);
INSERT INTO proprietor
VALUES ('P1547400195', '田裕资', '女', '11293922', 19180811022315, 'B52740', 401, 66);
INSERT INTO proprietor
VALUES ('P1560295491', '邱彰瞻', '女', '1545484986', 19370314003847, 'B61327', 839, 66);
INSERT INTO proprietor
VALUES ('P1564720366', '江秦秦', '男', '1620328393', 19440203174354, 'B54807', 629, 48);
INSERT INTO proprietor
VALUES ('P1567177872', '姚维慕', '女', '630458222', 19560703220531, 'B3469', 142, 18);
INSERT INTO proprietor
VALUES ('P1571190923', '邱威新', '男', '717110987', 19450102065758, 'B28352', 77, 49);
INSERT INTO proprietor
VALUES ('P1571601503', '袁通殊', '女', '650732574', 19940611083510, 'B98521', 524, 96);
INSERT INTO proprietor
VALUES ('P1572878899', '曹溪疏', '男', '1013929002', 19690917184921, 'B77149', 28, 24);
INSERT INTO proprietor
VALUES ('P1580323660', '潘端项', '男', '1125587829', 19800323162423, 'B39944', 148, 65);
INSERT INTO proprietor
VALUES ('P1581918001', '卢顺令', '女', '1787894756', 19680628211705, 'B62727', 219, 81);
INSERT INTO proprietor
VALUES ('P1589804737', '杨绘宽', '男', '248894887', 19001018062337, 'B51072', 254, 7);
INSERT INTO proprietor
VALUES ('P1593722525', '唐铸鹿', '女', '1166264067', 19001110145547, 'B66021', 151, 5);
INSERT INTO proprietor
VALUES ('P1596336553', '程竞友', '男', '490765944', 19281110164851, 'B51560', 931, 85);
INSERT INTO proprietor
VALUES ('P1598106356', '何敞潮', '男', '985870990', 19251214071957, 'B56670', 810, 30);
INSERT INTO proprietor
VALUES ('P1601685138', '胡高凌', '男', '1786916500', 19050902161126, 'B13071', 739, 15);
INSERT INTO proprietor
VALUES ('P1609201445', '丁恢增', '女', '1592025322', 19811231035621, 'B61327', 823, 93);
INSERT INTO proprietor
VALUES ('P1612048272', '魏玫鹿', '男', '847614799', 19420712051206, 'B87109', 862, 35);
INSERT INTO proprietor
VALUES ('P1615094499', '曾适陶', '男', '1107543254', 19821210070705, 'B39944', 73, 45);
INSERT INTO proprietor
VALUES ('P1616390139', '刘白哲', '女', '1699158439', 19670605002145, 'B6722', 778, 57);
INSERT INTO proprietor
VALUES ('P1617738621', '萧绩施', '男', '766172467', 19570317131431, 'B38140', 288, 0);
INSERT INTO proprietor
VALUES ('P1617775630', '丁稚蔚', '女', '455742861', 19250106131510, 'B55277', 2, 14);
INSERT INTO proprietor
VALUES ('P1618099416', '苏策尊', '男', '1208160338', 19810121144528, 'B77825', 789, 49);
INSERT INTO proprietor
VALUES ('P1624077991', '方绩澈', '女', '1589634352', 19370728132616, 'B17332', 978, 49);
INSERT INTO proprietor
VALUES ('P1624482097', '廖竞惜', '女', '1107228726', 19271208213732, 'B94593', 223, 80);
INSERT INTO proprietor
VALUES ('P1627211726', '余本企', '女', '1920821741', 19360507022637, 'B39944', 369, 55);
INSERT INTO proprietor
VALUES ('P1634018855', '戴谨饶', '男', '1145474055', 19770310004111, 'B62914', 50, 89);
INSERT INTO proprietor
VALUES ('P1636468061', '程筝枫', '男', '1365368925', 19800604230024, 'B51560', 314, 34);
INSERT INTO proprietor
VALUES ('P1637192256', '郭仲豫', '女', '828630655', 19901115050249, 'B18705', 332, 90);
INSERT INTO proprietor
VALUES ('P1638848578', '高潜逢', '女', '1269383540', 19821231083331, 'B90673', 161, 48);
INSERT INTO proprietor
VALUES ('P1643618810', '萧渠遥', '男', '100116284', 19871104184808, 'B87109', 788, 75);
INSERT INTO proprietor
VALUES ('P1645724241', '梁睦锡', '男', '506906471', 19480313131016, 'B6722', 239, 12);
INSERT INTO proprietor
VALUES ('P1646707806', '冯竞瑟', '女', '1165004360', 19210126192238, 'B77825', 395, 2);
INSERT INTO proprietor
VALUES ('P1657791970', '潘夏循', '女', '1071367747', 19810702041214, 'B51072', 852, 8);
INSERT INTO proprietor
VALUES ('P1665256347', '郑筹墨', '男', '353994106', 19520429071345, 'B30375', 192, 57);
INSERT INTO proprietor
VALUES ('P1673350279', '胡燕信', '男', '770306471', 19810921020026, 'B80300', 590, 34);
INSERT INTO proprietor
VALUES ('P1689453474', '董璋辞', '女', '978030142', 19560407172836, 'B19057', 391, 46);
INSERT INTO proprietor
VALUES ('P169421920', '姜先汇', '女', '361663762', 19240616163943, 'B55276', 787, 55);
INSERT INTO proprietor
VALUES ('P1694340229', '黄常希', '女', '1188936091', 19020315121839, 'B62727', 884, 82);
INSERT INTO proprietor
VALUES ('P1698651896', '孙济顺', '男', '2036115059', 19680314142556, 'B98976', 371, 30);
INSERT INTO proprietor
VALUES ('P170450200', '谭潭盈', '男', '1860529760', 19530221190026, 'B37414', 104, 14);
INSERT INTO proprietor
VALUES ('P1705740847', '戴薪铸', '女', '1078791240', 19590627000436, 'B39944', 797, 3);
INSERT INTO proprietor
VALUES ('P1707740451', '於显炫', '男', '2115995497', 19590528150520, 'B22056', 465, 86);
INSERT INTO proprietor
VALUES ('P1707796276', '周世耘', '男', '424975664', 19260728083053, 'B39944', 991, 45);
INSERT INTO proprietor
VALUES ('P1709326847', '邱玫饶', '女', '1347093553', 19971226210000, 'B62446', 433, 43);
INSERT INTO proprietor
VALUES ('P1709706701', '叶哲歌', '男', '440549277', 19300302022307, 'B14418', 286, 91);
INSERT INTO proprietor
VALUES ('P1710999968', '沈晋池', '男', '638312088', 19510530193111, 'B3469', 826, 95);
INSERT INTO proprietor
VALUES ('P1712153524', '彭数济', '女', '123159684', 19270521055220, 'B95553', 244, 22);
INSERT INTO proprietor
VALUES ('P1719422776', '丁能芒', '女', '446193898', 19620519143032, 'B52740', 226, 37);
INSERT INTO proprietor
VALUES ('P1722508607', '魏海青', '男', '1628511708', 19410924135950, 'B56670', 691, 34);
INSERT INTO proprietor
VALUES ('P1726843855', '董长跃', '女', '1641195094', 19901124064814, 'B38140', 558, 46);
INSERT INTO proprietor
VALUES ('P173478313', '李荣仁', '女', '401354982', 19470128153244, 'B62914', 4, 74);
INSERT INTO proprietor
VALUES ('P1736373765', '蔡旋惠', '女', '1714661108', 19631025075329, 'B51560', 55, 15);
INSERT INTO proprietor
VALUES ('P1739611081', '萧康宣', '女', '736405445', 19540905001201, 'B3469', 279, 51);
INSERT INTO proprietor
VALUES ('P1756433336', '林白防', '女', '939662460', 19820212231631, 'B39944', 97, 23);
INSERT INTO proprietor
VALUES ('P1758097365', '孙赫榛', '女', '914025562', 19431124122953, 'B51560', 948, 13);
INSERT INTO proprietor
VALUES ('P176345554', '马渤麟', '女', '1620038180', 19471111042513, 'B87109', 320, 76);
INSERT INTO proprietor
VALUES ('P1767571610', '程瑾筑', '男', '37940627', 19770619072948, 'B94593', 715, 64);
INSERT INTO proprietor
VALUES ('P1769703498', '杨著谊', '男', '1181384845', 19000730055052, 'B43028', 174, 22);
INSERT INTO proprietor
VALUES ('P1771461990', '宋雅荔', '男', '938037841', 19601217052718, 'B94593', 327, 92);
INSERT INTO proprietor
VALUES ('P1774080230', '傅师鹰', '女', '1971375613', 19750925221756, 'B98976', 705, 3);
INSERT INTO proprietor
VALUES ('P1775174744', '林蓬静', '男', '1253653841', 19700718135944, 'B90673', 125, 87);
INSERT INTO proprietor
VALUES ('P1778926773', '石锐善', '女', '331203349', 19190120135943, 'B25523', 673, 59);
INSERT INTO proprietor
VALUES ('P1786122053', '苏师广', '女', '1693706152', 19790504061124, 'B18705', 947, 49);
INSERT INTO proprietor
VALUES ('P178652697', '邓燕穗', '男', '618443972', 19240113015828, 'B94624', 639, 7);
INSERT INTO proprietor
VALUES ('P1797279169', '蔡士珞', '女', '762413113', 19890425042118, 'B43028', 0, 10);
INSERT INTO proprietor
VALUES ('P1798600479', '戴紫影', '男', '880944936', 19340915150750, 'B63632', 10, 12);
INSERT INTO proprietor
VALUES ('P1798642200', '任谊溪', '女', '1494647437', 19000328143542, 'B54807', 63, 94);
INSERT INTO proprietor
VALUES ('P1799640228', '宋饶右', '男', '840849302', 19541225074718, 'B6722', 975, 70);
INSERT INTO proprietor
VALUES ('P1801068109', '周秦迈', '女', '12203739', 19080408044628, 'B56670', 353, 65);
INSERT INTO proprietor
VALUES ('P1803514453', '沈陵素', '男', '29111915', 19360407053253, 'B6722', 373, 52);
INSERT INTO proprietor
VALUES ('P1811462751', '叶杉域', '男', '736685810', 19150905151905, 'B90673', 239, 96);
INSERT INTO proprietor
VALUES ('P1813068577', '金影预', '女', '531142419', 19010214105711, 'B26466', 873, 45);
INSERT INTO proprietor
VALUES ('P1816334788', '罗退山', '男', '892260640', 19790831204839, 'B76866', 818, 5);
INSERT INTO proprietor
VALUES ('P1816893493', '韩南维', '女', '999403429', 19160219040921, 'B56670', 587, 88);
INSERT INTO proprietor
VALUES ('P181775419', '杜麟照', '男', '1737125223', 19960509222841, 'B62446', 560, 89);
INSERT INTO proprietor
VALUES ('P1825654354', '杨和竟', '男', '450106371', 19630411000144, 'B39944', 640, 53);
INSERT INTO proprietor
VALUES ('P1826242231', '郭益瑶', '男', '445230413', 19430927131120, 'B14418', 568, 6);
INSERT INTO proprietor
VALUES ('P1826927005', '曾池寓', '男', '103988261', 19160729150457, 'B94624', 391, 6);
INSERT INTO proprietor
VALUES ('P1830605180', '朱能以', '女', '1401985791', 19530517053856, 'B18705', 9, 17);
INSERT INTO proprietor
VALUES ('P1832098684', '郑荔维', '男', '1555599493', 19731012024203, 'B74845', 831, 71);
INSERT INTO proprietor
VALUES ('P1834751655', '陆段如', '女', '1306655727', 19670806110326, 'B77825', 216, 88);
INSERT INTO proprietor
VALUES ('P1837349956', '吕添萧', '男', '462105172', 19520918223500, 'B98521', 304, 2);
INSERT INTO proprietor
VALUES ('P1842030073', '王遮声', '男', '175439927', 19581118153523, 'B13071', 434, 4);
INSERT INTO proprietor
VALUES ('P1851503224', '杨培遮', '女', '1175046718', 19140115000925, 'B19839', 625, 50);
INSERT INTO proprietor
VALUES ('P1861525866', '萧权项', '男', '20673441', 19200430142619, 'B56670', 755, 25);
INSERT INTO proprietor
VALUES ('P1863194491', '叶永浦', '女', '1046329094', 19220506122019, 'B76754', 644, 38);
INSERT INTO proprietor
VALUES ('P1864392511', '梁策舒', '女', '184397113', 19700627103049, 'B94624', 843, 87);
INSERT INTO proprietor
VALUES ('P1872781656', '邹阁湘', '男', '797963687', 19940208120731, 'B3469', 562, 93);
INSERT INTO proprietor
VALUES ('P1879905131', '丁语稼', '女', '1683336518', 19480911163838, 'B17332', 908, 52);
INSERT INTO proprietor
VALUES ('P1883007325', '韦遂静', '男', '333306844', 19321027031823, 'B30375', 400, 85);
INSERT INTO proprietor
VALUES ('P1883363067', '邱确后', '男', '108077161', 19120418220043, 'B61327', 521, 34);
INSERT INTO proprietor
VALUES ('P1896598756', '吕桑瑟', '女', '1193112377', 19000908235559, 'B59957', 294, 68);
INSERT INTO proprietor
VALUES ('P189982987', '杨符寒', '女', '2081612270', 19130803101404, 'B62727', 832, 59);
INSERT INTO proprietor
VALUES ('P1906954494', '何来遂', '男', '1017391677', 19251228203933, 'B77149', 542, 48);
INSERT INTO proprietor
VALUES ('P1909099161', '廖周放', '女', '1088695515', 19650820034332, 'B95553', 286, 95);
INSERT INTO proprietor
VALUES ('P1913641734', '钟庭瑶', '女', '1450263483', 19311007154712, 'B39106', 998, 72);
INSERT INTO proprietor
VALUES ('P1914268922', '董资榕', '女', '919589443', 19420921092124, 'B77149', 532, 48);
INSERT INTO proprietor
VALUES ('P1917912565', '黄绅宽', '女', '1853885497', 19560703215251, 'B28352', 275, 93);
INSERT INTO proprietor
VALUES ('P1919887159', '金琴紫', '女', '660440976', 19360617042206, 'B51072', 756, 41);
INSERT INTO proprietor
VALUES ('P1921593936', '韩来阅', '男', '900088806', 19740117051808, 'B28096', 464, 8);
INSERT INTO proprietor
VALUES ('P193473934', '杨跃紫', '男', '1472234909', 19290108011549, 'B55276', 4, 53);
INSERT INTO proprietor
VALUES ('P1943022309', '潘睦裕', '男', '2139613429', 19881130234503, 'B17332', 254, 3);
INSERT INTO proprietor
VALUES ('P194740379', '石符阔', '女', '2047472721', 19190303111525, 'B61327', 155, 63);
INSERT INTO proprietor
VALUES ('P1947655423', '曾玄唐', '男', '456070191', 19941215034533, 'B94624', 931, 66);
INSERT INTO proprietor
VALUES ('P1949125401', '苏康卓', '男', '110665099', 19910213083748, 'B98289', 665, 89);
INSERT INTO proprietor
VALUES ('P1952193500', '许积长', '男', '73359036', 19741030035014, 'B55277', 541, 65);
INSERT INTO proprietor
VALUES ('P1953107476', '蒋同盈', '男', '1504913640', 19140426072618, 'B30375', 436, 98);
INSERT INTO proprietor
VALUES ('P1953767958', '杜歌筝', '女', '1495431000', 19590708010642, 'B62914', 726, 59);
INSERT INTO proprietor
VALUES ('P1956536325', '董修桐', '男', '1757054365', 19581022105042, 'B19057', 12, 90);
INSERT INTO proprietor
VALUES ('P1958740748', '魏鼎征', '男', '1523722511', 19020817004605, 'B19057', 861, 78);
INSERT INTO proprietor
VALUES ('P1958934486', '夏稚河', '女', '136307421', 19450630101445, 'B37414', 832, 56);
INSERT INTO proprietor
VALUES ('P1970428846', '汪宜真', '女', '482164237', 19281111121421, 'B51560', 750, 0);
INSERT INTO proprietor
VALUES ('P1970665427', '崔睦悉', '男', '631259509', 19830930030232, 'B62446', 773, 2);
INSERT INTO proprietor
VALUES ('P1977207637', '余澈祝', '男', '1109516847', 19280729221502, 'B13071', 186, 99);
INSERT INTO proprietor
VALUES ('P1999444570', '程杉竣', '男', '142946241', 19410214183928, 'B22255', 725, 94);
INSERT INTO proprietor
VALUES ('P2005086468', '彭师龄', '男', '522562531', 19340311193810, 'B54807', 410, 10);
INSERT INTO proprietor
VALUES ('P2008546194', '於培源', '男', '1243912719', 19880706023656, 'B55276', 897, 4);
INSERT INTO proprietor
VALUES ('P2009095174', '任都悟', '女', '16714062', 19240929065245, 'B95553', 294, 32);
INSERT INTO proprietor
VALUES ('P2013816568', '姜越州', '男', '856474124', 19270411093649, 'B94593', 111, 34);
INSERT INTO proprietor
VALUES ('P2017150561', '杜世疏', '男', '169304862', 19591007215926, 'B55276', 77, 78);
INSERT INTO proprietor
VALUES ('P2021941155', '廖启永', '女', '863074982', 19360119102959, 'B14418', 205, 35);
INSERT INTO proprietor
VALUES ('P2027850933', '林巨储', '女', '1441371263', 19811101213550, 'B90673', 96, 3);
INSERT INTO proprietor
VALUES ('P2030891715', '曾锡歌', '男', '1321867884', 19730209230036, 'B98289', 650, 38);
INSERT INTO proprietor
VALUES ('P2035929916', '袁朝植', '女', '1263471114', 19621030210259, 'B19839', 972, 80);
INSERT INTO proprietor
VALUES ('P2044103935', '邓衡信', '女', '3141427', 19611229210716, 'B98976', 765, 1);
INSERT INTO proprietor
VALUES ('P2050612820', '叶仁璋', '男', '1635218499', 19340813105624, 'B6722', 601, 74);
INSERT INTO proprietor
VALUES ('P2054848461', '罗声州', '女', '1468830720', 19750118035207, 'B28352', 710, 44);
INSERT INTO proprietor
VALUES ('P2058377165', '刘谨令', '女', '2143125921', 19630509045843, 'B63632', 201, 38);
INSERT INTO proprietor
VALUES ('P2058844265', '於辞桦', '男', '461879940', 19221015152755, 'B17332', 202, 19);
INSERT INTO proprietor
VALUES ('P206574925', '谭熙庄', '男', '721763372', 19481020170144, 'B25523', 127, 48);
INSERT INTO proprietor
VALUES ('P2066104474', '王晚咨', '男', '153453323', 19610207165638, 'B43028', 832, 99);
INSERT INTO proprietor
VALUES ('P206870410', '黄适铮', '女', '523045931', 19460411030555, 'B98976', 149, 26);
INSERT INTO proprietor
VALUES ('P2070292917', '夏原广', '女', '1583706855', 19670816114852, 'B3469', 555, 87);
INSERT INTO proprietor
VALUES ('P2072573633', '赵载轩', '男', '932347974', 19060906214237, 'B30375', 651, 33);
INSERT INTO proprietor
VALUES ('P2072627185', '余承炫', '男', '444921569', 19290125104500, 'B61327', 144, 53);
INSERT INTO proprietor
VALUES ('P207322528', '范相遇', '女', '1416307479', 19050501101637, 'B98976', 337, 57);
INSERT INTO proprietor
VALUES ('P2083217813', '何陌德', '男', '1513671632', 19621130132928, 'B28352', 735, 83);
INSERT INTO proprietor
VALUES ('P2085054320', '杨效令', '女', '2069716710', 19640523222918, 'B55276', 124, 96);
INSERT INTO proprietor
VALUES ('P2087702062', '韩宛索', '男', '1843945142', 19370826142755, 'B51560', 164, 37);
INSERT INTO proprietor
VALUES ('P2087824881', '钟新左', '女', '549325439', 19200517151811, 'B61327', 716, 85);
INSERT INTO proprietor
VALUES ('P2088506914', '周铮柴', '女', '1702212105', 19010508083001, 'B38140', 704, 7);
INSERT INTO proprietor
VALUES ('P2095842821', '方恢远', '男', '75683355', 19610129103345, 'B17332', 617, 8);
INSERT INTO proprietor
VALUES ('P2098844379', '邓迈湘', '女', '674630059', 19000927032632, 'B63632', 481, 79);
INSERT INTO proprietor
VALUES ('P2112940129', '彭企纪', '男', '2072098030', 19110628061914, 'B77149', 766, 22);
INSERT INTO proprietor
VALUES ('P2115125516', '韦况犀', '男', '251030366', 19541009102224, 'B74845', 622, 43);
INSERT INTO proprietor
VALUES ('P2119451155', '吕耕瑾', '男', '1200660469', 19710809044315, 'B39106', 19, 60);
INSERT INTO proprietor
VALUES ('P2122596289', '黄浦瑶', '男', '945368896', 19660616163544, 'B52740', 899, 37);
INSERT INTO proprietor
VALUES ('P2123460366', '吴栗宪', '女', '2065312773', 19501129015028, 'B13071', 104, 58);
INSERT INTO proprietor
VALUES ('P2124033953', '马和石', '女', '991995479', 19920720074034, 'B37414', 899, 56);
INSERT INTO proprietor
VALUES ('P2124440973', '曹阅边', '男', '736007199', 19731106121629, 'B6722', 976, 9);
INSERT INTO proprietor
VALUES ('P2130533338', '吴储昭', '男', '500010024', 19570106150732, 'B90673', 611, 88);
INSERT INTO proprietor
VALUES ('P2134146058', '刘潮盈', '男', '1749268561', 19970315104412, 'B77149', 776, 41);
INSERT INTO proprietor
VALUES ('P215817197', '赵庭善', '女', '71093380', 19280213205904, 'B13071', 451, 21);
INSERT INTO proprietor
VALUES ('P217884261', '叶循雁', '女', '410450304', 19641010220200, 'B22255', 749, 40);
INSERT INTO proprietor
VALUES ('P219213430', '宋遵观', '男', '592529717', 19800603103016, 'B98289', 380, 62);
INSERT INTO proprietor
VALUES ('P222715119', '田仪敏', '女', '1861716820', 19500531171120, 'B77825', 893, 92);
INSERT INTO proprietor
VALUES ('P223017629', '钟然宁', '女', '1442838527', 19651215145801, 'B80300', 10, 46);
INSERT INTO proprietor
VALUES ('P223396907', '梁湘师', '女', '61683603', 19670807143619, 'B55277', 247, 66);
INSERT INTO proprietor
VALUES ('P236471825', '何谦婉', '男', '731536122', 19791002225446, 'B56670', 2, 80);
INSERT INTO proprietor
VALUES ('P237605436', '郑玖北', '男', '1427248815', 19150810153447, 'B56670', 856, 15);
INSERT INTO proprietor
VALUES ('P238104506', '蒋防竞', '女', '1680123289', 19201115182912, 'B62914', 2, 30);
INSERT INTO proprietor
VALUES ('P238904226', '邱经士', '男', '101082162', 19570309061235, 'B82520', 125, 23);
INSERT INTO proprietor
VALUES ('P239292440', '郭声潭', '女', '1453886723', 19951115152625, 'B77149', 288, 54);
INSERT INTO proprietor
VALUES ('P243477031', '彭蔚来', '女', '1035011362', 19340824133249, 'B37414', 171, 20);
INSERT INTO proprietor
VALUES ('P248383922', '沈观猛', '男', '438607235', 19410107004219, 'B39944', 858, 59);
INSERT INTO proprietor
VALUES ('P248909', '梁绘荷', '男', '1732083551', 19720315195444, 'B26466', 155, 63);
INSERT INTO proprietor
VALUES ('P251426478', '董北谦', '女', '2078699541', 19910131123352, 'B51072', 573, 74);
INSERT INTO proprietor
VALUES ('P254704281', '郑炫漫', '女', '611679312', 19950813210136, 'B63632', 142, 50);
INSERT INTO proprietor
VALUES ('P256324488', '董溪通', '女', '1678957636', 19720604213333, 'B74845', 708, 39);
INSERT INTO proprietor
VALUES ('P260715509', '胡段穗', '女', '2067419836', 19920508120257, 'B13071', 501, 67);
INSERT INTO proprietor
VALUES ('P262081658', '潘羊渐', '女', '165051763', 19640323183323, 'B28096', 668, 6);
INSERT INTO proprietor
VALUES ('P266066583', '熊愈羊', '女', '1703359057', 19421213105733, 'B59957', 185, 16);
INSERT INTO proprietor
VALUES ('P267567645', '姜南渐', '男', '1259620495', 19390516165334, 'B39106', 840, 7);
INSERT INTO proprietor
VALUES ('P273247701', '韩应恩', '男', '2095505304', 19280903000316, 'B17332', 654, 5);
INSERT INTO proprietor
VALUES ('P274069890', '唐郁惠', '男', '2106186888', 19150921223727, 'B62914', 309, 23);
INSERT INTO proprietor
VALUES ('P284908002', '韩边承', '男', '1897143021', 19380213184828, 'B48241', 465, 38);
INSERT INTO proprietor
VALUES ('P286367574', '杨添翎', '女', '447565896', 19780501134544, 'B48241', 23, 20);
INSERT INTO proprietor
VALUES ('P299148893', '许叙柳', '女', '1341821473', 19641007131737, 'B80300', 956, 38);
INSERT INTO proprietor
VALUES ('P302254495', '廖锦顺', '男', '585569666', 19080927160913, 'B19057', 253, 75);
INSERT INTO proprietor
VALUES ('P305287957', '崔尉瞻', '男', '460593759', 19251231020230, 'B37414', 805, 62);
INSERT INTO proprietor
VALUES ('P306102037', '方铮顺', '男', '739608272', 19680905151529, 'B62446', 696, 76);
INSERT INTO proprietor
VALUES ('P307750357', '韦石桥', '女', '1989877178', 19150923185827, 'B22056', 955, 89);
INSERT INTO proprietor
VALUES ('P312293218', '韦桑易', '女', '1576014785', 19970413074922, 'B51072', 220, 89);
INSERT INTO proprietor
VALUES ('P312860308', '黄新如', '女', '730001391', 19261224002242, 'B26466', 309, 6);
INSERT INTO proprietor
VALUES ('P317466009', '邓综著', '男', '1663983286', 19680705135450, 'B98976', 434, 23);
INSERT INTO proprietor
VALUES ('P328902374', '沈絮观', '女', '170597154', 19331104030250, 'B22255', 176, 91);
INSERT INTO proprietor
VALUES ('P330342919', '汪衍程', '女', '1425410227', 19040802105443, 'B48241', 936, 53);
INSERT INTO proprietor
VALUES ('P333543908', '蒋澄逊', '男', '1964556501', 19820615043708, 'B30375', 354, 33);
INSERT INTO proprietor
VALUES ('P343234337', '李和逢', '男', '1052299034', 19930603223748, 'B25523', 657, 85);
INSERT INTO proprietor
VALUES ('P351478518', '邓之桐', '女', '1098199322', 19360403191441, 'B3469', 879, 62);
INSERT INTO proprietor
VALUES ('P35253775', '於镇席', '女', '733080528', 19570409163151, 'B25523', 849, 95);
INSERT INTO proprietor
VALUES ('P352905983', '邹青敏', '男', '84923949', 19350609063122, 'B98521', 38, 76);
INSERT INTO proprietor
VALUES ('P365827546', '曹端循', '男', '324820858', 19320412214346, 'B43028', 231, 7);
INSERT INTO proprietor
VALUES ('P366014681', '傅自舶', '男', '1297940962', 19080621214032, 'B62727', 655, 16);
INSERT INTO proprietor
VALUES ('P370063718', '丁滨声', '男', '851227378', 19320119013438, 'B59957', 780, 88);
INSERT INTO proprietor
VALUES ('P371614637', '陈见唯', '男', '2139360154', 19570510044702, 'B22255', 337, 81);
INSERT INTO proprietor
VALUES ('P374272197', '马微锐', '男', '1507823303', 19210626024535, 'B76754', 801, 19);
INSERT INTO proprietor
VALUES ('P37508395', '袁艾儒', '男', '1905243175', 19080925235615, 'B98976', 554, 98);
INSERT INTO proprietor
VALUES ('P378792538', '陈弥竟', '男', '1348172131', 19200815194308, 'B6722', 694, 12);
INSERT INTO proprietor
VALUES ('P384801335', '杜衡桐', '女', '1982074217', 19551213034245, 'B25523', 482, 14);
INSERT INTO proprietor
VALUES ('P39685541', '石宽柏', '女', '1940800378', 19631107013539, 'B22056', 231, 7);
INSERT INTO proprietor
VALUES ('P403621564', '朱益遥', '女', '386450321', 19190221040723, 'B94624', 749, 25);
INSERT INTO proprietor
VALUES ('P405869623', '谢致程', '男', '453086741', 19250930075304, 'B59957', 104, 25);
INSERT INTO proprietor
VALUES ('P413212916', '汪公姿', '男', '1907780014', 19880629151155, 'B13071', 559, 40);
INSERT INTO proprietor
VALUES ('P422007524', '钟以书', '女', '1086819881', 19320119111500, 'B76754', 28, 77);
INSERT INTO proprietor
VALUES ('P42548480', '田犁萧', '男', '106030923', 19980907144328, 'B37414', 550, 1);
INSERT INTO proprietor
VALUES ('P426167180', '傅沛石', '男', '1694976102', 19590626161548, 'B77149', 819, 68);
INSERT INTO proprietor
VALUES ('P430494582', '蔡植犀', '女', '300110337', 19030306070519, 'B18705', 140, 20);
INSERT INTO proprietor
VALUES ('P433580965', '田潜逢', '男', '1591709945', 19360723104042, 'B62446', 223, 67);
INSERT INTO proprietor
VALUES ('P433739973', '袁海衍', '女', '313961206', 19630923161242, 'B39106', 173, 92);
INSERT INTO proprietor
VALUES ('P434283390', '郑望应', '男', '1106312905', 19091022174029, 'B43028', 931, 55);
INSERT INTO proprietor
VALUES ('P439635797', '萧权轩', '男', '63601926', 19230307032657, 'B61327', 387, 25);
INSERT INTO proprietor
VALUES ('P439687043', '邹隐伯', '男', '1751125648', 19480728174947, 'B37414', 145, 78);
INSERT INTO proprietor
VALUES ('P440988229', '余山琴', '男', '966643693', 19961107190724, 'B74845', 942, 97);
INSERT INTO proprietor
VALUES ('P450032931', '姜炫康', '男', '1277902042', 19470325082027, 'B62914', 147, 58);
INSERT INTO proprietor
VALUES ('P467057660', '崔瑾师', '男', '1372870574', 19500909175927, 'B3469', 701, 40);
INSERT INTO proprietor
VALUES ('P468963291', '袁淳任', '女', '481524757', 19030710115208, 'B98976', 597, 19);
INSERT INTO proprietor
VALUES ('P477485259', '苏步奕', '男', '259229225', 19591222000420, 'B39944', 172, 15);
INSERT INTO proprietor
VALUES ('P483260393', '崔汇池', '男', '899040103', 19290628115313, 'B51072', 646, 99);
INSERT INTO proprietor
VALUES ('P48542002', '江迈效', '男', '1738466015', 19700625171852, 'B25523', 537, 40);
INSERT INTO proprietor
VALUES ('P486775405', '何齐赫', '女', '469902597', 19601006181434, 'B62446', 595, 16);
INSERT INTO proprietor
VALUES ('P494763507', '李望效', '男', '1118034046', 19721224185024, 'B51072', 86, 35);
INSERT INTO proprietor
VALUES ('P494846334', '魏凉绍', '女', '1313780920', 19860120082333, 'B76866', 496, 81);
INSERT INTO proprietor
VALUES ('P497205666', '孟谨仁', '男', '376045827', 19680810181808, 'B62914', 885, 55);
INSERT INTO proprietor
VALUES ('P502794024', '方梦来', '男', '1920783775', 19210905013556, 'B19839', 999, 67);
INSERT INTO proprietor
VALUES ('P507687884', '吕介端', '男', '2080169994', 19980617061325, 'B66021', 674, 62);
INSERT INTO proprietor
VALUES ('P510910505', '冯影绪', '女', '2036838446', 19950213090316, 'B51072', 750, 13);
INSERT INTO proprietor
VALUES ('P513686281', '马挺绍', '男', '1893425191', 19910505153439, 'B76866', 966, 71);
INSERT INTO proprietor
VALUES ('P515035469', '潘望海', '女', '2101810534', 19351128184300, 'B18705', 441, 55);
INSERT INTO proprietor
VALUES ('P51692824', '陆璧益', '女', '191621606', 19890531224922, 'B22056', 959, 42);
INSERT INTO proprietor
VALUES ('P521156492', '何山谊', '男', '734614791', 19340429000620, 'B37414', 384, 4);
INSERT INTO proprietor
VALUES ('P524562498', '蔡公齐', '男', '1609667821', 19881010000420, 'B76754', 55, 28);
INSERT INTO proprietor
VALUES ('P526379342', '卢荷致', '男', '1761172871', 19960315155506, 'B59957', 804, 86);
INSERT INTO proprietor
VALUES ('P53267498', '丁云衍', '男', '331096021', 19701208030647, 'B62446', 756, 44);
INSERT INTO proprietor
VALUES ('P536227024', '余真德', '女', '500824746', 19290608110846, 'B94624', 885, 55);
INSERT INTO proprietor
VALUES ('P542592078', '郭任雅', '男', '1017047836', 19790730204510, 'B26466', 531, 95);
INSERT INTO proprietor
VALUES ('P548266714', '徐既阔', '女', '425003082', 19520427110121, 'B56670', 384, 84);
INSERT INTO proprietor
VALUES ('P549952670', '邱应齐', '女', '1128321753', 19610510180932, 'B51560', 65, 2);
INSERT INTO proprietor
VALUES ('P552298041', '姚哲常', '男', '762904418', 19360629234706, 'B59957', 527, 51);
INSERT INTO proprietor
VALUES ('P553505133', '罗饶悉', '女', '1848950451', 19670830144910, 'B76754', 50, 8);
INSERT INTO proprietor
VALUES ('P558452646', '曹确隐', '女', '755423949', 19790129232057, 'B90673', 967, 96);
INSERT INTO proprietor
VALUES ('P559755645', '方绅路', '女', '558172658', 19100728072539, 'B22056', 943, 74);
INSERT INTO proprietor
VALUES ('P569061242', '孟谊经', '女', '1773355354', 19120719151653, 'B87109', 952, 96);
INSERT INTO proprietor
VALUES ('P580630862', '吴云城', '女', '650587729', 19260428054135, 'B56670', 124, 32);
INSERT INTO proprietor
VALUES ('P581444820', '汪敦宪', '女', '1878614688', 19220502184135, 'B90673', 548, 89);
INSERT INTO proprietor
VALUES ('P582277581', '杜顾钦', '男', '1357313818', 19921220134953, 'B3469', 584, 8);
INSERT INTO proprietor
VALUES ('P58648792', '韩防河', '男', '722299015', 19611008002052, 'B98289', 718, 17);
INSERT INTO proprietor
VALUES ('P591557744', '周江乔', '男', '817024183', 19630123075826, 'B48241', 844, 79);
INSERT INTO proprietor
VALUES ('P594812854', '邹桑锐', '女', '769410936', 19650923111428, 'B28096', 569, 27);
INSERT INTO proprietor
VALUES ('P598426117', '於极衡', '男', '1976607439', 19300204120256, 'B62727', 739, 34);
INSERT INTO proprietor
VALUES ('P601047347', '熊奕燕', '男', '1826457408', 19381227035147, 'B3469', 547, 40);
INSERT INTO proprietor
VALUES ('P6072973', '胡睦新', '男', '822651047', 19430718091503, 'B55276', 76, 28);
INSERT INTO proprietor
VALUES ('P610613046', '傅友储', '男', '1980873020', 19990805075812, 'B28096', 313, 26);
INSERT INTO proprietor
VALUES ('P610754953', '董正盛', '男', '2122371720', 19700602051432, 'B48241', 588, 53);
INSERT INTO proprietor
VALUES ('P611463152', '许潭易', '男', '1469304997', 19261117204222, 'B74845', 326, 90);
INSERT INTO proprietor
VALUES ('P613698019', '袁准轩', '女', '1620996696', 19301217202313, 'B55277', 527, 45);
INSERT INTO proprietor
VALUES ('P615756884', '崔北枫', '男', '2015975660', 19010824065950, 'B90673', 465, 40);
INSERT INTO proprietor
VALUES ('P621069134', '谭企伯', '男', '726261869', 19820506000759, 'B39106', 956, 68);
INSERT INTO proprietor
VALUES ('P626938485', '萧先广', '女', '1303412463', 19410801085132, 'B77825', 910, 2);
INSERT INTO proprietor
VALUES ('P627754074', '刘仲训', '男', '1575623253', 19141105064101, 'B19839', 783, 55);
INSERT INTO proprietor
VALUES ('P636260616', '沈得彰', '女', '541926839', 19460127060215, 'B76754', 172, 6);
INSERT INTO proprietor
VALUES ('P636858426', '孟湘凉', '女', '1236318800', 19750105122314, 'B62446', 236, 1);
INSERT INTO proprietor
VALUES ('P641063827', '廖域潜', '女', '431168550', 19720803120142, 'B55276', 495, 88);
INSERT INTO proprietor
VALUES ('P652294335', '陈辅颇', '女', '1646186418', 19250320213010, 'B39106', 232, 15);
INSERT INTO proprietor
VALUES ('P652805960', '陆肃渐', '男', '1700596270', 19670607114815, 'B55276', 225, 59);
INSERT INTO proprietor
VALUES ('P652826424', '戴汇同', '男', '448885646', 19110810002507, 'B62727', 166, 23);
INSERT INTO proprietor
VALUES ('P658739811', '萧锡卓', '男', '360139304', 19820828194612, 'B51560', 610, 94);
INSERT INTO proprietor
VALUES ('P662970262', '贾潭鹿', '女', '1767746343', 19560712034556, 'B76754', 14, 50);
INSERT INTO proprietor
VALUES ('P664558743', '萧逢逸', '女', '2050227919', 19180102072216, 'B82520', 317, 5);
INSERT INTO proprietor
VALUES ('P671564249', '傅绵度', '男', '477074816', 19610721192301, 'B22255', 875, 39);
INSERT INTO proprietor
VALUES ('P672340746', '马铮棠', '女', '576857771', 19390316104336, 'B62727', 549, 63);
INSERT INTO proprietor
VALUES ('P673679084', '韦锡途', '女', '1326365452', 19040609090104, 'B98289', 427, 48);
INSERT INTO proprietor
VALUES ('P676429100', '范晋跃', '男', '13637293', 19690913041606, 'B55277', 835, 31);
INSERT INTO proprietor
VALUES ('P676672518', '傅游影', '女', '1914216', 19541201194307, 'B3469', 677, 28);
INSERT INTO proprietor
VALUES ('P676757985', '杨唐深', '女', '1046093906', 19530514074042, 'B52740', 247, 28);
INSERT INTO proprietor
VALUES ('P68402403', '谭相庭', '男', '301368974', 19920705035513, 'B39944', 511, 82);
INSERT INTO proprietor
VALUES ('P691220985', '朱阁途', '女', '1027948141', 19721031165316, 'B62446', 17, 24);
INSERT INTO proprietor
VALUES ('P699946613', '胡辙戴', '男', '1604493530', 19310901052501, 'B39106', 225, 54);
INSERT INTO proprietor
VALUES ('P705328889', '冯塘潮', '女', '1416816891', 19011208031001, 'B52740', 239, 6);
INSERT INTO proprietor
VALUES ('P706272674', '徐谦离', '男', '328191972', 19080719033015, 'B3469', 766, 87);
INSERT INTO proprietor
VALUES ('P711092231', '傅德悉', '女', '279622841', 19510820225449, 'B14418', 638, 13);
INSERT INTO proprietor
VALUES ('P720107427', '贾慈庄', '男', '1642942625', 19491228130940, 'B38140', 737, 35);
INSERT INTO proprietor
VALUES ('P723099006', '郑段准', '女', '46767132', 19220606155553, 'B62914', 811, 68);
INSERT INTO proprietor
VALUES ('P731481688', '卢江星', '男', '980447358', 19750301025011, 'B26466', 978, 32);
INSERT INTO proprietor
VALUES ('P733831515', '苏寓尉', '男', '917262338', 19001012163311, 'B6722', 825, 51);
INSERT INTO proprietor
VALUES ('P735436076', '袁域澈', '男', '2001484178', 19380426020847, 'B98289', 401, 18);
INSERT INTO proprietor
VALUES ('P738766009', '蔡镇应', '男', '474124272', 19340301073456, 'B13071', 183, 45);
INSERT INTO proprietor
VALUES ('P740114045', '吴符席', '女', '1579122452', 19381124003835, 'B38140', 4, 14);
INSERT INTO proprietor
VALUES ('P75564007', '潘堪舒', '男', '2033538019', 19280123144638, 'B62914', 165, 88);
INSERT INTO proprietor
VALUES ('P757736857', '董善泰', '女', '332136251', 19041128050611, 'B28096', 471, 6);
INSERT INTO proprietor
VALUES ('P758179936', '何端野', '男', '386007345', 19280206172822, 'B62914', 308, 41);
INSERT INTO proprietor
VALUES ('P760857722', '魏综经', '女', '1279367554', 19140108134102, 'B82520', 88, 35);
INSERT INTO proprietor
VALUES ('P766801381', '胡玄卓', '男', '1035379176', 19910725035925, 'B77825', 551, 4);
INSERT INTO proprietor
VALUES ('P767885602', '朱哲庭', '女', '666802171', 19510621210012, 'B62727', 989, 87);
INSERT INTO proprietor
VALUES ('P771635209', '江唐勉', '男', '763995756', 19790811020429, 'B55277', 754, 51);
INSERT INTO proprietor
VALUES ('P775094060', '王鼎永', '女', '1543919337', 19580416175757, 'B19057', 25, 19);
INSERT INTO proprietor
VALUES ('P781511211', '张绘之', '男', '2070708951', 19750309190123, 'B38140', 463, 64);
INSERT INTO proprietor
VALUES ('P783264484', '魏谱千', '男', '1555155576', 19950919224719, 'B74845', 625, 77);
INSERT INTO proprietor
VALUES ('P783791828', '夏潮枢', '女', '989710722', 19390601133106, 'B14418', 133, 14);
INSERT INTO proprietor
VALUES ('P78412099', '彭庄渐', '男', '1011889288', 19231118032051, 'B14418', 919, 92);
INSERT INTO proprietor
VALUES ('P785361835', '杨锐基', '男', '657753340', 19710403081728, 'B48241', 22, 7);
INSERT INTO proprietor
VALUES ('P795552263', '王素增', '女', '365688393', 19371212235232, 'B17332', 345, 22);
INSERT INTO proprietor
VALUES ('P796577380', '方汇朝', '男', '1162660013', 19380419182906, 'B19057', 994, 3);
INSERT INTO proprietor
VALUES ('P805000401', '孟存唯', '男', '1020689876', 19960925180544, 'B66021', 207, 40);
INSERT INTO proprietor
VALUES ('P806400483', '唐尉湘', '男', '445244051', 19090906162927, 'B98976', 806, 72);
INSERT INTO proprietor
VALUES ('P809491004', '余理笙', '男', '1165797320', 19590103060116, 'B82520', 411, 97);
INSERT INTO proprietor
VALUES ('P810992222', '董起同', '女', '1717253209', 19300630203433, 'B13071', 891, 3);
INSERT INTO proprietor
VALUES ('P814599221', '田世堪', '女', '1600274429', 19750814070846, 'B37414', 653, 18);
INSERT INTO proprietor
VALUES ('P82383332', '魏猛后', '男', '931274010', 19340605071327, 'B55276', 431, 41);
INSERT INTO proprietor
VALUES ('P828212138', '廖悠添', '男', '10892544', 19130221101014, 'B82520', 371, 57);
INSERT INTO proprietor
VALUES ('P830400993', '何之退', '男', '504858882', 19771121044354, 'B6722', 389, 5);
INSERT INTO proprietor
VALUES ('P834253914', '黄恩钦', '女', '148766105', 19270606032805, 'B17332', 17, 55);
INSERT INTO proprietor
VALUES ('P840779734', '夏云永', '女', '482754184', 19220623145627, 'B14418', 598, 78);
INSERT INTO proprietor
VALUES ('P841430272', '吕尊玄', '女', '14694071', 19920918193725, 'B17332', 296, 70);
INSERT INTO proprietor
VALUES ('P843114164', '夏龄缤', '女', '100309747', 19340214124824, 'B39944', 557, 31);
INSERT INTO proprietor
VALUES ('P844758583', '彭竞顾', '女', '1417909781', 19080622223835, 'B59957', 184, 17);
INSERT INTO proprietor
VALUES ('P848938225', '胡施奕', '女', '1431728751', 19220506105358, 'B62914', 327, 55);
INSERT INTO proprietor
VALUES ('P850022277', '许启本', '女', '1341997594', 19640605015041, 'B48241', 580, 88);
INSERT INTO proprietor
VALUES ('P856678785', '戴仪寒', '女', '316443165', 19830316130001, 'B14418', 817, 7);
INSERT INTO proprietor
VALUES ('P857288839', '崔遂荷', '男', '163294054', 19590103192637, 'B94593', 975, 81);
INSERT INTO proprietor
VALUES ('P868932792', '郑登仲', '男', '179025528', 19490618023555, 'B90673', 826, 85);
INSERT INTO proprietor
VALUES ('P869804494', '胡伊如', '女', '732835546', 19770107111754, 'B55277', 223, 14);
INSERT INTO proprietor
VALUES ('P871470891', '黄潮以', '女', '1062498795', 19600129184103, 'B55276', 889, 21);
INSERT INTO proprietor
VALUES ('P87256909', '贾训慈', '男', '1666521615', 19310711045808, 'B39944', 542, 24);
INSERT INTO proprietor
VALUES ('P872872285', '潘源恢', '男', '1009711487', 19151121161729, 'B94624', 792, 53);
INSERT INTO proprietor
VALUES ('P87306425', '范咨浦', '女', '277908975', 19000701105859, 'B3469', 791, 76);
INSERT INTO proprietor
VALUES ('P873598424', '傅旋悟', '女', '1718574297', 19290702101021, 'B52740', 675, 10);
INSERT INTO proprietor
VALUES ('P874817802', '贾谦矫', '女', '1171534694', 19620519094627, 'B76754', 836, 80);
INSERT INTO proprietor
VALUES ('P875181759', '何千衍', '男', '1992271526', 19580827182148, 'B82520', 113, 9);
INSERT INTO proprietor
VALUES ('P879942296', '程耘稼', '男', '853810035', 19910327191910, 'B74845', 701, 69);
INSERT INTO proprietor
VALUES ('P882349495', '崔存方', '女', '1931609412', 19850201231029, 'B98289', 764, 19);
INSERT INTO proprietor
VALUES ('P882945529', '邹如退', '女', '188009646', 19850329200759, 'B98289', 783, 86);
INSERT INTO proprietor
VALUES ('P892746288', '姜鹰溪', '男', '562084302', 19611217112057, 'B25523', 756, 84);
INSERT INTO proprietor
VALUES ('P895321080', '戴艾游', '男', '1319618004', 19590204035420, 'B87109', 518, 43);
INSERT INTO proprietor
VALUES ('P898326588', '程唯北', '女', '1048650755', 19560419131508, 'B76754', 831, 29);
INSERT INTO proprietor
VALUES ('P901532951', '郑跃艾', '女', '1732087067', 19840930152306, 'B28352', 814, 48);
INSERT INTO proprietor
VALUES ('P903701338', '孟合诺', '女', '1124230279', 19470414031739, 'B52740', 272, 28);
INSERT INTO proprietor
VALUES ('P910845410', '吴桑观', '男', '996232307', 19370201053219, 'B22056', 485, 86);
INSERT INTO proprietor
VALUES ('P911039000', '韦敞敦', '女', '920480003', 19330321001412, 'B39106', 422, 90);
INSERT INTO proprietor
VALUES ('P915493383', '黄途龄', '男', '863361534', 19060505210742, 'B63632', 951, 40);
INSERT INTO proprietor
VALUES ('P930492468', '郑辛让', '女', '813051618', 19650212031216, 'B94624', 372, 87);
INSERT INTO proprietor
VALUES ('P934018149', '方览经', '女', '863347186', 19700623163553, 'B94624', 834, 98);
INSERT INTO proprietor
VALUES ('P936030502', '陈都青', '女', '725773914', 19380227093913, 'B62914', 98, 5);
INSERT INTO proprietor
VALUES ('P94011198', '卢阁长', '女', '2088978243', 19980914164124, 'B62446', 273, 25);
INSERT INTO proprietor
VALUES ('P940143086', '苏介枢', '男', '1517107464', 19170531105603, 'B62727', 729, 63);
INSERT INTO proprietor
VALUES ('P940430177', '谢桐秦', '男', '1991672406', 19530909070549, 'B18705', 887, 56);
INSERT INTO proprietor
VALUES ('P94956377', '邹舶周', '男', '1191267306', 19610123154352, 'B18705', 394, 85);
INSERT INTO proprietor
VALUES ('P950733187', '潘稼纪', '女', '2084741124', 19630102071748, 'B94593', 648, 8);
INSERT INTO proprietor
VALUES ('P953378312', '方桐真', '女', '1202745908', 19450922090221, 'B26466', 504, 0);
INSERT INTO proprietor
VALUES ('P95742107', '熊铸猛', '女', '1004652928', 19820128134527, 'B38140', 809, 63);
INSERT INTO proprietor
VALUES ('P963148872', '黄桥州', '男', '147218092', 19001106054833, 'B17332', 80, 76);
INSERT INTO proprietor
VALUES ('P963503720', '韦锐枢', '男', '318398784', 19111221204002, 'B80300', 452, 29);
INSERT INTO proprietor
VALUES ('P972792497', '姜辞遮', '女', '2044957029', 19150610210859, 'B62727', 884, 94);
INSERT INTO proprietor
VALUES ('P977375809', '姜师惠', '女', '924485658', 19610530011007, 'B43028', 706, 86);
INSERT INTO proprietor
VALUES ('P978919883', '唐理竞', '男', '750392896', 19880614083013, 'B26466', 468, 49);
INSERT INTO proprietor
VALUES ('P97945127', '崔玄麟', '男', '299646730', 19950726082012, 'B38140', 916, 28);
INSERT INTO proprietor
VALUES ('P983761957', '魏栗经', '男', '1865631567', 19220507102521, 'B28352', 911, 95);
INSERT INTO proprietor
VALUES ('P984338331', '胡翘庭', '男', '1584510274', 19180723023328, 'B76866', 226, 4);
INSERT INTO proprietor
VALUES ('P985729350', '廖饶熙', '男', '697129500', 19150528170144, 'B39944', 860, 39);
INSERT INTO proprietor
VALUES ('P990577804', '吕辞训', '男', '270484014', 19461123204015, 'B37414', 1, 76);
INSERT INTO carpark
VALUES ('C14186', 'SA59734', 'P467057660', '沪N46552', 20660516163346);
INSERT INTO carpark
VALUES ('C14535', 'SA49936', 'P502794024', '沪Q30431', 20590812135252);
INSERT INTO carpark
VALUES ('C15334', 'SA49936', 'P1956536325', '沪A70333', 20230411155308);
INSERT INTO carpark
VALUES ('C15874', 'SA97844', 'P173478313', '沪Y97659', 20910315203320);
INSERT INTO carpark
VALUES ('C15929', 'SA92664', 'P1098435381', '沪C81509', 20211124073410);
INSERT INTO carpark
VALUES ('C17021', 'SA92664', 'P1064325210', '沪R77375', 20470708204552);
INSERT INTO carpark
VALUES ('C17682', 'SA49506', 'P2112940129', '沪O96748', 20240619082127);
INSERT INTO carpark
VALUES ('C17788', 'SA7314', 'P882349495', '沪I47338', 20020804182256);
INSERT INTO carpark
VALUES ('C18517', 'SA59734', 'P42548480', '沪A51899', 20351026055236);
INSERT INTO carpark
VALUES ('C20045', 'SA7314', 'P151463140', '沪B74584', 20030206195808);
INSERT INTO carpark
VALUES ('C25507', 'SA92664', 'P882945529', '沪M97809', 20780122203055);
INSERT INTO carpark
VALUES ('C2765', 'SA31438', 'P502794024', '沪E56111', 20270722233838);
INSERT INTO carpark
VALUES ('C27681', 'SA71170', 'P1081829518', '沪X18195', 20890718155724);
INSERT INTO carpark
VALUES ('C2788', 'SA97844', 'P611463152', '沪Q46814', 20930729181350);
INSERT INTO carpark
VALUES ('C30158', 'SA92664', 'P1315370054', '沪L85633', 20130126013138);
INSERT INTO carpark
VALUES ('C31133', 'SA93219', 'P940430177', '沪A61516', 20330214000143);
INSERT INTO carpark
VALUES ('C35992', 'SA18413', 'P990577804', '沪Q15306', 20641121133328);
INSERT INTO carpark
VALUES ('C38484', 'SA62282', 'P1448292947', '沪M23629', 20420917132852);
INSERT INTO carpark
VALUES ('C39244', 'SA21022', 'P1154940277', '沪L62786', 20550407112007);
INSERT INTO carpark
VALUES ('C40511', 'SA87696', 'P273247701', '沪Z48333', 20690628211555);
INSERT INTO carpark
VALUES ('C44199', 'SA87696', 'P1560295491', '沪R28593', 20680204231555);
INSERT INTO carpark
VALUES ('C46213', 'SA18413', 'P97945127', '沪D24986', 20360417011411);
INSERT INTO carpark
VALUES ('C49318', 'SA59734', 'P872872285', '沪M25949', 20030927074950);
INSERT INTO carpark
VALUES ('C53247', 'SA30333', 'P434283390', '沪K62987', 20920208140807);
INSERT INTO carpark
VALUES ('C54319', 'SA21022', 'P610613046', '沪T59210', 20630918193008);
INSERT INTO carpark
VALUES ('C54324', 'SA21022', 'P591557744', '沪X79690', 20170526065445);
INSERT INTO carpark
VALUES ('C54436', 'SA31266', 'P953378312', '沪D39319', 20230910135838);
INSERT INTO carpark
VALUES ('C56804', 'SA7314', 'P1136725802', '沪J33865', 20850120043836);
INSERT INTO carpark
VALUES ('C57835', 'SA97844', 'P598426117', '沪Y46286', 20860418174649);
INSERT INTO carpark
VALUES ('C59722', 'SA95173', 'P1219188309', '沪R88383', 20141119233926);
INSERT INTO carpark
VALUES ('C60254', 'SA87696', 'P1861525866', '沪F25035', 20790624194753);
INSERT INTO carpark
VALUES ('C60593', 'SA49936', 'P1546932839', '沪F39816', 20011127234009);
INSERT INTO carpark
VALUES ('C62114', 'SA49936', 'P1114914482', '沪F73232', 20930409230954);
INSERT INTO carpark
VALUES ('C65053', 'SA95173', 'P207322528', '沪E85346', 20890619173756);
INSERT INTO carpark
VALUES ('C65641', 'SA49506', 'P911039000', '沪V10156', 20811227015232);
INSERT INTO carpark
VALUES ('C66114', 'SA62282', 'P68402403', '沪A14816', 20770104230311);
INSERT INTO carpark
VALUES ('C66307', 'SA7314', 'P1739611081', '沪N25096', 20630929000428);
INSERT INTO carpark
VALUES ('C66916', 'SA7314', 'P256324488', '沪D90996', 20360118062644);
INSERT INTO carpark
VALUES ('C70715', 'SA31438', 'P1564720366', '沪I33179', 20020515211937);
INSERT INTO carpark
VALUES ('C73739', 'SA62282', 'P1114914482', '沪V80703', 20700303184204);
INSERT INTO carpark
VALUES ('C75469', 'SA95794', 'P68402403', '沪J92426', 20541210004308);
INSERT INTO carpark
VALUES ('C78687', 'SA97844', 'P1694340229', '沪B62188', 20071025181203);
INSERT INTO carpark
VALUES ('C82572', 'SA7314', 'P176345554', '沪K13086', 20780530033052);
INSERT INTO carpark
VALUES ('C83895', 'SA21022', 'P1949125401', '沪G31324', 20120830083132);
INSERT INTO carpark
VALUES ('C85514', 'SA30333', 'P1756433336', '沪S55011', 20360326164900);
INSERT INTO carpark
VALUES ('C86019', 'SA4976', 'P507687884', '沪N98253', 20480228162314);
INSERT INTO carpark
VALUES ('C87201', 'SA18413', 'P850022277', '沪Z13044', 20490423162938);
INSERT INTO carpark
VALUES ('C89328', 'SA18413', 'P68402403', '沪D55785', 20510927173313);
INSERT INTO carpark
VALUES ('C92517', 'SA68322', 'P2017150561', '沪Z42772', 20171202210928);
INSERT INTO carpark
VALUES ('C96166', 'SA68322', 'P483260393', '沪M40227', 20500601083112);
INSERT INTO ticket
VALUES
  ('T1004605295', 'NULL', 20740803081533, 'P1618099416', NULL, 'SA49936', 'B77149', 670, 13, 'NULL', 'SF1325240132',
   20790928054258, 'NULL', 7);
INSERT INTO ticket
VALUES ('T100734328', 'NULL', 20571019220329, 'P963148872', NULL, 'SA4976', 'B62727', 605, 96, 'NULL', 'SF309484508',
        20640524135228, 'NULL', 0);
INSERT INTO ticket
VALUES ('T1007504222', 'NULL', 20721010215520, 'P1317816758', NULL, 'SA95794', 'B80300', 53, 30, 'NULL', 'SF2131836294',
        20541003030927, 'NULL', 6);
INSERT INTO ticket
VALUES ('T1009437885', 'NULL', 20600520070529, 'P1643618810', NULL, 'SA8349', 'B55277', 530, 69, 'NULL', 'SF1987814724',
        20051103232759, 'NULL', 7);
INSERT INTO ticket
VALUES
  ('T1016830833', 'NULL', 20090128205514, NULL, 'SF1035725393', 'SA7314', 'B37414', 765, 99, 'NULL', 'SF2081721216',
   20320628084932, 'NULL', 1);
INSERT INTO ticket
VALUES ('T1020972489', 'NULL', 20810204084107, 'P676429100', NULL, 'SA95794', 'B55276', 587, 87, 'NULL', 'SF1510125838',
        20230831145035, 'NULL', 4);
INSERT INTO ticket
VALUES ('T1021693275', 'NULL', 20341020153250, 'P1389750852', NULL, 'SA62282', 'B3469', 207, 70, 'NULL', 'SF106958357',
        20061203060821, 'NULL', 0);
INSERT INTO ticket
VALUES ('T1026473452', 'NULL', 20951221120221, 'P1396032798', NULL, 'SA4976', 'B38140', 103, 95, 'NULL', 'SF1325604751',
        20820509044727, 'NULL', 2);
INSERT INTO ticket
VALUES ('T104028106', 'NULL', 20451210111532, NULL, 'SF1760312546', 'SA31266', 'B28352', 325, 89, 'NULL', 'SF743551758',
        20451026172735, 'NULL', 4);
INSERT INTO ticket
VALUES ('T1041715247', 'NULL', 20530324084640, 'P170450200', NULL, 'SA49936', 'B98289', 281, 82, 'NULL', 'SF1709578796',
        20110611053350, 'NULL', 5);
INSERT INTO ticket
VALUES
  ('T104474559', 'NULL', 20531020185839, NULL, 'SF1035725393', 'SA87696', 'B30375', 426, 60, 'NULL', 'SF1389198663',
   20760804084518, 'NULL', 3);
INSERT INTO ticket
VALUES
  ('T1047884473', 'NULL', 20981223135758, NULL, 'SF205293560', 'SA95794', 'B54807', 123, 86, 'NULL', 'SF1177605698',
   20650526223622, 'NULL', 1);
INSERT INTO ticket
VALUES
  ('T1061258434', 'NULL', 20460516065524, NULL, 'SF749524158', 'SA31266', 'B98289', 350, 15, 'NULL', 'SF1723219020',
   20210105041125, 'NULL', 5);
INSERT INTO ticket
VALUES
  ('T1080420535', 'NULL', 20420125134859, NULL, 'SF1155426710', 'SA8349', 'B30375', 315, 57, 'NULL', 'SF1155426710',
   20741128004142, 'NULL', 0);
INSERT INTO ticket
VALUES ('T1081975620', 'NULL', 20520304230743, 'P1709706701', NULL, 'SA31438', 'B76866', 529, 91, 'NULL', 'SF658493989',
        20500114232755, 'NULL', 6);
INSERT INTO ticket
VALUES ('T108361770', 'NULL', 20110702162956, NULL, 'SF2032619573', 'SA7314', 'B76754', 983, 97, 'NULL', 'SF1177605698',
        20851115053826, 'NULL', 8);
INSERT INTO ticket
VALUES ('T108493408', 'NULL', 20600402191526, 'P2005086468', NULL, 'SA21022', 'B37414', 838, 18, 'NULL', 'SF1389198663',
        20261121015404, 'NULL', 1);
INSERT INTO ticket
VALUES ('T1088004328', 'NULL', 20320806110640, 'P875181759', NULL, 'SA8349', 'B76754', 330, 88, 'NULL', 'SF71679732',
        20260703193505, 'NULL', 9);
INSERT INTO ticket
VALUES ('T1090283093', 'NULL', 20500903125329, NULL, 'SF1389198663', 'SA93219', 'B80300', 771, 2, 'NULL', 'SF749524158',
        20411107190922, 'NULL', 4);
INSERT INTO ticket
VALUES ('T1090657972', 'NULL', 20470201224048, 'P2085054320', NULL, 'SA49936', 'B28352', 767, 78, 'NULL', 'SF809675534',
        20070621161400, 'NULL', 6);
INSERT INTO ticket
VALUES
  ('T1092261433', 'NULL', 20461025074044, NULL, 'SF2081721216', 'SA93219', 'B82520', 269, 68, 'NULL', 'SF1550134583',
   20270610091331, 'NULL', 3);
INSERT INTO ticket
VALUES
  ('T1093659191', 'NULL', 20980902151538, NULL, 'SF1325604751', 'SA62282', 'B6722', 658, 10, 'NULL', 'SF1325240132',
   20270918130807, 'NULL', 9);
INSERT INTO ticket
VALUES ('T109400555', 'NULL', 20000111082713, NULL, 'SF291878158', 'SA21022', 'B55276', 469, 80, 'NULL', 'SF1939583739',
        20670304092453, 'NULL', 8);
INSERT INTO ticket
VALUES
  ('T1094585327', 'NULL', 20600223165958, NULL, 'SF2081721216', 'SA87696', 'B3469', 759, 46, 'NULL', 'SF1621971018',
   20750812003224, 'NULL', 5);
INSERT INTO ticket
VALUES
  ('T1095996361', 'NULL', 20271221090813, NULL, 'SF1760312546', 'SA49936', 'B43028', 201, 84, 'NULL', 'SF1035725393',
   20650301172255, 'NULL', 9);
INSERT INTO ticket
VALUES
  ('T1099060892', 'NULL', 20060227004607, NULL, 'SF1760312546', 'SA68322', 'B94593', 940, 51, 'NULL', 'SF1987814724',
   20800722061214, 'NULL', 7);
INSERT INTO ticket
VALUES
  ('T1100784755', 'NULL', 20250215015617, NULL, 'SF798969889', 'SA49936', 'B13071', 750, 71, 'NULL', 'SF2032619573',
   20860305225513, 'NULL', 1);
INSERT INTO ticket
VALUES ('T1108051526', 'NULL', 20890705080910, 'P433580965', NULL, 'SA30333', 'B80300', 484, 71, 'NULL', 'SF309484508',
        20311024164000, 'NULL', 9);
INSERT INTO ticket
VALUES ('T1114845560', 'NULL', 20830426081740, NULL, 'SF1987814724', 'SA18413', 'B6722', 472, 18, 'NULL', 'SF819718857',
        20411107164706, 'NULL', 8);
INSERT INTO ticket
VALUES
  ('T1115285306', 'NULL', 20840518164008, NULL, 'SF1621971018', 'SA21022', 'B51072', 514, 53, 'NULL', 'SF2131836294',
   20401203184847, 'NULL', 6);
INSERT INTO ticket
VALUES ('T1116516029', 'NULL', 20961217115544, NULL, 'SF1510125838', 'SA7314', 'B18705', 786, 57, 'NULL', 'SF765783780',
        20060124194849, 'NULL', 5);
INSERT INTO ticket
VALUES ('T1135047245', 'NULL', 20580811035625, NULL, 'SF1757995487', 'SA95794', 'B28352', 741, 7, 'NULL', 'SF245676536',
        20221104060847, 'NULL', 3);
INSERT INTO ticket
VALUES ('T1142767263', 'NULL', 20280307184114, 'P963148872', NULL, 'SA31438', 'B39106', 492, 93, 'NULL', 'SF1651258223',
        20191102125340, 'NULL', 7);
INSERT INTO ticket
VALUES ('T1143175741', 'NULL', 20290118005507, NULL, 'SF1510125838', 'SA92664', 'B30375', 331, 97, 'NULL', 'SF67306935',
        20881009074659, 'NULL', 2);
INSERT INTO ticket
VALUES ('T1161029660', 'NULL', 20900719113053, 'P691220985', NULL, 'SA59734', 'B76754', 477, 48, 'NULL', 'SF1177605698',
        20960207000221, 'NULL', 3);
INSERT INTO ticket
VALUES
  ('T1164659535', 'NULL', 20220627063839, 'P1060397981', NULL, 'SA92664', 'B90673', 181, 15, 'NULL', 'SF1035725393',
   20270824135511, 'NULL', 0);
INSERT INTO ticket
VALUES
  ('T1165136252', 'NULL', 20990306030438, NULL, 'SF300732922', 'SA71170', 'B37414', 931, 56, 'NULL', 'SF1510125838',
   20471225213720, 'NULL', 9);
INSERT INTO ticket
VALUES ('T1168015406', 'NULL', 20470410040732, NULL, 'SF809675534', 'SA31438', 'B14418', 328, 48, 'NULL', 'SF965085361',
        20181025194513, 'NULL', 0);
INSERT INTO ticket
VALUES ('T1170547181', 'NULL', 20010727113244, 'P274069890', NULL, 'SA95173', 'B98521', 247, 38, 'NULL', 'SF1709578796',
        20170118040710, 'NULL', 9);
INSERT INTO ticket
VALUES ('T117358117', 'NULL', 20670924220916, 'P1459327924', NULL, 'SA92664', 'B28096', 935, 10, 'NULL', 'SF1929755947',
        20800825004437, 'NULL', 9);
INSERT INTO ticket
VALUES
  ('T1175794349', 'NULL', 20160806220246, NULL, 'SF1707111159', 'SA49936', 'B76754', 749, 59, 'NULL', 'SF2131836294',
   20010528180708, 'NULL', 7);
INSERT INTO ticket
VALUES
  ('T1181793790', 'NULL', 20780510151056, NULL, 'SF2131836294', 'SA21022', 'B80300', 971, 62, 'NULL', 'SF1707111159',
   20741230214547, 'NULL', 3);
INSERT INTO ticket
VALUES
  ('T1184270808', 'NULL', 20780623110700, 'P1314816305', NULL, 'SA18413', 'B37414', 486, 23, 'NULL', 'SF1035725393',
   20700111055151, 'NULL', 2);
INSERT INTO ticket
VALUES ('T118733898', 'NULL', 20330506073653, NULL, 'SF1443696079', 'SA31266', 'B14418', 511, 99, 'NULL', 'SF907234094',
        20700131002701, 'NULL', 6);
INSERT INTO ticket
VALUES ('T1190237844', 'NULL', 20440615112707, 'P785361835', NULL, 'SA68322', 'B77149', 195, 4, 'NULL', 'SF1723219020',
        20920808060922, 'NULL', 1);
INSERT INTO ticket
VALUES ('T119362340', 'NULL', 20630529234120, NULL, 'SF71679732', 'SA4976', 'B39944', 126, 45, 'NULL', 'SF1651258223',
        20791203113148, 'NULL', 5);
INSERT INTO ticket
VALUES ('T1199243525', 'NULL', 20401103230139, NULL, 'SF67306935', 'SA97844', 'B98976', 973, 30, 'NULL', 'SF1723219020',
        20220830080600, 'NULL', 3);
INSERT INTO ticket
VALUES ('T1199727492', 'NULL', 20201110010730, NULL, 'SF765783780', 'SA71170', 'B39106', 403, 12, 'NULL', 'SF819718857',
        20130802232121, 'NULL', 4);
INSERT INTO ticket
VALUES ('T1203171413', 'NULL', 20860519065153, NULL, 'SF245676536', 'SA8349', 'B76866', 805, 77, 'NULL', 'SF2131836294',
        20981112060612, 'NULL', 8);
INSERT INTO ticket
VALUES ('T1205816894', 'NULL', 20720419210716, NULL, 'SF965085361', 'SA8349', 'B77825', 873, 65, 'NULL', 'SF71679732',
        20741028181508, 'NULL', 4);
INSERT INTO ticket
VALUES ('T121634277', 'NULL', 20590327161805, 'P559755645', NULL, 'SA87696', 'B22255', 382, 94, 'NULL', 'SF1929623560',
        20101021144712, 'NULL', 9);
INSERT INTO ticket
VALUES ('T1216735680', 'NULL', 20210712212314, 'P1710999968', NULL, 'SA30333', 'B56670', 412, 52, 'NULL', 'SF245676536',
        20060626194809, 'NULL', 5);
INSERT INTO ticket
VALUES ('T1225058795', 'NULL', 20480222212721, NULL, 'SF658493989', 'SA49936', 'B76754', 592, 44, 'NULL', 'SF765783780',
        20070506074550, 'NULL', 2);
INSERT INTO ticket
VALUES ('T1225104608', 'NULL', 20230110161319, 'P274069890', NULL, 'SA21022', 'B30375', 320, 30, 'NULL', 'SF1709578796',
        20341220213233, 'NULL', 2);
INSERT INTO ticket
VALUES ('T1232483299', 'NULL', 20230210152429, 'P1636468061', NULL, 'SA4976', 'B98976', 84, 40, 'NULL', 'SF291878158',
        20611127155307, 'NULL', 5);
INSERT INTO ticket
VALUES
  ('T1234668682', 'NULL', 20961201212941, NULL, 'SF1177605698', 'SA49936', 'B17332', 957, 11, 'NULL', 'SF2110164235',
   20461116220539, 'NULL', 1);
INSERT INTO ticket
VALUES
  ('T1240986342', 'NULL', 20641006110420, 'P1520712737', NULL, 'SA49936', 'B95553', 174, 69, 'NULL', 'SF1621971018',
   20900803043041, 'NULL', 6);
INSERT INTO ticket
VALUES
  ('T1248971230', 'NULL', 20060128173945, NULL, 'SF1757995487', 'SA30333', 'B22056', 312, 27, 'NULL', 'SF1929623560',
   20210303100214, 'NULL', 6);
INSERT INTO ticket
VALUES ('T1270220870', 'NULL', 20521126202512, 'P882349495', NULL, 'SA31266', 'B87109', 789, 48, 'NULL', 'SF1040003242',
        20230328225821, 'NULL', 2);
INSERT INTO ticket
VALUES
  ('T1278123105', 'NULL', 20560524224433, NULL, 'SF1987814724', 'SA31266', 'B62446', 436, 57, 'NULL', 'SF667054813',
   20440719054805, 'NULL', 4);
INSERT INTO ticket
VALUES ('T1282946517', 'NULL', 20440717193418, NULL, 'SF1760312546', 'SA59734', 'B14418', 89, 75, 'NULL', 'SF667054813',
        20360201223238, 'NULL', 1);
INSERT INTO ticket
VALUES ('T1296433185', 'NULL', 20681024043020, 'P1593722525', NULL, 'SA49506', 'B14418', 743, 36, 'NULL', 'SF809675534',
        20930728230458, 'NULL', 9);
INSERT INTO ticket
VALUES
  ('T1297813909', 'NULL', 20000813025945, NULL, 'SF765783780', 'SA87696', 'B77825', 605, 90, 'NULL', 'SF2130413404',
   20901214101848, 'NULL', 8);
INSERT INTO ticket
VALUES ('T1304191306', 'NULL', 20130806014454, NULL, 'SF2110164235', 'SA8349', 'B51560', 807, 38, 'NULL', 'SF907234094',
        20971021054539, 'NULL', 3);
INSERT INTO ticket
VALUES
  ('T1308011788', 'NULL', 20930829174238, 'P1136725802', NULL, 'SA71170', 'B39944', 222, 68, 'NULL', 'SF2130413404',
   20310313095335, 'NULL', 7);
INSERT INTO ticket
VALUES ('T1308911703', 'NULL', 20130813231753, NULL, 'SF291878158', 'SA30333', 'B87109', 212, 28, 'NULL', 'SF907234094',
        20010113013713, 'NULL', 4);
INSERT INTO ticket
VALUES
  ('T1309223273', 'NULL', 20981230202823, 'P1914268922', NULL, 'SA68322', 'B95553', 880, 45, 'NULL', 'SF1592371108',
   20870613215446, 'NULL', 6);
INSERT INTO ticket
VALUES
  ('T1311197458', 'NULL', 20360922024236, NULL, 'SF1325240132', 'SA68322', 'B55276', 105, 58, 'NULL', 'SF798969889',
   20830403090134, 'NULL', 5);
INSERT INTO ticket
VALUES ('T1317690426', 'NULL', 20320822100655, NULL, 'SF1757995487', 'SA7314', 'B59957', 12, 69, 'NULL', 'SF1723219020',
        20640924051940, 'NULL', 4);
INSERT INTO ticket
VALUES ('T1320270375', 'NULL', 20540428230802, 'P1273379930', NULL, 'SA93219', 'B13071', 360, 38, 'NULL', 'SF658493989',
        20651021183910, 'NULL', 8);
INSERT INTO ticket
VALUES ('T1331288217', 'NULL', 20970220080230, 'P68402403', NULL, 'SA87696', 'B62727', 532, 96, 'NULL', 'SF1177605698',
        20111126133457, 'NULL', 3);
INSERT INTO ticket
VALUES ('T1332956920', 'NULL', 20280220072554, 'P243477031', NULL, 'SA87696', 'B98976', 693, 87, 'NULL', 'SF1510125838',
        20440620150331, 'NULL', 4);
INSERT INTO ticket
VALUES
  ('T1337287026', 'NULL', 20150727210825, 'P1830605180', NULL, 'SA49936', 'B26466', 947, 90, 'NULL', 'SF1035725393',
   20470829150938, 'NULL', 6);
INSERT INTO ticket
VALUES ('T134314192', 'NULL', 20260122021351, NULL, 'SF1760312546', 'SA59734', 'B98976', 235, 14, 'NULL', 'SF71679732',
        20640131101456, 'NULL', 1);
INSERT INTO ticket
VALUES
  ('T1346974698', 'NULL', 20350306072100, NULL, 'SF1709578796', 'SA95794', 'B39944', 345, 4, 'NULL', 'SF2081721216',
   20451203015517, 'NULL', 3);
INSERT INTO ticket
VALUES
  ('T1350670687', 'NULL', 20011113041821, NULL, 'SF667054813', 'SA31266', 'B39944', 493, 13, 'NULL', 'SF1510125838',
   20010125022421, 'NULL', 0);
INSERT INTO ticket
VALUES ('T1352087269', 'NULL', 20110524023259, NULL, 'SF205293560', 'SA68322', 'B17332', 456, 3, 'NULL', 'SF1929623560',
        20610406064317, 'NULL', 3);
INSERT INTO ticket
VALUES
  ('T1352961678', 'NULL', 20040731101243, 'P1416087812', NULL, 'SA49936', 'B39944', 654, 63, 'NULL', 'SF1035725393',
   20390203023748, 'NULL', 5);
INSERT INTO ticket
VALUES ('T1354925430', 'NULL', 20420621042650, NULL, 'SF819718857', 'SA93219', 'B30375', 700, 5, 'NULL', 'SF1987814724',
        20480213232346, 'NULL', 5);
INSERT INTO ticket
VALUES ('T136104794', 'NULL', 20330205072932, NULL, 'SF1651258223', 'SA62282', 'B77149', 957, 23, 'NULL', 'SF765783780',
        20881110210100, 'NULL', 1);
INSERT INTO ticket
VALUES ('T1362866926', 'NULL', 20471213230502, 'P705328889', NULL, 'SA93219', 'B98289', 118, 98, 'NULL', 'SF2081721216',
        20960609223656, 'NULL', 9);
INSERT INTO ticket
VALUES
  ('T1368688358', 'NULL', 20620906035712, NULL, 'SF658493989', 'SA95794', 'B55277', 312, 58, 'NULL', 'SF2032619573',
   20350420090857, 'NULL', 2);
INSERT INTO ticket
VALUES
  ('T1370214025', 'NULL', 20540708075523, NULL, 'SF965085361', 'SA59734', 'B39106', 327, 29, 'NULL', 'SF1389198663',
   20260206203459, 'NULL', 4);
INSERT INTO ticket
VALUES
  ('T1376819037', 'NULL', 20151016102735, NULL, 'SF684900388', 'SA31266', 'B13071', 142, 52, 'NULL', 'SF1709578796',
   20610922061845, 'NULL', 9);
INSERT INTO ticket
VALUES ('T1385315038', 'NULL', 20760223204255, NULL, 'SF608473196', 'SA92664', 'B13071', 711, 79, 'NULL', 'SF106958357',
        20581201050616, 'NULL', 9);
INSERT INTO ticket
VALUES ('T1389078978', 'NULL', 20930302081554, 'P785361835', NULL, 'SA95794', 'B98976', 659, 37, 'NULL', 'SF1651258223',
        20981122201756, 'NULL', 6);
INSERT INTO ticket
VALUES ('T1409563997', 'NULL', 20341024180219, 'P1636468061', NULL, 'SA49936', 'B63632', 353, 84, 'NULL', 'SF749524158',
        20850208002748, 'NULL', 3);
INSERT INTO ticket
VALUES ('T1409773514', 'NULL', 20440129144505, 'P2070292917', NULL, 'SA49506', 'B62914', 838, 44, 'NULL', 'SF667054813',
        20041130095709, 'NULL', 4);
INSERT INTO ticket
VALUES ('T1411811156', 'NULL', 20611006074353, 'P771635209', NULL, 'SA31438', 'B51560', 772, 26, 'NULL', 'SF1592371108',
        20100530163955, 'NULL', 7);
INSERT INTO ticket
VALUES
  ('T1414327714', 'NULL', 20781217151341, 'P1219628123', NULL, 'SA49936', 'B14418', 493, 98, 'NULL', 'SF1510125838',
   20500410215928, 'NULL', 6);
INSERT INTO ticket
VALUES ('T1419091143', 'NULL', 20480903112017, NULL, 'SF113450204', 'SA93219', 'B74845', 635, 3, 'NULL', 'SF743551758',
        20450513152612, 'NULL', 9);
INSERT INTO ticket
VALUES ('T1423189350', 'NULL', 20680923155840, NULL, 'SF907234094', 'SA8349', 'B94624', 642, 8, 'NULL', 'SF113450204',
        20250404030312, 'NULL', 5);
INSERT INTO ticket
VALUES ('T1423910382', 'NULL', 20991129030115, 'P223396907', NULL, 'SA97844', 'B66021', 949, 96, 'NULL', 'SF291878158',
        20200417074952, 'NULL', 5);
INSERT INTO ticket
VALUES ('T1430202798', 'NULL', 20920204234626, 'P1064325210', NULL, 'SA97844', 'B94593', 357, 72, 'NULL', 'SF819718857',
        20880222053752, 'NULL', 1);
INSERT INTO ticket
VALUES ('T143460046', 'NULL', 20930726045948, NULL, 'SF1707111159', 'SA8349', 'B98521', 461, 74, 'NULL', 'SF2032619573',
        20860223115734, 'NULL', 8);
INSERT INTO ticket
VALUES ('T1435317643', 'NULL', 20990303031300, 'P299148893', NULL, 'SA62282', 'B30375', 739, 9, 'NULL', 'SF1550134583',
        20021121133117, 'NULL', 4);
INSERT INTO ticket
VALUES
  ('T1440634204', 'NULL', 20610604130459, NULL, 'SF743551758', 'SA18413', 'B62914', 450, 48, 'NULL', 'SF2130413404',
   20040531215714, 'NULL', 0);
INSERT INTO ticket
VALUES
  ('T1441467696', 'NULL', 20840327201644, NULL, 'SF1760312546', 'SA87696', 'B95553', 140, 18, 'NULL', 'SF667054813',
   20210414115038, 'NULL', 8);
INSERT INTO ticket
VALUES ('T1443599008', 'NULL', 20450225073216, 'P1143069583', NULL, 'SA4976', 'B66021', 653, 89, 'NULL', 'SF67306935',
        20470711173101, 'NULL', 2);
INSERT INTO ticket
VALUES ('T1450255589', 'NULL', 20710912040559, 'P1547400195', NULL, 'SA7314', 'B80300', 571, 70, 'NULL', 'SF809675534',
        20390121071013, 'NULL', 2);
INSERT INTO ticket
VALUES ('T1455544665', 'NULL', 20361101060612, NULL, 'SF113450204', 'SA71170', 'B18705', 480, 22, 'NULL', 'SF71679732',
        20670920172324, 'NULL', 9);
INSERT INTO ticket
VALUES ('T1459855073', 'NULL', 20800713050927, 'P6072973', NULL, 'SA93219', 'B6722', 707, 70, 'NULL', 'SF1510125838',
        20010305045126, 'NULL', 5);
INSERT INTO ticket
VALUES ('T1477550217', 'NULL', 20040917181215, 'P1314816305', NULL, 'SA18413', 'B28352', 767, 43, 'NULL', 'SF765783780',
        20860709001819, 'NULL', 6);
INSERT INTO ticket
VALUES ('T147873206', 'NULL', 20040913152848, 'P1048852753', NULL, 'SA4976', 'B52740', 777, 99, 'NULL', 'SF205293560',
        20180706054818, 'NULL', 0);
INSERT INTO ticket
VALUES ('T1478742751', 'NULL', 20231105031647, NULL, 'SF965085361', 'SA4976', 'B19839', 385, 69, 'NULL', 'SF1723219020',
        20940602130923, 'NULL', 3);
INSERT INTO ticket
VALUES ('T1479953936', 'NULL', 20740323012853, 'P173478313', NULL, 'SA59734', 'B39106', 588, 82, 'NULL', 'SF300732922',
        20841001215116, 'NULL', 6);
INSERT INTO ticket
VALUES ('T1480634308', 'NULL', 20140606153924, 'P2085054320', NULL, 'SA49506', 'B14418', 852, 50, 'NULL', 'SF106958357',
        20250305091706, 'NULL', 3);
INSERT INTO ticket
VALUES ('T1481362401', 'NULL', 20551121062235, NULL, 'SF245676536', 'SA95173', 'B18705', 156, 18, 'NULL', 'SF907234094',
        20250602101008, 'NULL', 1);
INSERT INTO ticket
VALUES
  ('T1488395809', 'NULL', 20430714054633, NULL, 'SF1709578796', 'SA68322', 'B30375', 789, 78, 'NULL', 'SF1155426710',
   20431006023156, 'NULL', 0);
INSERT INTO ticket
VALUES
  ('T1491610024', 'NULL', 20490910032941, 'P2035929916', NULL, 'SA30333', 'B77825', 609, 18, 'NULL', 'SF1035725393',
   20720224003757, 'NULL', 7);
INSERT INTO ticket
VALUES
  ('T1492948282', 'NULL', 20900128211537, 'P2095842821', NULL, 'SA30333', 'B77825', 621, 41, 'NULL', 'SF1987814724',
   20590308030138, 'NULL', 3);
INSERT INTO ticket
VALUES ('T1493880837', 'NULL', 20670408225605, 'P87306425', NULL, 'SA4976', 'B14418', 580, 54, 'NULL', 'SF1035725393',
        20961028211727, 'NULL', 4);
INSERT INTO ticket
VALUES
  ('T1501271948', 'NULL', 20020830115726, 'P1798600479', NULL, 'SA68322', 'B38140', 402, 85, 'NULL', 'SF1929623560',
   20560128184039, 'NULL', 4);
INSERT INTO ticket
VALUES
  ('T1501694149', 'NULL', 20560214031025, NULL, 'SF1621971018', 'SA87696', 'B55276', 969, 35, 'NULL', 'SF1550134583',
   20600124215442, 'NULL', 8);
INSERT INTO ticket
VALUES ('T150677416', 'NULL', 20770619020724, NULL, 'SF67306935', 'SA95173', 'B76866', 906, 53, 'NULL', 'SF1707111159',
        20611020162046, 'NULL', 0);
INSERT INTO ticket
VALUES ('T1511826362', 'NULL', 20140503111708, 'P1263183857', NULL, 'SA7314', 'B77825', 46, 81, 'NULL', 'SF1723219020',
        20580310071606, 'NULL', 8);
INSERT INTO ticket
VALUES
  ('T1516308033', 'NULL', 20140318073441, NULL, 'SF1040003242', 'SA49506', 'B98521', 343, 28, 'NULL', 'SF2032619573',
   20490507172548, 'NULL', 6);
INSERT INTO ticket
VALUES ('T1517814161', 'NULL', 20540906172543, 'P2009095174', NULL, 'SA97844', 'B62914', 785, 17, 'NULL', 'SF67306935',
        20960216100013, 'NULL', 7);
INSERT INTO ticket
VALUES
  ('T1532011715', 'NULL', 20330125175839, NULL, 'SF1929623560', 'SA49506', 'B62446', 693, 82, 'NULL', 'SF1838239550',
   20051019170534, 'NULL', 8);
INSERT INTO ticket
VALUES
  ('T1532392411', 'NULL', 20790702114933, 'P1775174744', NULL, 'SA59734', 'B59957', 273, 16, 'NULL', 'SF1723219020',
   20690728071002, 'NULL', 0);
INSERT INTO ticket
VALUES
  ('T1533324273', 'NULL', 20050424214621, NULL, 'SF1939583739', 'SA87696', 'B37414', 704, 25, 'NULL', 'SF1040003242',
   20551017183556, 'NULL', 5);
INSERT INTO ticket
VALUES ('T1540928904', 'NULL', 20040726070228, NULL, 'SF608473196', 'SA49936', 'B61327', 147, 6, 'NULL', 'SF291878158',
        20100420071552, 'NULL', 7);
INSERT INTO ticket
VALUES ('T1541964883', 'NULL', 20111209092118, NULL, 'SF809675534', 'SA95173', 'B62446', 701, 97, 'NULL', 'SF667054813',
        20280325221841, 'NULL', 1);
INSERT INTO ticket
VALUES ('T1543134120', 'NULL', 20530914180325, 'P1526209556', NULL, 'SA21022', 'B6722', 100, 51, 'NULL', 'SF2131836294',
        20000927202955, 'NULL', 7);
INSERT INTO ticket
VALUES ('T1543365483', 'NULL', 20910916025113, 'P1143069583', NULL, 'SA92664', 'B87109', 104, 9, 'NULL', 'SF1035725393',
        20261120053739, 'NULL', 7);
INSERT INTO ticket
VALUES
  ('T1544397419', 'NULL', 20630529073739, NULL, 'SF2110164235', 'SA7314', 'B52740', 669, 88, 'NULL', 'SF1592371108',
   20500411063411, 'NULL', 2);
INSERT INTO ticket
VALUES ('T1551402803', 'NULL', 20960403120131, 'P494763507', NULL, 'SA92664', 'B87109', 184, 28, 'NULL', 'SF1325240132',
        20061117044846, 'NULL', 7);
INSERT INTO ticket
VALUES
  ('T1551897580', 'NULL', 20530204141511, NULL, 'SF819718857', 'SA62282', 'B77825', 661, 79, 'NULL', 'SF1838239550',
   20720718210110, 'NULL', 6);
INSERT INTO ticket
VALUES
  ('T1553734245', 'NULL', 20850516000834, 'P1879905131', NULL, 'SA31266', 'B61327', 814, 81, 'NULL', 'SF2081721216',
   20360610042450, 'NULL', 1);
INSERT INTO ticket
VALUES ('T1559153598', 'NULL', 20610430063837, 'P365827546', NULL, 'SA92664', 'B76866', 766, 4, 'NULL', 'SF907234094',
        20490903163926, 'NULL', 6);
INSERT INTO ticket
VALUES ('T1559683976', 'NULL', 20731017172141, NULL, 'SF608473196', 'SA95794', 'B14418', 901, 90, 'NULL', 'SF205293560',
        20941204180610, 'NULL', 5);
INSERT INTO ticket
VALUES
  ('T1565911804', 'NULL', 20021129201637, NULL, 'SF1838239550', 'SA71170', 'B17332', 445, 7, 'NULL', 'SF1707111159',
   20451120121633, 'NULL', 2);
INSERT INTO ticket
VALUES ('T1570199205', 'NULL', 20010716010721, NULL, 'SF300732922', 'SA93219', 'B22056', 560, 4, 'NULL', 'SF2130413404',
        20430716225005, 'NULL', 9);
INSERT INTO ticket
VALUES ('T1571621918', 'NULL', 20111201180647, 'P35253775', NULL, 'SA97844', 'B38140', 898, 70, 'NULL', 'SF1177605698',
        20140114062934, 'NULL', 3);
INSERT INTO ticket
VALUES
  ('T1571778831', 'NULL', 20611021024153, NULL, 'SF1040003242', 'SA87696', 'B22255', 750, 85, 'NULL', 'SF2032619573',
   20650706154806, 'NULL', 5);
INSERT INTO ticket
VALUES ('T1578841607', 'NULL', 20620610091812, 'P82383332', NULL, 'SA18413', 'B95553', 286, 51, 'NULL', 'SF765783780',
        20980103201925, 'NULL', 6);
INSERT INTO ticket
VALUES ('T1580733992', 'NULL', 20231224205210, 'P1347920284', NULL, 'SA30333', 'B38140', 738, 65, 'NULL', 'SF809675534',
        20530625231720, 'NULL', 1);
INSERT INTO ticket
VALUES ('T158597282', 'NULL', 20891020201300, NULL, 'SF2081721216', 'SA93219', 'B28352', 8, 8, 'NULL', 'SF1621971018',
        20881011042712, 'NULL', 2);
INSERT INTO ticket
VALUES ('T1590843485', 'NULL', 20900803195914, NULL, 'SF765783780', 'SA8349', 'B17332', 696, 47, 'NULL', 'SF291878158',
        20800316042056, 'NULL', 4);
INSERT INTO ticket
VALUES
  ('T1591632542', 'NULL', 20340207064300, NULL, 'SF1621971018', 'SA49506', 'B19057', 683, 6, 'NULL', 'SF1723219020',
   20981001051618, 'NULL', 5);
INSERT INTO ticket
VALUES ('T1599221873', 'NULL', 20930113131851, 'P785361835', NULL, 'SA71170', 'B30375', 278, 54, 'NULL', 'SF658493989',
        20231104080734, 'NULL', 7);
INSERT INTO ticket
VALUES
  ('T1629882532', 'NULL', 20170614120441, NULL, 'SF1939583739', 'SA92664', 'B22056', 925, 10, 'NULL', 'SF1035725393',
   20260112121404, 'NULL', 0);
INSERT INTO ticket
VALUES ('T1637443776', 'NULL', 20980821215121, NULL, 'SF809675534', 'SA31438', 'B19057', 130, 60, 'NULL', 'SF245676536',
        20170828041057, 'NULL', 3);
INSERT INTO ticket
VALUES
  ('T1637797670', 'NULL', 20030617022723, NULL, 'SF863234597', 'SA30333', 'B39944', 273, 76, 'NULL', 'SF1651258223',
   20671213114830, 'NULL', 0);
INSERT INTO ticket
VALUES ('T1649987522', 'NULL', 20540730210749, NULL, 'SF1929623560', 'SA31438', 'B76866', 304, 22, 'NULL', 'SF71679732',
        20641004055347, 'NULL', 3);
INSERT INTO ticket
VALUES
  ('T1653696360', 'NULL', 20741128173130, NULL, 'SF965085361', 'SA21022', 'B90673', 687, 70, 'NULL', 'SF1760312546',
   20070209051722, 'NULL', 2);
INSERT INTO ticket
VALUES ('T1656341188', 'NULL', 20911124045310, 'P1864392511', NULL, 'SA21022', 'B87109', 626, 26, 'NULL', 'SF71679732',
        20181218212429, 'NULL', 2);
INSERT INTO ticket
VALUES ('T1661854368', 'NULL', 20801228000457, 'P915493383', NULL, 'SA4976', 'B51072', 157, 55, 'NULL', 'SF1550134583',
        20951017050837, 'NULL', 1);
INSERT INTO ticket
VALUES ('T1661901834', 'NULL', 20580910075013, 'P366014681', NULL, 'SA49936', 'B62727', 924, 23, 'NULL', 'SF300732922',
        20520921124520, 'NULL', 9);
INSERT INTO ticket
VALUES
  ('T1665644712', 'NULL', 20790826171907, 'P1943022309', NULL, 'SA18413', 'B59957', 744, 69, 'NULL', 'SF1510125838',
   20280523195232, 'NULL', 5);
INSERT INTO ticket
VALUES ('T1670067710', 'NULL', 20450321180041, 'P1830605180', NULL, 'SA93219', 'B28096', 367, 94, 'NULL', 'SF765783780',
        20120428230517, 'NULL', 7);
INSERT INTO ticket
VALUES ('T1679298137', 'NULL', 20450609215617, 'P582277581', NULL, 'SA87696', 'B19839', 454, 58, 'NULL', 'SF1760312546',
        20280927034047, 'NULL', 5);
INSERT INTO ticket
VALUES ('T1681006023', 'NULL', 20610521164649, NULL, 'SF965085361', 'SA4976', 'B76754', 889, 6, 'NULL', 'SF749524158',
        20751011091915, 'NULL', 7);
INSERT INTO ticket
VALUES ('T1689094018', 'NULL', 20690219073226, 'P1851503224', NULL, 'SA93219', 'B98976', 272, 49, 'NULL', 'SF684900388',
        20960810130307, 'NULL', 3);
INSERT INTO ticket
VALUES ('T1701276815', 'NULL', 20210505144241, NULL, 'SF1939583739', 'SA87696', 'B95553', 84, 9, 'NULL', 'SF1177605698',
        20490428062732, 'NULL', 2);
INSERT INTO ticket
VALUES ('T170135734', 'NULL', 20031231065440, NULL, 'SF1592371108', 'SA49506', 'B39944', 907, 81, 'NULL', 'SF300732922',
        20420912104105, 'NULL', 4);
INSERT INTO ticket
VALUES ('T170449542', 'NULL', 20680220203342, NULL, 'SF1325240132', 'SA18413', 'B98521', 742, 81, 'NULL', 'SF71679732',
        20891212122904, 'NULL', 0);
INSERT INTO ticket
VALUES ('T1707919418', 'NULL', 20190414171430, 'P1292495890', NULL, 'SA92664', 'B39106', 298, 35, 'NULL', 'SF309484508',
        20380127093759, 'NULL', 1);
INSERT INTO ticket
VALUES ('T1710107111', 'NULL', 20550603091402, 'P1078589272', NULL, 'SA62282', 'B51560', 567, 82, 'NULL', 'SF749524158',
        20410815091432, 'NULL', 4);
INSERT INTO ticket
VALUES
  ('T1715155877', 'NULL', 20690626022640, NULL, 'SF1035725393', 'SA59734', 'B56670', 124, 76, 'NULL', 'SF1325604751',
   20430206052233, 'NULL', 8);
INSERT INTO ticket
VALUES ('T1718811903', 'NULL', 20320516030323, 'P582277581', NULL, 'SA21022', 'B19839', 405, 61, 'NULL', 'SF106958357',
        20281212030959, 'NULL', 6);
INSERT INTO ticket
VALUES ('T1719971394', 'NULL', 20561123122749, 'P430494582', NULL, 'SA97844', 'B82520', 202, 78, 'NULL', 'SF2081721216',
        20340109074129, 'NULL', 5);
INSERT INTO ticket
VALUES ('T1727726029', 'NULL', 20221029013913, NULL, 'SF1987814724', 'SA92664', 'B37414', 6, 78, 'NULL', 'SF1760312546',
        20480128060834, 'NULL', 4);
INSERT INTO ticket
VALUES
  ('T1731263790', 'NULL', 20570629102921, NULL, 'SF1621971018', 'SA59734', 'B14418', 850, 30, 'NULL', 'SF1929755947',
   20470622230942, 'NULL', 1);
INSERT INTO ticket
VALUES
  ('T1733642763', 'NULL', 20591206024909, NULL, 'SF1757995487', 'SA21022', 'B87109', 516, 43, 'NULL', 'SF608473196',
   20901006121819, 'NULL', 6);
INSERT INTO ticket
VALUES ('T1733699685', 'NULL', 20130906114530, NULL, 'SF1040003242', 'SA95794', 'B55276', 58, 9, 'NULL', 'SF291878158',
        20670801123251, 'NULL', 5);
INSERT INTO ticket
VALUES ('T1735139742', 'NULL', 20560305202633, NULL, 'SF749524158', 'SA95173', 'B66021', 877, 70, 'NULL', 'SF658493989',
        20080609052313, 'NULL', 6);
INSERT INTO ticket
VALUES ('T1735232524', 'NULL', 20980909195342, 'P652805960', NULL, 'SA30333', 'B62727', 53, 3, 'NULL', 'SF71679732',
        20100125185757, 'NULL', 7);
INSERT INTO ticket
VALUES ('T1745742699', 'NULL', 20680623035058, 'P795552263', NULL, 'SA49936', 'B13071', 469, 22, 'NULL', 'SF2131836294',
        20180128022442, 'NULL', 9);
INSERT INTO ticket
VALUES
  ('T1746295339', 'NULL', 20330219130918, 'P1098435381', NULL, 'SA49506', 'B62446', 592, 92, 'NULL', 'SF1929623560',
   20161122034821, 'NULL', 2);
INSERT INTO ticket
VALUES ('T1748865603', 'NULL', 20400425083911, 'P1797279169', NULL, 'SA95173', 'B54807', 289, 68, 'NULL', 'SF743551758',
        20170921022202, 'NULL', 5);
INSERT INTO ticket
VALUES
  ('T1750398161', 'NULL', 20281124163601, NULL, 'SF2081721216', 'SA49506', 'B62446', 521, 86, 'NULL', 'SF1040003242',
   20550624005028, 'NULL', 4);
INSERT INTO ticket
VALUES ('T175170141', 'NULL', 20660323165605, NULL, 'SF67306935', 'SA21022', 'B39944', 71, 94, 'NULL', 'SF1177605698',
        20311001021408, 'NULL', 7);
INSERT INTO ticket
VALUES ('T175292780', 'NULL', 20380720092741, NULL, 'SF743551758', 'SA97844', 'B62914', 142, 27, 'NULL', 'SF765783780',
        20761014043857, 'NULL', 2);
INSERT INTO ticket
VALUES
  ('T1762153547', 'NULL', 20770929030431, 'P1643618810', NULL, 'SA97844', 'B80300', 798, 74, 'NULL', 'SF2110164235',
   20780113064209, 'NULL', 3);
INSERT INTO ticket
VALUES ('T1764978316', 'NULL', 20850723051927, NULL, 'SF245676536', 'SA93219', 'B22056', 115, 35, 'NULL', 'SF863234597',
        20661010011904, 'NULL', 7);
INSERT INTO ticket
VALUES ('T1765509866', 'NULL', 20070921145922, 'P223396907', NULL, 'SA49936', 'B98289', 342, 38, 'NULL', 'SF1510125838',
        20180814011327, 'NULL', 7);
INSERT INTO ticket
VALUES
  ('T1770897230', 'NULL', 20670429070541, NULL, 'SF1177605698', 'SA93219', 'B95553', 598, 71, 'NULL', 'SF608473196',
   20011004204257, 'NULL', 4);
INSERT INTO ticket
VALUES ('T1774723460', 'NULL', 20041227223324, 'P1064325210', NULL, 'SA8349', 'B95553', 805, 60, 'NULL', 'SF309484508',
        20740104015118, 'NULL', 2);
INSERT INTO ticket
VALUES ('T1775956779', 'NULL', 20410621103628, 'P848938225', NULL, 'SA59734', 'B59957', 328, 45, 'NULL', 'SF1550134583',
        20801102115247, 'NULL', 0);
INSERT INTO ticket
VALUES
  ('T177695013', 'NULL', 20830923193418, NULL, 'SF1592371108', 'SA68322', 'B63632', 863, 52, 'NULL', 'SF1510125838',
   20261123193150, 'NULL', 7);
INSERT INTO ticket
VALUES ('T1779113026', 'NULL', 20390522000933, NULL, 'SF205293560', 'SA7314', 'B6722', 848, 30, 'NULL', 'SF819718857',
        20170712055222, 'NULL', 4);
INSERT INTO ticket
VALUES
  ('T1780810263', 'NULL', 20540401064800, NULL, 'SF2081721216', 'SA95794', 'B55276', 912, 11, 'NULL', 'SF608473196',
   20010529235431, 'NULL', 4);
INSERT INTO ticket
VALUES
  ('T1791832641', 'NULL', 20270123095607, NULL, 'SF1177605698', 'SA71170', 'B48241', 53, 40, 'NULL', 'SF1760312546',
   20880810153659, 'NULL', 8);
INSERT INTO ticket
VALUES ('T1795894002', 'NULL', 20860313082818, NULL, 'SF1929623560', 'SA8349', 'B90673', 585, 34, 'NULL', 'SF245676536',
        20200831233228, 'NULL', 8);
INSERT INTO ticket
VALUES ('T179593047', 'NULL', 20511020211255, 'P422007524', NULL, 'SA93219', 'B80300', 806, 52, 'NULL', 'SF1929623560',
        20000401132542, 'NULL', 1);
INSERT INTO ticket
VALUES ('T1798101167', 'NULL', 20990411142729, NULL, 'SF1621971018', 'SA4976', 'B61327', 91, 84, 'NULL', 'SF1443696079',
        20550916083220, 'NULL', 0);
INSERT INTO ticket
VALUES
  ('T1812460900', 'NULL', 20361007121744, NULL, 'SF1707111159', 'SA68322', 'B87109', 801, 33, 'NULL', 'SF1177605698',
   20031021093111, 'NULL', 0);
INSERT INTO ticket
VALUES
  ('T1813201181', 'NULL', 20630705010453, NULL, 'SF1757995487', 'SA30333', 'B55277', 970, 0, 'NULL', 'SF1709578796',
   20690111201615, 'NULL', 1);
INSERT INTO ticket
VALUES ('T1813800920', 'NULL', 20210521073509, NULL, 'SF300732922', 'SA21022', 'B22255', 12, 98, 'NULL', 'SF1723219020',
        20120116070818, 'NULL', 7);
INSERT INTO ticket
VALUES
  ('T1814438183', 'NULL', 20961205132641, NULL, 'SF2110164235', 'SA95794', 'B26466', 252, 14, 'NULL', 'SF809675534',
   20220118113954, 'NULL', 7);
INSERT INTO ticket
VALUES ('T1820087619', 'NULL', 20491110044613, 'P1377721099', NULL, 'SA8349', 'B51560', 537, 45, 'NULL', 'SF106958357',
        20570927103122, 'NULL', 6);
INSERT INTO ticket
VALUES ('T1821465985', 'NULL', 20011024090203, 'P256324488', NULL, 'SA18413', 'B18705', 268, 30, 'NULL', 'SF309484508',
        20390725083338, 'NULL', 2);
INSERT INTO ticket
VALUES ('T1827413740', 'NULL', 20340609040334, NULL, 'SF819718857', 'SA49936', 'B90673', 849, 5, 'NULL', 'SF1651258223',
        20480916025903, 'NULL', 6);
INSERT INTO ticket
VALUES
  ('T1827951794', 'NULL', 20750924093252, NULL, 'SF1651258223', 'SA93219', 'B62446', 136, 18, 'NULL', 'SF1757995487',
   20180430231812, 'NULL', 2);
INSERT INTO ticket
VALUES ('T1833086858', 'NULL', 20091208222510, NULL, 'SF965085361', 'SA68322', 'B63632', 749, 3, 'NULL', 'SF863234597',
        20461210001751, 'NULL', 0);
INSERT INTO ticket
VALUES ('T183382088', 'NULL', 20671103201223, 'P477485259', NULL, 'SA95794', 'B37414', 123, 89, 'NULL', 'SF1709578796',
        20610225024453, 'NULL', 6);
INSERT INTO ticket
VALUES ('T1842184175', 'NULL', 20400107103816, 'P87256909', NULL, 'SA87696', 'B38140', 874, 55, 'NULL', 'SF1443696079',
        20700227124632, 'NULL', 8);
INSERT INTO ticket
VALUES
  ('T1844990245', 'NULL', 20971213043730, NULL, 'SF1760312546', 'SA49936', 'B18705', 502, 53, 'NULL', 'SF1592371108',
   20851115230942, 'NULL', 9);
INSERT INTO ticket
VALUES ('T1845757735', 'NULL', 20400109013139, NULL, 'SF1177605698', 'SA97844', 'B19839', 36, 38, 'NULL', 'SF684900388',
        20700218030216, 'NULL', 5);
INSERT INTO ticket
VALUES ('T184656920', 'NULL', 20850508075456, NULL, 'SF309484508', 'SA21022', 'B19839', 880, 28, 'NULL', 'SF1389198663',
        20470329051629, 'NULL', 3);
INSERT INTO ticket
VALUES
  ('T1847889889', 'NULL', 20521118201123, 'P1970665427', NULL, 'SA49506', 'B17332', 597, 70, 'NULL', 'SF1723219020',
   20990201074301, 'NULL', 5);
INSERT INTO ticket
VALUES ('T185612041', 'NULL', 20320418210806, NULL, 'SF2081721216', 'SA95794', 'B39944', 940, 95, 'NULL', 'SF798969889',
        20460115215940, 'NULL', 7);
INSERT INTO ticket
VALUES ('T1858617220', 'NULL', 20050201113647, 'P892746288', NULL, 'SA92664', 'B56670', 297, 45, 'NULL', 'SF749524158',
        20470327222516, 'NULL', 3);
INSERT INTO ticket
VALUES ('T1865488250', 'NULL', 20320301095050, 'P785361835', NULL, 'SA87696', 'B22056', 287, 27, 'NULL', 'SF1177605698',
        20660310043932, 'NULL', 4);
INSERT INTO ticket
VALUES ('T1865819857', 'NULL', 20240119131635, 'P1872781656', NULL, 'SA4976', 'B98521', 829, 97, 'NULL', 'SF667054813',
        20100522003538, 'NULL', 5);
INSERT INTO ticket
VALUES ('T1867030978', 'NULL', 20660715152336, NULL, 'SF2110164235', 'SA7314', 'B43028', 838, 44, 'NULL', 'SF608473196',
        20400812220903, 'NULL', 9);
INSERT INTO ticket
VALUES ('T1867907494', 'NULL', 20801102061945, NULL, 'SF309484508', 'SA8349', 'B63632', 226, 87, 'NULL', 'SF1709578796',
        20640412160733, 'NULL', 7);
INSERT INTO ticket
VALUES ('T18681239', 'NULL', 20330520042417, 'P1532774863', NULL, 'SA93219', 'B38140', 521, 99, 'NULL', 'SF300732922',
        20230717092239, 'NULL', 0);
INSERT INTO ticket
VALUES ('T1886454107', 'NULL', 20930925000731, 'P641063827', NULL, 'SA49936', 'B38140', 45, 0, 'NULL', 'SF743551758',
        20761124044601, 'NULL', 8);
INSERT INTO ticket
VALUES
  ('T1886790355', 'NULL', 20620808163437, NULL, 'SF749524158', 'SA59734', 'B95553', 200, 39, 'NULL', 'SF1510125838',
   20160903174311, 'NULL', 2);
INSERT INTO ticket
VALUES
  ('T1886994012', 'NULL', 20790619085754, 'P1816893493', NULL, 'SA93219', 'B55277', 226, 12, 'NULL', 'SF1723219020',
   20461023122639, 'NULL', 3);
INSERT INTO ticket
VALUES
  ('T1888993067', 'NULL', 20060327024845, NULL, 'SF1987814724', 'SA31438', 'B54807', 751, 57, 'NULL', 'SF1040003242',
   20370509223131, 'NULL', 3);
INSERT INTO ticket
VALUES ('T1889767349', 'NULL', 20330303004525, NULL, 'SF765783780', 'SA95794', 'B14418', 621, 16, 'NULL', 'SF684900388',
        20180727124721, 'NULL', 8);
INSERT INTO ticket
VALUES
  ('T1892043165', 'NULL', 20480303053317, NULL, 'SF1325604751', 'SA93219', 'B77825', 118, 20, 'NULL', 'SF684900388',
   20261030104432, 'NULL', 1);
INSERT INTO ticket
VALUES ('T1894021341', 'NULL', 20301030094639, 'P433739973', NULL, 'SA87696', 'B13071', 881, 34, 'NULL', 'SF1929755947',
        20360105101601, 'NULL', 3);
INSERT INTO ticket
VALUES ('T1913061937', 'NULL', 20801230233938, 'P1694340229', NULL, 'SA8349', 'B18705', 663, 16, 'NULL', 'SF106958357',
        20580805075456, 'NULL', 7);
INSERT INTO ticket
VALUES ('T1913495092', 'NULL', 20500409090706, NULL, 'SF667054813', 'SA31266', 'B28352', 249, 77, 'NULL', 'SF113450204',
        20000518173241, 'NULL', 8);
INSERT INTO ticket
VALUES ('T1913608990', 'NULL', 20721213123254, NULL, 'SF743551758', 'SA18413', 'B3469', 120, 69, 'NULL', 'SF113450204',
        20281111043852, 'NULL', 6);
INSERT INTO ticket
VALUES ('T1915608259', 'NULL', 20341025025528, 'P1191275887', NULL, 'SA31438', 'B13071', 165, 99, 'NULL', 'SF743551758',
        20210707010031, 'NULL', 4);
INSERT INTO ticket
VALUES
  ('T1915958241', 'NULL', 20811119021431, NULL, 'SF1723219020', 'SA4976', 'B43028', 899, 30, 'NULL', 'SF2032619573',
   20580719111127, 'NULL', 6);
INSERT INTO ticket
VALUES ('T191966475', 'NULL', 20310810103319, 'P87306425', NULL, 'SA71170', 'B55276', 250, 30, 'NULL', 'SF1621971018',
        20870510061958, 'NULL', 4);
INSERT INTO ticket
VALUES
  ('T1920746218', 'NULL', 20131016003338, NULL, 'SF2110164235', 'SA31266', 'B59957', 884, 15, 'NULL', 'SF2032619573',
   20260314232028, 'NULL', 1);
INSERT INTO ticket
VALUES ('T1923858785', 'NULL', 20270424141218, 'P1000931623', NULL, 'SA92664', 'B54807', 47, 0, 'NULL', 'SF1325604751',
        20070627233714, 'NULL', 9);
INSERT INTO ticket
VALUES
  ('T1924995094', 'NULL', 20990117023007, 'P1863194491', NULL, 'SA59734', 'B94624', 507, 87, 'NULL', 'SF1443696079',
   20040226190600, 'NULL', 1);
INSERT INTO ticket
VALUES
  ('T1938079800', 'NULL', 20801022051543, NULL, 'SF245676536', 'SA87696', 'B54807', 145, 39, 'NULL', 'SF1987814724',
   20891111090727, 'NULL', 5);
INSERT INTO ticket
VALUES
  ('T1945673423', 'NULL', 20740908142541, NULL, 'SF1389198663', 'SA21022', 'B63632', 473, 76, 'NULL', 'SF2081721216',
   20980417201830, 'NULL', 2);
INSERT INTO ticket
VALUES ('T1947298506', 'NULL', 20280811071755, NULL, 'SF300732922', 'SA30333', 'B48241', 216, 72, 'NULL', 'SF684900388',
        20240318044548, 'NULL', 5);
INSERT INTO ticket
VALUES ('T1954296832', 'NULL', 20110123185547, NULL, 'SF205293560', 'SA87696', 'B48241', 448, 81, 'NULL', 'SF907234094',
        20430901120419, 'NULL', 0);
INSERT INTO ticket
VALUES
  ('T1955399090', 'NULL', 20920423140443, NULL, 'SF743551758', 'SA59734', 'B63632', 314, 66, 'NULL', 'SF1987814724',
   20660906043526, 'NULL', 5);
INSERT INTO ticket
VALUES ('T1956882328', 'NULL', 20120613152418, 'P351478518', NULL, 'SA68322', 'B37414', 547, 34, 'NULL', 'SF965085361',
        20000108143812, 'NULL', 8);
INSERT INTO ticket
VALUES ('T195916389', 'NULL', 20370313142720, NULL, 'SF819718857', 'SA68322', 'B62914', 197, 8, 'NULL', 'SF67306935',
        20530505041412, 'NULL', 8);
INSERT INTO ticket
VALUES
  ('T1965972925', 'NULL', 20211110201612, NULL, 'SF907234094', 'SA21022', 'B77825', 554, 62, 'NULL', 'SF2110164235',
   20091219151043, 'NULL', 6);
INSERT INTO ticket
VALUES ('T1965974739', 'NULL', 20970317143806, 'P1909099161', NULL, 'SA30333', 'B63632', 543, 84, 'NULL', 'SF300732922',
        20000227142858, 'NULL', 4);
INSERT INTO ticket
VALUES ('T1968027238', 'NULL', 20561105115812, NULL, 'SF658493989', 'SA68322', 'B19057', 490, 62, 'NULL', 'SF863234597',
        20501004031824, 'NULL', 2);
INSERT INTO ticket
VALUES ('T1978626259', 'NULL', 20841214200402, 'P2070292917', NULL, 'SA92664', 'B3469', 376, 1, 'NULL', 'SF1443696079',
        20050228155657, 'NULL', 9);
INSERT INTO ticket
VALUES
  ('T1982573125', 'NULL', 20370313115020, NULL, 'SF1550134583', 'SA59734', 'B28096', 448, 80, 'NULL', 'SF106958357',
   20180218025424, 'NULL', 9);
INSERT INTO ticket
VALUES ('T1983151821', 'NULL', 20920501132339, NULL, 'SF1939583739', 'SA21022', 'B62727', 77, 9, 'NULL', 'SF67306935',
        20071220061310, 'NULL', 8);
INSERT INTO ticket
VALUES ('T1985545148', 'NULL', 20431022231510, NULL, 'SF1723219020', 'SA97844', 'B6722', 770, 8, 'NULL', 'SF2110164235',
        20630105033121, 'NULL', 6);
INSERT INTO ticket
VALUES ('T19920155', 'NULL', 20460608234401, 'P2115125516', NULL, 'SA87696', 'B62914', 739, 15, 'NULL', 'SF106958357',
        20391102144551, 'NULL', 6);
INSERT INTO ticket
VALUES ('T199451774', 'NULL', 20830602150130, 'P582277581', NULL, 'SA8349', 'B98521', 831, 72, 'NULL', 'SF1040003242',
        20860629195630, 'NULL', 1);
INSERT INTO ticket
VALUES
  ('T1996566776', 'NULL', 20510114122525, 'P1042690889', NULL, 'SA87696', 'B98976', 167, 92, 'NULL', 'SF1709578796',
   20360730194149, 'NULL', 6);
INSERT INTO ticket
VALUES ('T1997867260', 'NULL', 20150605090855, 'P760857722', NULL, 'SA31438', 'B74845', 396, 11, 'NULL', 'SF309484508',
        20190212021532, 'NULL', 2);
INSERT INTO ticket
VALUES ('T2003063369', 'NULL', 20800118185537, 'P1129489784', NULL, 'SA93219', 'B55277', 994, 17, 'NULL', 'SF798969889',
        20390916100315, 'NULL', 7);
INSERT INTO ticket
VALUES ('T20052444', 'NULL', 20140808095456, 'P1797279169', NULL, 'SA4976', 'B74845', 687, 66, 'NULL', 'SF765783780',
        20180424224136, 'NULL', 7);
INSERT INTO ticket
VALUES ('T2005299812', 'NULL', 20351210105255, 'P1799640228', NULL, 'SA21022', 'B22056', 45, 47, 'NULL', 'SF291878158',
        20220319122014, 'NULL', 9);
INSERT INTO ticket
VALUES
  ('T2006261176', 'NULL', 20160211211820, NULL, 'SF1389198663', 'SA21022', 'B17332', 203, 55, 'NULL', 'SF2131836294',
   20121031033249, 'NULL', 8);
INSERT INTO ticket
VALUES ('T200717726', 'NULL', 20170421220300, 'P365827546', NULL, 'SA21022', 'B19057', 763, 85, 'NULL', 'SF1621971018',
        20000822113624, 'NULL', 5);
INSERT INTO ticket
VALUES
  ('T2008430350', 'NULL', 20260616024835, 'P1151944769', NULL, 'SA31438', 'B52740', 518, 42, 'NULL', 'SF1929623560',
   20000511031126, 'NULL', 1);
INSERT INTO ticket
VALUES
  ('T200947405', 'NULL', 20810725030238, NULL, 'SF1760312546', 'SA92664', 'B76866', 431, 26, 'NULL', 'SF1939583739',
   20721209063236, 'NULL', 3);
INSERT INTO ticket
VALUES ('T2013977376', 'NULL', 20481005111806, 'P1308228293', NULL, 'SA68322', 'B54807', 799, 87, 'NULL', 'SF684900388',
        20760326002004, 'NULL', 1);
INSERT INTO ticket
VALUES
  ('T2020206191', 'NULL', 20050217105238, NULL, 'SF205293560', 'SA30333', 'B13071', 648, 51, 'NULL', 'SF1987814724',
   20841007081205, 'NULL', 9);
INSERT INTO ticket
VALUES ('T2020814190', 'NULL', 20240703094637, NULL, 'SF809675534', 'SA95794', 'B61327', 691, 16, 'NULL', 'SF291878158',
        20930401185942, 'NULL', 7);
INSERT INTO ticket
VALUES
  ('T2024541094', 'NULL', 20390809150750, NULL, 'SF205293560', 'SA31266', 'B76754', 537, 40, 'NULL', 'SF1723219020',
   20460522162014, 'NULL', 3);
INSERT INTO ticket
VALUES ('T2031963397', 'NULL', 20070711091835, 'P215817197', NULL, 'SA95173', 'B26466', 10, 27, 'NULL', 'SF1651258223',
        20880212181827, 'NULL', 6);
INSERT INTO ticket
VALUES
  ('T2033511092', 'NULL', 20740115112701, NULL, 'SF1510125838', 'SA68322', 'B77149', 753, 53, 'NULL', 'SF819718857',
   20250610140855, 'NULL', 5);
INSERT INTO ticket
VALUES ('T2036184315', 'NULL', 20961119225840, 'P139750196', NULL, 'SA97844', 'B76866', 249, 40, 'NULL', 'SF1723219020',
        20330822004517, 'NULL', 0);
INSERT INTO ticket
VALUES ('T2036562761', 'NULL', 20641215094550, 'P1017983990', NULL, 'SA71170', 'B38140', 247, 4, 'NULL', 'SF1757995487',
        20070225081523, 'NULL', 1);
INSERT INTO ticket
VALUES ('T2039234050', 'NULL', 20350927214720, 'P1042690889', NULL, 'SA95794', 'B3469', 249, 89, 'NULL', 'SF1325240132',
        20880222014738, 'NULL', 3);
INSERT INTO ticket
VALUES ('T2040962964', 'NULL', 20110223164346, NULL, 'SF1177605698', 'SA21022', 'B95553', 13, 64, 'NULL', 'SF291878158',
        20370405074744, 'NULL', 4);
INSERT INTO ticket
VALUES ('T2041335939', 'NULL', 20080825053755, 'P1469970007', NULL, 'SA95173', 'B17332', 623, 5, 'NULL', 'SF907234094',
        20570817081137, 'NULL', 4);
INSERT INTO ticket
VALUES ('T2046662024', 'NULL', 20740713015752, 'P299148893', NULL, 'SA71170', 'B18705', 853, 7, 'NULL', 'SF1723219020',
        20860325082551, 'NULL', 1);
INSERT INTO ticket
VALUES
  ('T2050345242', 'NULL', 20090302011317, 'P1510424792', NULL, 'SA49936', 'B94624', 914, 34, 'NULL', 'SF1443696079',
   20850120193805, 'NULL', 5);
INSERT INTO ticket
VALUES
  ('T2052223315', 'NULL', 20330424023248, NULL, 'SF1987814724', 'SA31438', 'B55277', 888, 66, 'NULL', 'SF1757995487',
   20610110185130, 'NULL', 0);
INSERT INTO ticket
VALUES
  ('T2055723468', 'NULL', 20500112022505, NULL, 'SF1177605698', 'SA30333', 'B22056', 205, 8, 'NULL', 'SF1757995487',
   20180523065130, 'NULL', 7);
INSERT INTO ticket
VALUES ('T2057467847', 'NULL', 20270320052800, 'P903701338', NULL, 'SA49936', 'B51560', 473, 62, 'NULL', 'SF863234597',
        20860304090348, 'NULL', 7);
INSERT INTO ticket
VALUES
  ('T2058984099', 'NULL', 20420520213159, 'P1947655423', NULL, 'SA31266', 'B82520', 101, 42, 'NULL', 'SF2081721216',
   20390611055206, 'NULL', 1);
INSERT INTO ticket
VALUES
  ('T2070484643', 'NULL', 20280919140040, NULL, 'SF1723219020', 'SA59734', 'B74845', 732, 86, 'NULL', 'SF2131836294',
   20940718100027, 'NULL', 7);
INSERT INTO ticket
VALUES
  ('T2075724589', 'NULL', 20410720064538, NULL, 'SF2110164235', 'SA71170', 'B82520', 563, 6, 'NULL', 'SF1155426710',
   20020424104547, 'NULL', 5);
INSERT INTO ticket
VALUES ('T2075930845', 'NULL', 20230712182904, 'P676757985', NULL, 'SA87696', 'B76754', 351, 39, 'NULL', 'SF245676536',
        20230226223821, 'NULL', 2);
INSERT INTO ticket
VALUES
  ('T2078684372', 'NULL', 20011204142839, NULL, 'SF965085361', 'SA97844', 'B55277', 407, 72, 'NULL', 'SF1723219020',
   20130115222808, 'NULL', 0);
INSERT INTO ticket
VALUES
  ('T2085002973', 'NULL', 20650323060242, NULL, 'SF667054813', 'SA49506', 'B63632', 931, 50, 'NULL', 'SF1987814724',
   20210425122658, 'NULL', 9);
INSERT INTO ticket
VALUES ('T2089541060', 'NULL', 20350806110612, 'P1273379930', NULL, 'SA8349', 'B43028', 638, 4, 'NULL', 'SF1707111159',
        20190902210018, 'NULL', 7);
INSERT INTO ticket
VALUES ('T2091844861', 'NULL', 20320323233010, 'P467057660', NULL, 'SA92664', 'B22255', 258, 70, 'NULL', 'SF1510125838',
        20640718115108, 'NULL', 2);
INSERT INTO ticket
VALUES
  ('T209745066', 'NULL', 20180926140403, NULL, 'SF1707111159', 'SA21022', 'B80300', 468, 36, 'NULL', 'SF1389198663',
   20310730225047, 'NULL', 4);
INSERT INTO ticket
VALUES ('T2101729512', 'NULL', 20740416231847, 'P810992222', NULL, 'SA68322', 'B87109', 191, 13, 'NULL', 'SF2081721216',
        20711110112204, 'NULL', 5);
INSERT INTO ticket
VALUES
  ('T210308195', 'NULL', 20210207211007, NULL, 'SF2110164235', 'SA62282', 'B19839', 573, 43, 'NULL', 'SF1550134583',
   20380805211105, 'NULL', 8);
INSERT INTO ticket
VALUES
  ('T2103495074', 'NULL', 20171211124946, NULL, 'SF1040003242', 'SA21022', 'B28096', 607, 90, 'NULL', 'SF743551758',
   20601228151424, 'NULL', 3);
INSERT INTO ticket
VALUES ('T2104504537', 'NULL', 20231002090846, NULL, 'SF863234597', 'SA92664', 'B51560', 523, 56, 'NULL', 'SF300732922',
        20211015095510, 'NULL', 3);
INSERT INTO ticket
VALUES ('T2107723785', 'NULL', 20810226172121, 'P526379342', NULL, 'SA95173', 'B59957', 726, 2, 'NULL', 'SF819718857',
        20591217233811, 'NULL', 1);
INSERT INTO ticket
VALUES
  ('T2111476298', 'NULL', 20560710214751, NULL, 'SF1757995487', 'SA30333', 'B39106', 486, 40, 'NULL', 'SF300732922',
   20520110080035, 'NULL', 7);
INSERT INTO ticket
VALUES ('T2111510224', 'NULL', 20960108154844, 'P440988229', NULL, 'SA62282', 'B76754', 151, 26, 'NULL', 'SF1443696079',
        20990411222331, 'NULL', 5);
INSERT INTO ticket
VALUES
  ('T2118620232', 'NULL', 20571221234803, 'P2085054320', NULL, 'SA18413', 'B30375', 571, 37, 'NULL', 'SF1757995487',
   20290731200835, 'NULL', 0);
INSERT INTO ticket
VALUES
  ('T2119626539', 'NULL', 20680127144841, NULL, 'SF907234094', 'SA92664', 'B77149', 424, 67, 'NULL', 'SF1592371108',
   20430812025959, 'NULL', 0);
INSERT INTO ticket
VALUES ('T2121051576', 'NULL', 20960730080538, NULL, 'SF205293560', 'SA8349', 'B19057', 124, 73, 'NULL', 'SF965085361',
        20611210114303, 'NULL', 5);
INSERT INTO ticket
VALUES ('T2122297252', 'NULL', 20981019024706, 'P2083217813', NULL, 'SA21022', 'B30375', 310, 26, 'NULL', 'SF819718857',
        20910106231413, 'NULL', 1);
INSERT INTO ticket
VALUES ('T2127796767', 'NULL', 20841112020542, 'P1056803612', NULL, 'SA21022', 'B6722', 135, 36, 'NULL', 'SF765783780',
        20050705211916, 'NULL', 9);
INSERT INTO ticket
VALUES ('T2135607725', 'NULL', 20100129031111, 'P170450200', NULL, 'SA68322', 'B39106', 369, 57, 'NULL', 'SF2032619573',
        20881009120539, 'NULL', 8);
INSERT INTO ticket
VALUES ('T2137810801', 'NULL', 20140524060609, 'P53267498', NULL, 'SA31266', 'B98521', 786, 26, 'NULL', 'SF1651258223',
        20800126061036, 'NULL', 0);
INSERT INTO ticket
VALUES
  ('T2140353369', 'NULL', 20370423141706, 'P1282776228', NULL, 'SA18413', 'B56670', 550, 52, 'NULL', 'SF2110164235',
   20050918184905, 'NULL', 8);
INSERT INTO ticket
VALUES ('T2147255197', 'NULL', 20270902192543, 'P312293218', NULL, 'SA93219', 'B98289', 433, 36, 'NULL', 'SF1707111159',
        20180510111406, 'NULL', 8);
INSERT INTO ticket
VALUES ('T214902559', 'NULL', 20630810095119, NULL, 'SF1389198663', 'SA30333', 'B17332', 855, 43, 'NULL', 'SF809675534',
        20280812025053, 'NULL', 0);
INSERT INTO ticket
VALUES ('T216693659', 'NULL', 20480630175301, 'P141998013', NULL, 'SA8349', 'B98976', 962, 70, 'NULL', 'SF1707111159',
        20400503144754, 'NULL', 0);
INSERT INTO ticket
VALUES ('T219196480', 'NULL', 20971011005546, 'P352905983', NULL, 'SA49506', 'B63632', 434, 26, 'NULL', 'SF1443696079',
        20750516173052, 'NULL', 5);
INSERT INTO ticket
VALUES ('T223018015', 'NULL', 20060626114538, 'P1872781656', NULL, 'SA62282', 'B94624', 761, 44, 'NULL', 'SF1325604751',
        20371031111757, 'NULL', 8);
INSERT INTO ticket
VALUES ('T223888317', 'NULL', 20551121074251, 'P2050612820', NULL, 'SA49506', 'B95553', 874, 10, 'NULL', 'SF2032619573',
        20271218091810, 'NULL', 6);
INSERT INTO ticket
VALUES ('T2267296', 'NULL', 20830921131834, NULL, 'SF965085361', 'SA97844', 'B37414', 115, 29, 'NULL', 'SF1707111159',
        20760528005627, 'NULL', 6);
INSERT INTO ticket
VALUES ('T227544080', 'NULL', 20660817140229, 'P641063827', NULL, 'SA21022', 'B48241', 444, 17, 'NULL', 'SF1325604751',
        20840824024225, 'NULL', 1);
INSERT INTO ticket
VALUES ('T231292255', 'NULL', 20080409235652, 'P1514697612', NULL, 'SA18413', 'B39944', 225, 59, 'NULL', 'SF1709578796',
        20610406094718, 'NULL', 3);
INSERT INTO ticket
VALUES ('T235091953', 'NULL', 20750531222218, NULL, 'SF1550134583', 'SA49506', 'B28352', 910, 2, 'NULL', 'SF1035725393',
        20290729194415, 'NULL', 8);
INSERT INTO ticket
VALUES ('T239154830', 'NULL', 20320911043945, 'P312293218', NULL, 'SA31266', 'B77825', 454, 73, 'NULL', 'SF1325604751',
        20400518000633, 'NULL', 1);
INSERT INTO ticket
VALUES ('T24258904', 'NULL', 20230519195130, 'P262081658', NULL, 'SA4976', 'B62727', 675, 46, 'NULL', 'SF809675534',
        20541122175413, 'NULL', 7);
INSERT INTO ticket
VALUES ('T259331069', 'NULL', 20370228170826, 'P1952193500', NULL, 'SA59734', 'B80300', 928, 45, 'NULL', 'SF809675534',
        20580130083315, 'NULL', 5);
INSERT INTO ticket
VALUES ('T259939220', 'NULL', 20930703083539, NULL, 'SF291878158', 'SA18413', 'B3469', 390, 42, 'NULL', 'SF1550134583',
        20000406094055, 'NULL', 7);
INSERT INTO ticket
VALUES ('T265430274', 'NULL', 20861121061348, 'P871470891', NULL, 'SA95794', 'B74845', 964, 34, 'NULL', 'SF1760312546',
        20440205065906, 'NULL', 1);
INSERT INTO ticket
VALUES ('T265486491', 'NULL', 20290822224149, 'P1774080230', NULL, 'SA87696', 'B22056', 579, 82, 'NULL', 'SF1987814724',
        20311104033350, 'NULL', 1);
INSERT INTO ticket
VALUES ('T265810437', 'NULL', 20730705194517, NULL, 'SF749524158', 'SA49936', 'B94593', 506, 95, 'NULL', 'SF71679732',
        20950801230624, 'NULL', 8);
INSERT INTO ticket
VALUES ('T269370171', 'NULL', 20770506134746, 'P598426117', NULL, 'SA31266', 'B98289', 794, 46, 'NULL', 'SF1757995487',
        20840924002749, 'NULL', 6);
INSERT INTO ticket
VALUES ('T275240904', 'NULL', 20531201122453, NULL, 'SF667054813', 'SA30333', 'B98289', 685, 32, 'NULL', 'SF1987814724',
        20321227064857, 'NULL', 5);
INSERT INTO ticket
VALUES ('T275795245', 'NULL', 20450930061036, NULL, 'SF1757995487', 'SA87696', 'B82520', 313, 48, 'NULL', 'SF245676536',
        20660502080108, 'NULL', 2);
INSERT INTO ticket
VALUES ('T278202299', 'NULL', 20440408032254, 'P433580965', NULL, 'SA8349', 'B54807', 668, 35, 'NULL', 'SF1621971018',
        20410601002842, 'NULL', 4);
INSERT INTO ticket
VALUES ('T280514418', 'NULL', 20510612222704, 'P1707740451', NULL, 'SA18413', 'B94624', 764, 5, 'NULL', 'SF1040003242',
        20130808181824, 'NULL', 8);
INSERT INTO ticket
VALUES ('T280948664', 'NULL', 20130901070751, NULL, 'SF749524158', 'SA93219', 'B3469', 960, 88, 'NULL', 'SF1757995487',
        20240827120630, 'NULL', 8);
INSERT INTO ticket
VALUES ('T281846691', 'NULL', 20600923040823, NULL, 'SF907234094', 'SA49936', 'B62727', 268, 57, 'NULL', 'SF965085361',
        20500429043045, 'NULL', 3);
INSERT INTO ticket
VALUES ('T285297632', 'NULL', 20560406092723, NULL, 'SF1592371108', 'SA8349', 'B87109', 16, 90, 'NULL', 'SF2081721216',
        20920728000016, 'NULL', 8);
INSERT INTO ticket
VALUES
  ('T288780900', 'NULL', 20020622115601, NULL, 'SF1709578796', 'SA68322', 'B62446', 206, 78, 'NULL', 'SF1929623560',
   20170704000930, 'NULL', 6);
INSERT INTO ticket
VALUES ('T2899106', 'NULL', 20421126133037, NULL, 'SF1838239550', 'SA95794', 'B13071', 848, 15, 'NULL', 'SF291878158',
        20000920101352, 'NULL', 7);
INSERT INTO ticket
VALUES ('T294097890', 'NULL', 20480818150245, NULL, 'SF245676536', 'SA30333', 'B76754', 857, 8, 'NULL', 'SF809675534',
        20270911044504, 'NULL', 2);
INSERT INTO ticket
VALUES ('T295150021', 'NULL', 20981207195225, NULL, 'SF309484508', 'SA7314', 'B39944', 261, 31, 'NULL', 'SF749524158',
        20720118183813, 'NULL', 8);
INSERT INTO ticket
VALUES ('T295830655', 'NULL', 20840328105308, 'P1459327924', NULL, 'SA21022', 'B94593', 525, 67, 'NULL', 'SF205293560',
        20730827022935, 'NULL', 9);
INSERT INTO ticket
VALUES ('T298283650', 'NULL', 20910520150533, 'P1469970007', NULL, 'SA21022', 'B51560', 864, 10, 'NULL', 'SF1987814724',
        20490204145336, 'NULL', 7);
INSERT INTO ticket
VALUES ('T302228927', 'NULL', 20370808142448, NULL, 'SF798969889', 'SA4976', 'B37414', 688, 89, 'NULL', 'SF2110164235',
        20291026204102, 'NULL', 2);
INSERT INTO ticket
VALUES ('T305850517', 'NULL', 20910602032727, NULL, 'SF749524158', 'SA95794', 'B48241', 522, 21, 'NULL', 'SF1592371108',
        20801119223312, 'NULL', 2);
INSERT INTO ticket
VALUES
  ('T315109222', 'NULL', 20730824153617, NULL, 'SF2130413404', 'SA59734', 'B28352', 313, 32, 'NULL', 'SF2032619573',
   20831007115918, 'NULL', 7);
INSERT INTO ticket
VALUES ('T31608786', 'NULL', 20521217194035, NULL, 'SF809675534', 'SA68322', 'B94624', 842, 40, 'NULL', 'SF608473196',
        20370507163634, 'NULL', 3);
INSERT INTO ticket
VALUES ('T317758380', 'NULL', 20400916043224, NULL, 'SF113450204', 'SA8349', 'B14418', 912, 20, 'NULL', 'SF658493989',
        20920926155627, 'NULL', 3);
INSERT INTO ticket
VALUES ('T318245409', 'NULL', 20261207140755, NULL, 'SF1987814724', 'SA31438', 'B90673', 471, 37, 'NULL', 'SF965085361',
        20190925161735, 'NULL', 6);
INSERT INTO ticket
VALUES ('T319631513', 'NULL', 20870823053221, 'P1017983990', NULL, 'SA92664', 'B38140', 905, 53, 'NULL', 'SF1987814724',
        20740126202239, 'NULL', 3);
INSERT INTO ticket
VALUES ('T326759024', 'NULL', 20690221054955, NULL, 'SF743551758', 'SA31266', 'B51072', 236, 26, 'NULL', 'SF965085361',
        20871110130420, 'NULL', 7);
INSERT INTO ticket
VALUES ('T328945026', 'NULL', 20750513183111, 'P1645724241', NULL, 'SA95173', 'B39944', 197, 33, 'NULL', 'SF1177605698',
        20230710192737, 'NULL', 3);
INSERT INTO ticket
VALUES
  ('T331977427', 'NULL', 20070523095339, NULL, 'SF1838239550', 'SA92664', 'B61327', 174, 87, 'NULL', 'SF1929623560',
   20050317201900, 'NULL', 6);
INSERT INTO ticket
VALUES ('T346020652', 'NULL', 20710414215931, NULL, 'SF291878158', 'SA49936', 'B66021', 602, 64, 'NULL', 'SF2032619573',
        20731111060601, 'NULL', 0);
INSERT INTO ticket
VALUES ('T348688884', 'NULL', 20110803053010, 'P1526209556', NULL, 'SA18413', 'B98289', 966, 53, 'NULL', 'SF1929623560',
        20190227115314, 'NULL', 8);
INSERT INTO ticket
VALUES ('T348899961', 'NULL', 20540419004630, 'P53267498', NULL, 'SA87696', 'B38140', 186, 96, 'NULL', 'SF1760312546',
        20860327131209, 'NULL', 5);
INSERT INTO ticket
VALUES ('T357274539', 'NULL', 20861010022430, 'P2066104474', NULL, 'SA71170', 'B55277', 788, 30, 'NULL', 'SF71679732',
        20770210201548, 'NULL', 9);
INSERT INTO ticket
VALUES ('T361360719', 'NULL', 20760213143611, 'P1251252662', NULL, 'SA92664', 'B39106', 998, 51, 'NULL', 'SF1929755947',
        20380629224545, 'NULL', 6);
INSERT INTO ticket
VALUES ('T36695513', 'NULL', 20090601231922, NULL, 'SF798969889', 'SA59734', 'B22255', 979, 71, 'NULL', 'SF1325240132',
        20831229194027, 'NULL', 0);
INSERT INTO ticket
VALUES ('T366965984', 'NULL', 20660719080814, 'P810992222', NULL, 'SA30333', 'B74845', 321, 49, 'NULL', 'SF819718857',
        20880111225650, 'NULL', 7);
INSERT INTO ticket
VALUES ('T373122082', 'NULL', 20950817220159, 'P243477031', NULL, 'SA71170', 'B22056', 224, 61, 'NULL', 'SF2110164235',
        20121019233602, 'NULL', 8);
INSERT INTO ticket
VALUES
  ('T373368629', 'NULL', 20380421204927, NULL, 'SF1325240132', 'SA62282', 'B28352', 235, 87, 'NULL', 'SF1443696079',
   20580527174308, 'NULL', 7);
INSERT INTO ticket
VALUES ('T377352368', 'NULL', 20960522224342, NULL, 'SF113450204', 'SA59734', 'B38140', 2, 39, 'NULL', 'SF1325604751',
        20840123024801, 'NULL', 1);
INSERT INTO ticket
VALUES ('T382100683', 'NULL', 20970731175200, NULL, 'SF1177605698', 'SA4976', 'B13071', 432, 35, 'NULL', 'SF1757995487',
        20370902221512, 'NULL', 9);
INSERT INTO ticket
VALUES ('T382863436', 'NULL', 20500115234558, 'P1416087812', NULL, 'SA92664', 'B61327', 486, 90, 'NULL', 'SF291878158',
        20221029124335, 'NULL', 1);
INSERT INTO ticket
VALUES ('T383528715', 'NULL', 20640806081850, NULL, 'SF1389198663', 'SA95173', 'B22056', 683, 85, 'NULL', 'SF71679732',
        20430216050606, 'NULL', 0);
INSERT INTO ticket
VALUES ('T385242559', 'NULL', 20780522022937, NULL, 'SF291878158', 'SA68322', 'B6722', 132, 73, 'NULL', 'SF1040003242',
        20110218022201, 'NULL', 1);
INSERT INTO ticket
VALUES
  ('T400671682', 'NULL', 20430214205548, NULL, 'SF1723219020', 'SA31266', 'B26466', 181, 55, 'NULL', 'SF1838239550',
   20311109022553, 'NULL', 4);
INSERT INTO ticket
VALUES ('T401169326', 'NULL', 20760702190324, 'P840779734', NULL, 'SA68322', 'B28352', 161, 59, 'NULL', 'SF798969889',
        20701124020210, 'NULL', 6);
INSERT INTO ticket
VALUES ('T408936121', 'NULL', 20681026123644, 'P1174878952', NULL, 'SA21022', 'B55276', 923, 69, 'NULL', 'SF743551758',
        20221024145907, 'NULL', 3);
INSERT INTO ticket
VALUES ('T410582934', 'NULL', 20910223022736, NULL, 'SF2131836294', 'SA8349', 'B51560', 303, 20, 'NULL', 'SF1651258223',
        20960710160949, 'NULL', 5);
INSERT INTO ticket
VALUES ('T410743108', 'NULL', 20140516030256, NULL, 'SF1621971018', 'SA68322', 'B95553', 76, 25, 'NULL', 'SF67306935',
        20090317185055, 'NULL', 8);
INSERT INTO ticket
VALUES
  ('T412958300', 'NULL', 20501118065921, NULL, 'SF1757995487', 'SA95794', 'B87109', 291, 17, 'NULL', 'SF1550134583',
   20930619024150, 'NULL', 8);
INSERT INTO ticket
VALUES ('T413311947', 'NULL', 20540608055309, NULL, 'SF907234094', 'SA62282', 'B77149', 996, 84, 'NULL', 'SF67306935',
        20810528134710, 'NULL', 0);
INSERT INTO ticket
VALUES ('T413680302', 'NULL', 20470325211411, NULL, 'SF907234094', 'SA49506', 'B62914', 84, 48, 'NULL', 'SF1723219020',
        20871102054559, 'NULL', 1);
INSERT INTO ticket
VALUES ('T414506845', 'NULL', 20591103135032, NULL, 'SF205293560', 'SA4976', 'B13071', 456, 43, 'NULL', 'SF309484508',
        20820828064347, 'NULL', 1);
INSERT INTO ticket
VALUES ('T414873811', 'NULL', 20000814135115, 'P343234337', NULL, 'SA87696', 'B63632', 998, 2, 'NULL', 'SF1177605698',
        20541121152623, 'NULL', 2);
INSERT INTO ticket
VALUES ('T414984525', 'NULL', 20200730232731, 'P1328707418', NULL, 'SA71170', 'B6722', 792, 52, 'NULL', 'SF1709578796',
        20200712053756, 'NULL', 9);
INSERT INTO ticket
VALUES ('T420501886', 'NULL', 20510626091143, 'P972792497', NULL, 'SA62282', 'B62727', 487, 47, 'NULL', 'SF2131836294',
        20260914141108, 'NULL', 7);
INSERT INTO ticket
VALUES ('T431103949', 'NULL', 20650809042133, NULL, 'SF1510125838', 'SA4976', 'B62727', 543, 75, 'NULL', 'SF1929623560',
        20590930132455, 'NULL', 8);
INSERT INTO ticket
VALUES ('T43810698', 'NULL', 20920319212600, 'P1698651896', NULL, 'SA97844', 'B14418', 185, 9, 'NULL', 'SF1389198663',
        20380824034504, 'NULL', 4);
INSERT INTO ticket
VALUES ('T438967193', 'NULL', 20800319202711, 'P950733187', NULL, 'SA4976', 'B39106', 613, 62, 'NULL', 'SF1838239550',
        20370612023903, 'NULL', 5);
INSERT INTO ticket
VALUES ('T442971411', 'NULL', 20860408091056, NULL, 'SF245676536', 'SA71170', 'B87109', 890, 1, 'NULL', 'SF1621971018',
        20040515121258, 'NULL', 0);
INSERT INTO ticket
VALUES ('T443188703', 'NULL', 20661003003005, NULL, 'SF1723219020', 'SA21022', 'B90673', 941, 75, 'NULL', 'SF809675534',
        20610418090432, 'NULL', 1);
INSERT INTO ticket
VALUES ('T446484337', 'NULL', 20691017064209, 'P1314816305', NULL, 'SA95173', 'B22056', 955, 56, 'NULL', 'SF863234597',
        20431213084946, 'NULL', 2);
INSERT INTO ticket
VALUES ('T449126053', 'NULL', 20550814064345, NULL, 'SF1929755947', 'SA87696', 'B76754', 150, 34, 'NULL', 'SF608473196',
        20141022083718, 'NULL', 6);
INSERT INTO ticket
VALUES ('T455408144', 'NULL', 20471111172610, 'P109008312', NULL, 'SA31438', 'B17332', 318, 49, 'NULL', 'SF1592371108',
        20680609095123, 'NULL', 1);
INSERT INTO ticket
VALUES ('T457548936', 'NULL', 20071217045637, 'P239292440', NULL, 'SA95794', 'B98289', 760, 93, 'NULL', 'SF291878158',
        20170907232739, 'NULL', 5);
INSERT INTO ticket
VALUES ('T463719571', 'NULL', 20680821090518, NULL, 'SF1389198663', 'SA7314', 'B95553', 140, 67, 'NULL', 'SF113450204',
        20810222013205, 'NULL', 8);
INSERT INTO ticket
VALUES ('T465584266', 'NULL', 20700913011109, 'P542592078', NULL, 'SA31438', 'B17332', 439, 5, 'NULL', 'SF1709578796',
        20730730103206, 'NULL', 9);
INSERT INTO ticket
VALUES ('T467227263', 'NULL', 20620916232801, 'P1385663405', NULL, 'SA71170', 'B52740', 255, 79, 'NULL', 'SF658493989',
        20850516135113, 'NULL', 3);
INSERT INTO ticket
VALUES ('T48065633', 'NULL', 20770715000416, NULL, 'SF1939583739', 'SA21022', 'B98976', 433, 22, 'NULL', 'SF658493989',
        20730215170909, 'NULL', 5);
INSERT INTO ticket
VALUES ('T482487278', 'NULL', 20520608165604, NULL, 'SF809675534', 'SA92664', 'B94624', 459, 56, 'NULL', 'SF1035725393',
        20860325171910, 'NULL', 2);
INSERT INTO ticket
VALUES ('T484747776', 'NULL', 20130629201050, NULL, 'SF809675534', 'SA87696', 'B13071', 262, 75, 'NULL', 'SF1838239550',
        20671102210311, 'NULL', 6);
INSERT INTO ticket
VALUES ('T497019674', 'NULL', 20970906130648, NULL, 'SF2130413404', 'SA31438', 'B63632', 416, 94, 'NULL', 'SF71679732',
        20140223171410, 'NULL', 4);
INSERT INTO ticket
VALUES ('T498453561', 'NULL', 20580129130434, 'P868932792', NULL, 'SA93219', 'B13071', 713, 49, 'NULL', 'SF1987814724',
        20670511040209, 'NULL', 3);
INSERT INTO ticket
VALUES ('T499594275', 'NULL', 20580420075757, NULL, 'SF113450204', 'SA49936', 'B82520', 847, 16, 'NULL', 'SF1723219020',
        20111228230413, 'NULL', 1);
INSERT INTO ticket
VALUES ('T501721895', 'NULL', 20091104140139, NULL, 'SF667054813', 'SA62282', 'B98976', 925, 22, 'NULL', 'SF291878158',
        20680305201556, 'NULL', 7);
INSERT INTO ticket
VALUES ('T506290873', 'NULL', 20060315002429, 'P1879905131', NULL, 'SA68322', 'B48241', 926, 76, 'NULL', 'SF1592371108',
        20080519001232, 'NULL', 4);
INSERT INTO ticket
VALUES ('T50775325', 'NULL', 20200516221930, 'P1913641734', NULL, 'SA49506', 'B38140', 827, 55, 'NULL', 'SF743551758',
        20340116075517, 'NULL', 5);
INSERT INTO ticket
VALUES ('T51040806', 'NULL', 20421126182548, NULL, 'SF749524158', 'SA62282', 'B19057', 822, 84, 'NULL', 'SF1651258223',
        20730122175403, 'NULL', 3);
INSERT INTO ticket
VALUES ('T514606927', 'NULL', 20060204025333, 'P901532951', NULL, 'SA31438', 'B19057', 461, 7, 'NULL', 'SF1707111159',
        20031229045213, 'NULL', 1);
INSERT INTO ticket
VALUES
  ('T516674834', 'NULL', 20621030200800, NULL, 'SF2081721216', 'SA21022', 'B25523', 721, 57, 'NULL', 'SF1939583739',
   20610815135550, 'NULL', 5);
INSERT INTO ticket
VALUES ('T517272303', 'NULL', 20951206022222, NULL, 'SF1510125838', 'SA31266', 'B80300', 582, 1, 'NULL', 'SF2032619573',
        20430717124328, 'NULL', 8);
INSERT INTO ticket
VALUES ('T517312647', 'NULL', 20990618120749, NULL, 'SF765783780', 'SA21022', 'B98289', 341, 32, 'NULL', 'SF1760312546',
        20630910164505, 'NULL', 1);
INSERT INTO ticket
VALUES ('T52579844', 'NULL', 20150329080659, 'P1469020412', NULL, 'SA4976', 'B98976', 697, 83, 'NULL', 'SF684900388',
        20540327171116, 'NULL', 1);
INSERT INTO ticket
VALUES ('T534382301', 'NULL', 20750909081338, 'P1617775630', NULL, 'SA30333', 'B19839', 221, 68, 'NULL', 'SF1177605698',
        20540617070128, 'NULL', 2);
INSERT INTO ticket
VALUES ('T544950199', 'NULL', 20490414153659, NULL, 'SF749524158', 'SA95794', 'B56670', 627, 3, 'NULL', 'SF658493989',
        20701201045718, 'NULL', 8);
INSERT INTO ticket
VALUES ('T548315623', 'NULL', 20340910204614, 'P403621564', NULL, 'SA68322', 'B18705', 525, 82, 'NULL', 'SF1651258223',
        20800512092007, 'NULL', 5);
INSERT INTO ticket
VALUES ('T552110899', 'NULL', 20951220194812, NULL, 'SF2110164235', 'SA18413', 'B19057', 762, 28, 'NULL', 'SF765783780',
        20280420144801, 'NULL', 2);
INSERT INTO ticket
VALUES ('T553173189', 'NULL', 20390416113835, 'P1263183857', NULL, 'SA97844', 'B51072', 449, 61, 'NULL', 'SF749524158',
        20851118200153, 'NULL', 7);
INSERT INTO ticket
VALUES ('T563411674', 'NULL', 20520203230611, 'P223017629', NULL, 'SA97844', 'B74845', 268, 21, 'NULL', 'SF1939583739',
        20540428234432, 'NULL', 1);
INSERT INTO ticket
VALUES ('T56512453', 'NULL', 20131208051453, 'P1448292947', NULL, 'SA71170', 'B76866', 924, 60, 'NULL', 'SF1987814724',
        20150208233649, 'NULL', 3);
INSERT INTO ticket
VALUES ('T56553566', 'NULL', 20440926000500, 'P286367574', NULL, 'SA62282', 'B59957', 443, 86, 'NULL', 'SF2081721216',
        20231109003229, 'NULL', 8);
INSERT INTO ticket
VALUES ('T567688652', 'NULL', 20891124192348, NULL, 'SF743551758', 'SA8349', 'B59957', 665, 42, 'NULL', 'SF1177605698',
        20440216133044, 'NULL', 7);
INSERT INTO ticket
VALUES
  ('T568674752', 'NULL', 20431230071146, NULL, 'SF1177605698', 'SA18413', 'B74845', 943, 93, 'NULL', 'SF1035725393',
   20281022130219, 'NULL', 5);
INSERT INTO ticket
VALUES ('T572791917', 'NULL', 20610711075131, 'P1616390139', NULL, 'SA95794', 'B77825', 73, 2, 'NULL', 'SF300732922',
        20650417052209, 'NULL', 8);
INSERT INTO ticket
VALUES ('T575513132', 'NULL', 20351004053858, NULL, 'SF1389198663', 'SA95173', 'B19839', 217, 23, 'NULL', 'SF300732922',
        20410106014509, 'NULL', 9);
INSERT INTO ticket
VALUES ('T576861509', 'NULL', 20330817223230, NULL, 'SF300732922', 'SA68322', 'B87109', 629, 58, 'NULL', 'SF907234094',
        20770920121630, 'NULL', 4);
INSERT INTO ticket
VALUES
  ('T585790103', 'NULL', 20830225224947, NULL, 'SF1177605698', 'SA62282', 'B63632', 198, 35, 'NULL', 'SF1709578796',
   20930302142232, 'NULL', 4);
INSERT INTO ticket
VALUES ('T586721153', 'NULL', 20940207003737, NULL, 'SF300732922', 'SA62282', 'B63632', 918, 53, 'NULL', 'SF1651258223',
        20160116232729, 'NULL', 7);
INSERT INTO ticket
VALUES ('T595210062', 'NULL', 20120714224210, NULL, 'SF743551758', 'SA8349', 'B90673', 352, 30, 'NULL', 'SF1325604751',
        20020617054425, 'NULL', 1);
INSERT INTO ticket
VALUES ('T598502002', 'NULL', 20851107150804, 'P2115125516', NULL, 'SA68322', 'B62446', 991, 76, 'NULL', 'SF1987814724',
        20910424134219, 'NULL', 9);
INSERT INTO ticket
VALUES
  ('T601175780', 'NULL', 20040904113609, NULL, 'SF1510125838', 'SA21022', 'B55277', 899, 48, 'NULL', 'SF1155426710',
   20400824173723, 'NULL', 4);
INSERT INTO ticket
VALUES ('T609232891', 'NULL', 20381127071420, NULL, 'SF819718857', 'SA21022', 'B80300', 889, 43, 'NULL', 'SF1757995487',
        20111014231813, 'NULL', 0);
INSERT INTO ticket
VALUES ('T614050094', 'NULL', 20281216172400, NULL, 'SF291878158', 'SA31266', 'B95553', 791, 69, 'NULL', 'SF106958357',
        20650815034001, 'NULL', 0);
INSERT INTO ticket
VALUES ('T617025597', 'NULL', 20631014011824, 'P848938225', NULL, 'SA31438', 'B59957', 489, 70, 'NULL', 'SF809675534',
        20580508053252, 'NULL', 5);
INSERT INTO ticket
VALUES ('T630375000', 'NULL', 20070415040740, 'P78412099', NULL, 'SA97844', 'B63632', 260, 75, 'NULL', 'SF1040003242',
        20760410062209, 'NULL', 9);
INSERT INTO ticket
VALUES ('T633965115', 'NULL', 20890505074032, 'P317466009', NULL, 'SA49936', 'B77825', 144, 20, 'NULL', 'SF1510125838',
        20501218043242, 'NULL', 9);
INSERT INTO ticket
VALUES
  ('T637234450', 'NULL', 20301025220958, NULL, 'SF1035725393', 'SA95794', 'B37414', 802, 77, 'NULL', 'SF2130413404',
   20480608122901, 'NULL', 3);
INSERT INTO ticket
VALUES
  ('T641810414', 'NULL', 20020901075210, NULL, 'SF1709578796', 'SA59734', 'B39944', 878, 58, 'NULL', 'SF1838239550',
   20390905123402, 'NULL', 9);
INSERT INTO ticket
VALUES ('T642039385', 'NULL', 20371024001017, NULL, 'SF113450204', 'SA8349', 'B22056', 480, 94, 'NULL', 'SF2032619573',
        20580127200437, 'NULL', 3);
INSERT INTO ticket
VALUES ('T643846380', 'NULL', 20220125025236, NULL, 'SF71679732', 'SA68322', 'B6722', 461, 92, 'NULL', 'SF658493989',
        20110214061612, 'NULL', 0);
INSERT INTO ticket
VALUES ('T6515725', 'NULL', 20401201013710, 'P1317816758', NULL, 'SA59734', 'B26466', 918, 20, 'NULL', 'SF106958357',
        20970527083028, 'NULL', 7);
INSERT INTO ticket
VALUES ('T666393663', 'NULL', 20611023153935, NULL, 'SF2131836294', 'SA4976', 'B48241', 364, 47, 'NULL', 'SF1592371108',
        20890621171907, 'NULL', 2);
INSERT INTO ticket
VALUES ('T666578706', 'NULL', 20460819061840, NULL, 'SF245676536', 'SA21022', 'B59957', 198, 1, 'NULL', 'SF1035725393',
        20150801040457, 'NULL', 3);
INSERT INTO ticket
VALUES
  ('T669860788', 'NULL', 20670512192323, NULL, 'SF1757995487', 'SA49936', 'B17332', 574, 28, 'NULL', 'SF1723219020',
   20540824221140, 'NULL', 3);
INSERT INTO ticket
VALUES
  ('T670015948', 'NULL', 20120926081618, NULL, 'SF1939583739', 'SA95173', 'B90673', 569, 22, 'NULL', 'SF2131836294',
   20771228211328, 'NULL', 4);
INSERT INTO ticket
VALUES ('T674139774', 'NULL', 20340510133413, NULL, 'SF300732922', 'SA30333', 'B62914', 596, 40, 'NULL', 'SF309484508',
        20890328075648, 'NULL', 7);
INSERT INTO ticket
VALUES ('T674319072', 'NULL', 20640709003815, NULL, 'SF809675534', 'SA4976', 'B56670', 198, 48, 'NULL', 'SF1707111159',
        20990702053000, 'NULL', 4);
INSERT INTO ticket
VALUES ('T675008872', 'NULL', 20340817140803, NULL, 'SF749524158', 'SA49506', 'B82520', 134, 26, 'NULL', 'SF658493989',
        20020415205935, 'NULL', 8);
INSERT INTO ticket
VALUES ('T6815465', 'NULL', 20481225143941, 'P805000401', NULL, 'SA21022', 'B62727', 774, 6, 'NULL', 'SF2081721216',
        20090910213601, 'NULL', 7);
INSERT INTO ticket
VALUES ('T686911415', 'NULL', 20010225020559, 'P1161803192', NULL, 'SA87696', 'B30375', 594, 4, 'NULL', 'SF608473196',
        20860822224031, 'NULL', 2);
INSERT INTO ticket
VALUES
  ('T688346484', 'NULL', 20080224160440, NULL, 'SF1723219020', 'SA59734', 'B22255', 827, 32, 'NULL', 'SF1325240132',
   20420209071905, 'NULL', 3);
INSERT INTO ticket
VALUES ('T690470870', 'NULL', 20770627105629, 'P767885602', NULL, 'SA4976', 'B28352', 761, 63, 'NULL', 'SF658493989',
        20520328151431, 'NULL', 5);
INSERT INTO ticket
VALUES
  ('T692112250', 'NULL', 20440312082910, NULL, 'SF1035725393', 'SA31266', 'B62727', 287, 60, 'NULL', 'SF1325604751',
   20150422070546, 'NULL', 2);
INSERT INTO ticket
VALUES ('T697101517', 'NULL', 20450716023940, 'P1031731763', NULL, 'SA8349', 'B61327', 781, 25, 'NULL', 'SF863234597',
        20940220171428, 'NULL', 7);
INSERT INTO ticket
VALUES ('T699819150', 'NULL', 20570131113622, NULL, 'SF1035725393', 'SA4976', 'B6722', 576, 13, 'NULL', 'SF1651258223',
        20910805192749, 'NULL', 7);
INSERT INTO ticket
VALUES
  ('T706812275', 'NULL', 20420112080109, NULL, 'SF1155426710', 'SA62282', 'B98521', 126, 25, 'NULL', 'SF2130413404',
   20311119183238, 'NULL', 7);
INSERT INTO ticket
VALUES
  ('T707833029', 'NULL', 20860119151507, NULL, 'SF1723219020', 'SA93219', 'B55277', 278, 98, 'NULL', 'SF1155426710',
   20980419075641, 'NULL', 2);
INSERT INTO ticket
VALUES ('T707875222', 'NULL', 20090419081616, NULL, 'SF1177605698', 'SA21022', 'B80300', 109, 61, 'NULL', 'SF106958357',
        20690407163024, 'NULL', 4);
INSERT INTO ticket
VALUES
  ('T708242417', 'NULL', 20210124213941, NULL, 'SF1155426710', 'SA92664', 'B61327', 933, 54, 'NULL', 'SF1443696079',
   20920906191745, 'NULL', 0);
INSERT INTO ticket
VALUES ('T710028899', 'NULL', 20730201103134, 'P1816334788', NULL, 'SA31438', 'B95553', 608, 91, 'NULL', 'SF1987814724',
        20810406181538, 'NULL', 1);
INSERT INTO ticket
VALUES ('T711456819', 'NULL', 20560127142842, 'P1646707806', NULL, 'SA49506', 'B22056', 973, 29, 'NULL', 'SF1709578796',
        20231018063122, 'NULL', 8);
INSERT INTO ticket
VALUES
  ('T716684308', 'NULL', 20770605160315, NULL, 'SF1757995487', 'SA71170', 'B59957', 882, 92, 'NULL', 'SF1651258223',
   20510506214240, 'NULL', 8);
INSERT INTO ticket
VALUES ('T723230989', 'NULL', 20020221162323, 'P1698651896', NULL, 'SA68322', 'B76754', 730, 3, 'NULL', 'SF309484508',
        20900210091955, 'NULL', 3);
INSERT INTO ticket
VALUES ('T725079660', 'NULL', 20710929035934, NULL, 'SF863234597', 'SA59734', 'B30375', 407, 69, 'NULL', 'SF245676536',
        20220416192110, 'NULL', 6);
INSERT INTO ticket
VALUES ('T730886964', 'NULL', 20690513183548, 'P2098844379', NULL, 'SA62282', 'B13071', 970, 7, 'NULL', 'SF2110164235',
        20190817034436, 'NULL', 4);
INSERT INTO ticket
VALUES ('T750245023', 'NULL', 20180614012504, 'P1053799517', NULL, 'SA97844', 'B52740', 72, 38, 'NULL', 'SF1651258223',
        20091215043324, 'NULL', 7);
INSERT INTO ticket
VALUES ('T754389341', 'NULL', 20080218024909, 'P1546932839', NULL, 'SA62282', 'B76754', 569, 94, 'NULL', 'SF798969889',
        20660614071214, 'NULL', 1);
INSERT INTO ticket
VALUES ('T762750934', 'NULL', 20621210004307, 'P1643618810', NULL, 'SA93219', 'B54807', 410, 0, 'NULL', 'SF1155426710',
        20220126132706, 'NULL', 7);
INSERT INTO ticket
VALUES ('T763080299', 'NULL', 20520204064450, 'P1458960158', NULL, 'SA95794', 'B28352', 46, 57, 'NULL', 'SF907234094',
        20280815041526, 'NULL', 9);
INSERT INTO ticket
VALUES ('T763283189', 'NULL', 20351121151101, NULL, 'SF658493989', 'SA4976', 'B37414', 413, 69, 'NULL', 'SF67306935',
        20350427023853, 'NULL', 6);
INSERT INTO ticket
VALUES ('T77388533', 'NULL', 20550409195427, NULL, 'SF309484508', 'SA95173', 'B3469', 995, 90, 'NULL', 'SF67306935',
        20351104121820, 'NULL', 6);
INSERT INTO ticket
VALUES ('T777292311', 'NULL', 20850509120152, 'P1906954494', NULL, 'SA62282', 'B26466', 682, 18, 'NULL', 'SF1707111159',
        20540612020909, 'NULL', 9);
INSERT INTO ticket
VALUES ('T781793465', 'NULL', 20060402021011, NULL, 'SF67306935', 'SA21022', 'B80300', 1, 34, 'NULL', 'SF1177605698',
        20860410213928, 'NULL', 2);
INSERT INTO ticket
VALUES ('T782844026', 'NULL', 20640601085617, NULL, 'SF907234094', 'SA31438', 'B37414', 127, 79, 'NULL', 'SF765783780',
        20830524093800, 'NULL', 5);
INSERT INTO ticket
VALUES ('T783457833', 'NULL', 20930917050051, NULL, 'SF300732922', 'SA21022', 'B98289', 571, 28, 'NULL', 'SF749524158',
        20090314155539, 'NULL', 9);
INSERT INTO ticket
VALUES
  ('T783544936', 'NULL', 20280510011044, NULL, 'SF1760312546', 'SA87696', 'B98976', 648, 35, 'NULL', 'SF1838239550',
   20461112110338, 'NULL', 7);
INSERT INTO ticket
VALUES ('T794264135', 'NULL', 20781215204709, NULL, 'SF1621971018', 'SA8349', 'B98289', 437, 69, 'NULL', 'SF1592371108',
        20320822135614, 'NULL', 4);
INSERT INTO ticket
VALUES ('T798941001', 'NULL', 20041119105232, 'P1646707806', NULL, 'SA49936', 'B28352', 124, 51, 'NULL', 'SF684900388',
        20681110045229, 'NULL', 0);
INSERT INTO ticket
VALUES ('T802413927', 'NULL', 20240227230331, 'P1769703498', NULL, 'SA21022', 'B66021', 958, 79, 'NULL', 'SF1443696079',
        20250602233904, 'NULL', 5);
INSERT INTO ticket
VALUES ('T808846276', 'NULL', 20270228153402, NULL, 'SF1592371108', 'SA30333', 'B76754', 875, 70, 'NULL', 'SF300732922',
        20870317221057, 'NULL', 5);
INSERT INTO ticket
VALUES ('T810378913', 'NULL', 20530729205946, 'P1393627648', NULL, 'SA93219', 'B19839', 178, 63, 'NULL', 'SF1757995487',
        20221207122158, 'NULL', 6);
INSERT INTO ticket
VALUES ('T816732542', 'NULL', 20860520120139, 'P915493383', NULL, 'SA4976', 'B51072', 881, 2, 'NULL', 'SF1939583739',
        20161210064336, 'NULL', 4);
INSERT INTO ticket
VALUES ('T817488464', 'NULL', 20340614114123, NULL, 'SF300732922', 'SA31266', 'B28352', 88, 17, 'NULL', 'SF71679732',
        20520628105918, 'NULL', 9);
INSERT INTO ticket
VALUES ('T818905303', 'NULL', 20660217175956, 'P1593722525', NULL, 'SA97844', 'B14418', 315, 76, 'NULL', 'SF300732922',
        20920216062115, 'NULL', 8);
INSERT INTO ticket
VALUES ('T820405493', 'NULL', 20161028223159, 'P486775405', NULL, 'SA59734', 'B63632', 839, 27, 'NULL', 'SF245676536',
        20430218043350, 'NULL', 1);
INSERT INTO ticket
VALUES ('T824736860', 'NULL', 20370518030122, 'P273247701', NULL, 'SA18413', 'B19839', 774, 85, 'NULL', 'SF2130413404',
        20950820142427, 'NULL', 4);
INSERT INTO ticket
VALUES ('T829879416', 'NULL', 20250304082633, 'P569061242', NULL, 'SA7314', 'B62446', 546, 46, 'NULL', 'SF1709578796',
        20430306111314, 'NULL', 4);
INSERT INTO ticket
VALUES ('T831321808', 'NULL', 20590803120740, 'P87256909', NULL, 'SA62282', 'B62446', 432, 42, 'NULL', 'SF749524158',
        20620121064519, 'NULL', 1);
INSERT INTO ticket
VALUES
  ('T860107531', 'NULL', 20330316084805, NULL, 'SF1723219020', 'SA68322', 'B90673', 721, 24, 'NULL', 'SF1443696079',
   20101124205115, 'NULL', 4);
INSERT INTO ticket
VALUES ('T867595843', 'NULL', 20400412092459, 'P658739811', NULL, 'SA87696', 'B54807', 404, 37, 'NULL', 'SF291878158',
        20761215113011, 'NULL', 8);
INSERT INTO ticket
VALUES ('T870545164', 'NULL', 20050214121822, NULL, 'SF1592371108', 'SA4976', 'B77149', 568, 88, 'NULL', 'SF1325604751',
        20280714181802, 'NULL', 4);
INSERT INTO ticket
VALUES ('T876006507', 'NULL', 20321202152916, 'P844758583', NULL, 'SA31266', 'B25523', 176, 41, 'NULL', 'SF309484508',
        20910924104117, 'NULL', 2);
INSERT INTO ticket
VALUES ('T876372447', 'NULL', 20370620033243, 'P1803514453', NULL, 'SA95173', 'B80300', 780, 35, 'NULL', 'SF798969889',
        20101001235353, 'NULL', 2);
INSERT INTO ticket
VALUES ('T878706223', 'NULL', 20711101071419, 'P317466009', NULL, 'SA93219', 'B22255', 670, 67, 'NULL', 'SF1838239550',
        20770119160101, 'NULL', 9);
INSERT INTO ticket
VALUES ('T879218161', 'NULL', 20390522032919, NULL, 'SF1709578796', 'SA93219', 'B6722', 303, 63, 'NULL', 'SF1707111159',
        20140128222417, 'NULL', 7);
INSERT INTO ticket
VALUES ('T883948543', 'NULL', 20450723221557, 'P1263183857', NULL, 'SA62282', 'B55276', 424, 82, 'NULL', 'SF1929623560',
        20190407082029, 'NULL', 4);
INSERT INTO ticket
VALUES
  ('T884045920', 'NULL', 20211015115438, NULL, 'SF2131836294', 'SA59734', 'B59957', 498, 19, 'NULL', 'SF1443696079',
   20540731185420, 'NULL', 1);
INSERT INTO ticket
VALUES ('T884760351', 'NULL', 20640131120809, 'P1580323660', NULL, 'SA87696', 'B77825', 802, 21, 'NULL', 'SF309484508',
        20180211103848, 'NULL', 8);
INSERT INTO ticket
VALUES
  ('T890422544', 'NULL', 20980330124454, NULL, 'SF1443696079', 'SA97844', 'B48241', 656, 50, 'NULL', 'SF1929755947',
   20330505024838, 'NULL', 8);
INSERT INTO ticket
VALUES ('T896270330', 'NULL', 20150425191905, 'P2030891715', NULL, 'SA59734', 'B87109', 423, 40, 'NULL', 'SF1838239550',
        20650606111125, 'NULL', 3);
INSERT INTO ticket
VALUES
  ('T900493097', 'NULL', 20221111220515, NULL, 'SF1592371108', 'SA93219', 'B59957', 616, 54, 'NULL', 'SF1939583739',
   20610919215430, 'NULL', 0);
INSERT INTO ticket
VALUES ('T904814090', 'NULL', 20290211120048, 'P1263183857', NULL, 'SA4976', 'B80300', 672, 64, 'NULL', 'SF1325240132',
        20860324020909, 'NULL', 5);
INSERT INTO ticket
VALUES ('T908617455', 'NULL', 20050610162342, NULL, 'SF291878158', 'SA62282', 'B26466', 456, 82, 'NULL', 'SF1929623560',
        20021020204725, 'NULL', 3);
INSERT INTO ticket
VALUES ('T923557733', 'NULL', 20930612153001, NULL, 'SF743551758', 'SA4976', 'B17332', 716, 25, 'NULL', 'SF205293560',
        20001126144804, 'NULL', 0);
INSERT INTO ticket
VALUES ('T924762440', 'NULL', 20651224063936, 'P983761957', NULL, 'SA7314', 'B61327', 662, 98, 'NULL', 'SF765783780',
        20121127222220, 'NULL', 5);
INSERT INTO ticket
VALUES ('T92519431', 'NULL', 20900824114237, 'P1736373765', NULL, 'SA87696', 'B26466', 963, 74, 'NULL', 'SF1443696079',
        20840204113714, 'NULL', 2);
INSERT INTO ticket
VALUES ('T941363046', 'NULL', 20810816115012, NULL, 'SF113450204', 'SA8349', 'B59957', 624, 70, 'NULL', 'SF1929623560',
        20630715120320, 'NULL', 9);
INSERT INTO ticket
VALUES
  ('T944556493', 'NULL', 20720625122400, NULL, 'SF1709578796', 'SA71170', 'B62914', 286, 77, 'NULL', 'SF1155426710',
   20580611165008, 'NULL', 5);
INSERT INTO ticket
VALUES
  ('T947689875', 'NULL', 20030109134729, NULL, 'SF2130413404', 'SA71170', 'B28096', 376, 18, 'NULL', 'SF1550134583',
   20411120075233, 'NULL', 8);
INSERT INTO ticket
VALUES ('T951074936', 'NULL', 20380423113009, 'P1274957017', NULL, 'SA87696', 'B61327', 613, 85, 'NULL', 'SF1987814724',
        20351202082336, 'NULL', 5);
INSERT INTO ticket
VALUES ('T951831058', 'NULL', 20950526082350, NULL, 'SF2131836294', 'SA71170', 'B52740', 625, 52, 'NULL', 'SF684900388',
        20110321032229, 'NULL', 4);
INSERT INTO ticket
VALUES ('T954045631', 'NULL', 20870119232351, 'P1418380810', NULL, 'SA62282', 'B30375', 638, 27, 'NULL', 'SF1325240132',
        20341214210304, 'NULL', 9);
INSERT INTO ticket
VALUES ('T955656709', 'NULL', 20081201110235, 'P1154073421', NULL, 'SA68322', 'B55277', 342, 31, 'NULL', 'SF1651258223',
        20880804121451, 'NULL', 5);
INSERT INTO ticket
VALUES ('T956144604', 'NULL', 20401113084613, 'P1182714949', NULL, 'SA59734', 'B61327', 216, 17, 'NULL', 'SF113450204',
        20521005210502, 'NULL', 4);
INSERT INTO ticket
VALUES ('T961859227', 'NULL', 20770223194139, NULL, 'SF300732922', 'SA18413', 'B98521', 204, 58, 'NULL', 'SF1709578796',
        20520618175704, 'NULL', 8);
INSERT INTO ticket
VALUES ('T97269217', 'NULL', 20730727104024, 'P868932792', NULL, 'SA92664', 'B28096', 671, 86, 'NULL', 'SF309484508',
        20390729013809, 'NULL', 4);
INSERT INTO ticket
VALUES ('T976686673', 'NULL', 20290929133119, NULL, 'SF819718857', 'SA95173', 'B61327', 764, 39, 'NULL', 'SF743551758',
        20330902090434, 'NULL', 0);
INSERT INTO ticket
VALUES ('T982400738', 'NULL', 20270401235810, 'P1698651896', NULL, 'SA68322', 'B39944', 126, 41, 'NULL', 'SF743551758',
        20690221113629, 'NULL', 3);
INSERT INTO ticket
VALUES ('T984544865', 'NULL', 20230214142032, 'P317466009', NULL, 'SA59734', 'B52740', 254, 82, 'NULL', 'SF1040003242',
        20300806013303, 'NULL', 6);
INSERT INTO ticket
VALUES ('T985068093', 'NULL', 20350925193605, NULL, 'SF1035725393', 'SA4976', 'B90673', 421, 10, 'NULL', 'SF658493989',
        20841109170342, 'NULL', 2);
INSERT INTO ticket
VALUES ('T987261218', 'NULL', 20170523155603, 'P810992222', NULL, 'SA31438', 'B98289', 899, 34, 'NULL', 'SF765783780',
        20040223232915, 'NULL', 3);
INSERT INTO ticket
VALUES ('T990074651', 'NULL', 20131025022449, NULL, 'SF907234094', 'SA68322', 'B98976', 958, 8, 'NULL', 'SF1651258223',
        20390815025317, 'NULL', 1);
INSERT INTO ticket
VALUES ('T990447429', 'NULL', 20990207061532, NULL, 'SF798969889', 'SA4976', 'B62727', 573, 50, 'NULL', 'SF2081721216',
        20801010094459, 'NULL', 3);
INSERT INTO ticket
VALUES ('T994754281', 'NULL', 20640424235014, 'P2058377165', NULL, 'SA95173', 'B28096', 781, 59, 'NULL', 'SF1621971018',
        20210726124547, 'NULL', 8);
INSERT INTO ticket
VALUES ('T995664731', 'NULL', 20390219092559, 'P2021941155', NULL, 'SA7314', 'B62446', 609, 74, 'NULL', 'SF965085361',
        20290903210917, 'NULL', 5);
INSERT INTO ticket
VALUES ('T995918139', 'NULL', 20550621015927, 'P1273379930', NULL, 'SA18413', 'B94593', 210, 75, 'NULL', 'SF2130413404',
        20920519041106, 'NULL', 8);
INSERT INTO ticket
VALUES ('T996851289', 'NULL', 20090605180407, NULL, 'SF106958357', 'SA31438', 'B19057', 524, 47, 'NULL', 'SF1510125838',
        20010124171419, 'NULL', 5);
INSERT INTO ticket
VALUES ('T998102149', 'NULL', 20721002120559, NULL, 'SF1621971018', 'SA59734', 'B48241', 46, 86, 'NULL', 'SF2081721216',
        20061020165002, 'NULL', 3);
INSERT INTO ticket
VALUES
  ('T999421910', 'NULL', 20421103014559, NULL, 'SF1929623560', 'SA68322', 'B25523', 397, 96, 'NULL', 'SF1987814724',
   20361017125444, 'NULL', 2);
INSERT INTO dailyTask
VALUES ('DT1002718063', 'clean', 20050430081026, 'SA71170', 'SF1757995487', 'NULL', TRUE);
INSERT INTO dailyTask
VALUES ('DT1003755677', 'clean', 20470531190116, 'SA97844', 'SF67306935', 'NULL', TRUE);
INSERT INTO dailyTask
VALUES ('DT1010137909', 'clean', 20050416195454, 'SA97844', 'SF1177605698', 'NULL', FALSE);
INSERT INTO dailyTask
VALUES ('DT1012694895', 'overhaul', 20360731121812, 'SA21022', 'SF1707111159', 'NULL', TRUE);
INSERT INTO dailyTask
VALUES ('DT1015018617', 'clean', 20100705155406, 'SA21022', 'SF1443696079', 'NULL', FALSE);
INSERT INTO dailyTask
VALUES ('DT1018485236', 'clean', 20811015135221, 'SA49936', 'SF2131836294', 'NULL', TRUE);
INSERT INTO dailyTask
VALUES ('DT1019614904', 'guard', 20180218042954, 'SA92664', 'SF863234597', 'NULL', TRUE);
INSERT INTO dailyTask
VALUES ('DT1022557151', 'guard', 20360313043123, 'SA49936', 'SF667054813', 'NULL', FALSE);
INSERT INTO dailyTask
VALUES ('DT102521575', 'overhaul', 20320419032736, 'SA30333', 'SF809675534', 'NULL', TRUE);
INSERT INTO dailyTask
VALUES ('DT1025297997', 'guard', 20821028014730, 'SA93219', 'SF300732922', 'NULL', FALSE);
INSERT INTO dailyTask
VALUES ('DT1025665417', 'clean', 20311021104213, 'SA31438', 'SF1929623560', 'NULL', FALSE);
INSERT INTO dailyTask
VALUES ('DT1025729521', 'overhaul', 20030705050030, 'SA59734', 'SF1929623560', 'NULL', FALSE);
INSERT INTO dailyTask
VALUES ('DT1026157174', 'clean', 20890709195817, 'SA92664', 'SF608473196', 'NULL', TRUE);
INSERT INTO dailyTask
VALUES ('DT1030893831', 'overhaul', 20490303155251, 'SA4976', 'SF1155426710', 'NULL', TRUE);
INSERT INTO dailyTask
VALUES ('DT1037826199', 'guard', 20050927073830, 'SA95794', 'SF684900388', 'NULL', FALSE);
INSERT INTO dailyTask
VALUES ('DT1040963335', 'clean', 20690423021146, 'SA93219', 'SF743551758', 'NULL', TRUE);
INSERT INTO dailyTask
VALUES ('DT1044071274', 'guard', 20210610041435, 'SA93219', 'SF1550134583', 'NULL', FALSE);
INSERT INTO dailyTask
VALUES ('DT1053269229', 'overhaul', 20840719231717, 'SA31266', 'SF1760312546', 'NULL', TRUE);
INSERT INTO dailyTask
VALUES ('DT1053522818', 'guard', 20610628053734, 'SA62282', 'SF2131836294', 'NULL', FALSE);
INSERT INTO dailyTask
VALUES ('DT1057045855', 'guard', 20130122031843, 'SA95173', 'SF1035725393', 'NULL', TRUE);
INSERT INTO dailyTask
VALUES ('DT1063754122', 'guard', 20451105094547, 'SA87696', 'SF1550134583', 'NULL', FALSE);
INSERT INTO dailyTask
VALUES ('DT1064585790', 'guard', 20350124233455, 'SA18413', 'SF1325604751', 'NULL', TRUE);
INSERT INTO dailyTask
VALUES ('DT1066304961', 'overhaul', 20160703184950, 'SA71170', 'SF1592371108', 'NULL', TRUE);
INSERT INTO dailyTask
VALUES ('DT1075912202', 'guard', 20030411105427, 'SA4976', 'SF743551758', 'NULL', TRUE);
INSERT INTO dailyTask
VALUES ('DT110723737', 'clean', 20770910112614, 'SA71170', 'SF1155426710', 'NULL', FALSE);
INSERT INTO dailyTask
VALUES ('DT111192136', 'overhaul', 20621227065542, 'SA31266', 'SF1155426710', 'NULL', FALSE);
INSERT INTO dailyTask
VALUES ('DT1113913158', 'overhaul', 20840611165046, 'SA4976', 'SF1389198663', 'NULL', FALSE);
INSERT INTO dailyTask
VALUES ('DT1118454183', 'guard', 20850327084912, 'SA8349', 'SF1929623560', 'NULL', FALSE);
INSERT INTO dailyTask
VALUES ('DT1126681507', 'guard', 20820816081202, 'SA21022', 'SF1621971018', 'NULL', TRUE);
INSERT INTO dailyTask
VALUES ('DT1127402770', 'overhaul', 20331201232323, 'SA87696', 'SF113450204', 'NULL', FALSE);
INSERT INTO dailyTask
VALUES ('DT1129473722', 'overhaul', 20631103212346, 'SA95794', 'SF1325240132', 'NULL', FALSE);
INSERT INTO dailyTask
VALUES ('DT1135591925', 'clean', 20900412225321, 'SA31438', 'SF1838239550', 'NULL', FALSE);
INSERT INTO dailyTask
VALUES ('DT1144713834', 'guard', 20671014033819, 'SA68322', 'SF1709578796', 'NULL', FALSE);
INSERT INTO dailyTask
VALUES ('DT115663128', 'clean', 20850625004219, 'SA92664', 'SF2032619573', 'NULL', TRUE);
INSERT INTO dailyTask
VALUES ('DT1156741364', 'guard', 20390329182632, 'SA95794', 'SF2130413404', 'NULL', TRUE);
INSERT INTO dailyTask
VALUES ('DT1156938420', 'guard', 20530513113817, 'SA49936', 'SF1040003242', 'NULL', TRUE);
INSERT INTO dailyTask
VALUES ('DT1165354743', 'overhaul', 20750219201557, 'SA97844', 'SF1443696079', 'NULL', FALSE);
INSERT INTO dailyTask
VALUES ('DT1168639648', 'clean', 20830817053831, 'SA18413', 'SF2081721216', 'NULL', TRUE);
INSERT INTO dailyTask
VALUES ('DT1170792427', 'guard', 20870401061452, 'SA59734', 'SF658493989', 'NULL', TRUE);
INSERT INTO dailyTask
VALUES ('DT1182311683', 'overhaul', 20871211210618, 'SA87696', 'SF965085361', 'NULL', TRUE);
INSERT INTO dailyTask
VALUES ('DT1185788893', 'clean', 20200401214013, 'SA95794', 'SF1757995487', 'NULL', FALSE);
INSERT INTO dailyTask
VALUES ('DT1193750761', 'clean', 20980113115130, 'SA49506', 'SF1939583739', 'NULL', FALSE);
INSERT INTO dailyTask
VALUES ('DT1197402023', 'overhaul', 20651213154211, 'SA18413', 'SF1325604751', 'NULL', FALSE);
INSERT INTO dailyTask
VALUES ('DT120313077', 'guard', 20760107142451, 'SA92664', 'SF658493989', 'NULL', TRUE);
INSERT INTO dailyTask
VALUES ('DT1206312586', 'overhaul', 20471206115624, 'SA31266', 'SF1592371108', 'NULL', FALSE);
INSERT INTO dailyTask
VALUES ('DT1209618553', 'clean', 20670724143348, 'SA18413', 'SF1155426710', 'NULL', TRUE);
INSERT INTO dailyTask
VALUES ('DT1213009457', 'overhaul', 20441224231359, 'SA95173', 'SF965085361', 'NULL', TRUE);
INSERT INTO dailyTask
VALUES ('DT1214162399', 'overhaul', 20360727121755, 'SA31438', 'SF309484508', 'NULL', FALSE);
INSERT INTO dailyTask
VALUES ('DT1222714411', 'clean', 20011031212733, 'SA68322', 'SF2131836294', 'NULL', TRUE);
INSERT INTO dailyTask
VALUES ('DT1223181668', 'clean', 20290823151229, 'SA30333', 'SF965085361', 'NULL', FALSE);
INSERT INTO dailyTask
VALUES ('DT1247271063', 'guard', 20780222075711, 'SA68322', 'SF1838239550', 'NULL', TRUE);
INSERT INTO dailyTask
VALUES ('DT124743337', 'clean', 20390515015552, 'SA71170', 'SF1550134583', 'NULL', FALSE);
INSERT INTO dailyTask
VALUES ('DT1247587113', 'overhaul', 20230517125509, 'SA95173', 'SF863234597', 'NULL', TRUE);
INSERT INTO dailyTask
VALUES ('DT1250065914', 'overhaul', 20601023201720, 'SA31438', 'SF71679732', 'NULL', TRUE);
INSERT INTO dailyTask
VALUES ('DT1251595846', 'clean', 20810107002627, 'SA92664', 'SF1709578796', 'NULL', TRUE);
INSERT INTO dailyTask
VALUES ('DT1252592188', 'clean', 20471109144232, 'SA62282', 'SF1929623560', 'NULL', FALSE);
INSERT INTO dailyTask
VALUES ('DT1256059559', 'overhaul', 20620328014006, 'SA49506', 'SF1929623560', 'NULL', TRUE);
INSERT INTO dailyTask
VALUES ('DT1261045421', 'guard', 20010912053640, 'SA87696', 'SF1389198663', 'NULL', FALSE);
INSERT INTO dailyTask
VALUES ('DT1261515693', 'overhaul', 20960912185239, 'SA4976', 'SF300732922', 'NULL', TRUE);
INSERT INTO dailyTask
VALUES ('DT1263636400', 'guard', 20820428133819, 'SA59734', 'SF743551758', 'NULL', FALSE);
INSERT INTO dailyTask
VALUES ('DT1264280326', 'clean', 20451108005303, 'SA71170', 'SF2131836294', 'NULL', TRUE);
INSERT INTO dailyTask
VALUES ('DT1265406515', 'overhaul', 20260524160225, 'SA31266', 'SF1443696079', 'NULL', TRUE);
INSERT INTO dailyTask
VALUES ('DT1268374621', 'guard', 20370202183021, 'SA97844', 'SF245676536', 'NULL', TRUE);
INSERT INTO dailyTask
VALUES ('DT1269679807', 'guard', 20051024224912, 'SA21022', 'SF1929755947', 'NULL', FALSE);
INSERT INTO dailyTask
VALUES ('DT1270895952', 'guard', 20060125120021, 'SA71170', 'SF1651258223', 'NULL', TRUE);
INSERT INTO dailyTask
VALUES ('DT1283286188', 'guard', 20921124175133, 'SA95794', 'SF1929623560', 'NULL', TRUE);
INSERT INTO dailyTask
VALUES ('DT1283862061', 'clean', 20431229053045, 'SA62282', 'SF1592371108', 'NULL', TRUE);
INSERT INTO dailyTask
VALUES ('DT1284181683', 'clean', 20620525153322, 'SA18413', 'SF300732922', 'NULL', TRUE);
INSERT INTO dailyTask
VALUES ('DT1287135739', 'overhaul', 20660317063105, 'SA31266', 'SF1760312546', 'NULL', FALSE);
INSERT INTO dailyTask
VALUES ('DT1287589142', 'overhaul', 20840422004330, 'SA31266', 'SF1325604751', 'NULL', TRUE);
INSERT INTO dailyTask
VALUES ('DT1289937341', 'overhaul', 20800730184101, 'SA59734', 'SF2081721216', 'NULL', TRUE);
INSERT INTO dailyTask
VALUES ('DT129113584', 'clean', 20460415123730, 'SA21022', 'SF798969889', 'NULL', FALSE);
INSERT INTO dailyTask
VALUES ('DT1296406571', 'clean', 20250813195436, 'SA21022', 'SF1709578796', 'NULL', FALSE);
INSERT INTO dailyTask
VALUES ('DT1296877474', 'clean', 20500110134125, 'SA7314', 'SF2110164235', 'NULL', TRUE);
INSERT INTO dailyTask
VALUES ('DT1296892591', 'guard', 20330112045854, 'SA4976', 'SF309484508', 'NULL', TRUE);
INSERT INTO dailyTask
VALUES ('DT1298290440', 'clean', 20150807150024, 'SA31438', 'SF798969889', 'NULL', TRUE);
INSERT INTO dailyTask
VALUES ('DT1298850727', 'guard', 20040428053532, 'SA62282', 'SF309484508', 'NULL', TRUE);
INSERT INTO dailyTask
VALUES ('DT1299375468', 'guard', 20650721054205, 'SA95173', 'SF684900388', 'NULL', FALSE);
INSERT INTO dailyTask
VALUES ('DT1319773312', 'guard', 20600224042312, 'SA18413', 'SF1155426710', 'NULL', FALSE);
INSERT INTO dailyTask
VALUES ('DT1334800744', 'clean', 20520504024215, 'SA18413', 'SF819718857', 'NULL', TRUE);
INSERT INTO dailyTask
VALUES ('DT1335927924', 'clean', 20411223071130, 'SA4976', 'SF300732922', 'NULL', FALSE);
INSERT INTO dailyTask
VALUES ('DT1337095021', 'clean', 20140929180126, 'SA31266', 'SF1929623560', 'NULL', TRUE);
INSERT INTO dailyTask
VALUES ('DT1339112116', 'overhaul', 20530315115159, 'SA87696', 'SF1155426710', 'NULL', TRUE);
INSERT INTO dailyTask
VALUES ('DT1340102357', 'overhaul', 20830129161611, 'SA59734', 'SF106958357', 'NULL', FALSE);
INSERT INTO dailyTask
VALUES ('DT1341409259', 'guard', 20180201090642, 'SA31266', 'SF667054813', 'NULL', TRUE);
INSERT INTO dailyTask
VALUES ('DT1343758905', 'clean', 20950123163446, 'SA30333', 'SF1929755947', 'NULL', FALSE);
INSERT INTO dailyTask
VALUES ('DT1345364766', 'clean', 20510326065327, 'SA31266', 'SF1929623560', 'NULL', TRUE);
INSERT INTO dailyTask
VALUES ('DT13469345', 'clean', 20460117134714, 'SA95173', 'SF1621971018', 'NULL', FALSE);
INSERT INTO dailyTask
VALUES ('DT1347085002', 'clean', 20221006043545, 'SA4976', 'SF809675534', 'NULL', FALSE);
INSERT INTO dailyTask
VALUES ('DT1349380215', 'guard', 20260112230928, 'SA31266', 'SF1177605698', 'NULL', TRUE);
INSERT INTO dailyTask
VALUES ('DT135048497', 'guard', 20940729013259, 'SA49936', 'SF106958357', 'NULL', TRUE);
INSERT INTO dailyTask
VALUES ('DT1361072070', 'overhaul', 20270818202448, 'SA31266', 'SF1757995487', 'NULL', TRUE);
INSERT INTO dailyTask
VALUES ('DT1362744999', 'clean', 20051121054614, 'SA97844', 'SF1760312546', 'NULL', FALSE);
INSERT INTO dailyTask
VALUES ('DT1368540476', 'overhaul', 20590307022420, 'SA31438', 'SF1621971018', 'NULL', TRUE);
INSERT INTO dailyTask
VALUES ('DT1370093720', 'guard', 20630223111755, 'SA95173', 'SF309484508', 'NULL', TRUE);
INSERT INTO dailyTask
VALUES ('DT1370451290', 'clean', 20300807032456, 'SA93219', 'SF1325604751', 'NULL', FALSE);
INSERT INTO dailyTask
VALUES ('DT137212664', 'overhaul', 20470227172813, 'SA87696', 'SF819718857', 'NULL', TRUE);
INSERT INTO dailyTask
VALUES ('DT1375118980', 'guard', 20410403025507, 'SA92664', 'SF2032619573', 'NULL', FALSE);
INSERT INTO dailyTask
VALUES ('DT1378306832', 'guard', 20911223063855, 'SA7314', 'SF1707111159', 'NULL', TRUE);
INSERT INTO dailyTask
VALUES ('DT1380991520', 'overhaul', 20890331090734, 'SA95794', 'SF300732922', 'NULL', FALSE);
INSERT INTO dailyTask
VALUES ('DT1381927846', 'overhaul', 20911107094237, 'SA97844', 'SF1177605698', 'NULL', FALSE);
INSERT INTO dailyTask
VALUES ('DT1387304320', 'guard', 20510405002004, 'SA31438', 'SF1510125838', 'NULL', FALSE);
INSERT INTO dailyTask
VALUES ('DT1390438416', 'overhaul', 20850706193657, 'SA59734', 'SF1177605698', 'NULL', FALSE);
INSERT INTO dailyTask
VALUES ('DT1391305164', 'guard', 20461211123638, 'SA30333', 'SF809675534', 'NULL', FALSE);
INSERT INTO dailyTask
VALUES ('DT1393357614', 'guard', 20341111050528, 'SA59734', 'SF1177605698', 'NULL', TRUE);
INSERT INTO dailyTask
VALUES ('DT1394063697', 'overhaul', 20680606194648, 'SA18413', 'SF71679732', 'NULL', FALSE);
INSERT INTO dailyTask
VALUES ('DT1397148577', 'overhaul', 20760728205923, 'SA95794', 'SF1443696079', 'NULL', TRUE);
INSERT INTO dailyTask
VALUES ('DT1401797018', 'clean', 20731104135232, 'SA92664', 'SF608473196', 'NULL', FALSE);
INSERT INTO dailyTask
VALUES ('DT1407275427', 'overhaul', 20701008024643, 'SA4976', 'SF1510125838', 'NULL', FALSE);
INSERT INTO dailyTask
VALUES ('DT1409856826', 'clean', 20470604204910, 'SA68322', 'SF1389198663', 'NULL', TRUE);
INSERT INTO dailyTask
VALUES ('DT1412716955', 'clean', 20931125062337, 'SA93219', 'SF1707111159', 'NULL', TRUE);
INSERT INTO dailyTask
VALUES ('DT1424545352', 'guard', 20510421073055, 'SA18413', 'SF1510125838', 'NULL', FALSE);
INSERT INTO dailyTask
VALUES ('DT1425261972', 'clean', 20680226173731, 'SA62282', 'SF1760312546', 'NULL', TRUE);
INSERT INTO dailyTask
VALUES ('DT1441030578', 'guard', 20090529133301, 'SA95173', 'SF1707111159', 'NULL', TRUE);
INSERT INTO dailyTask
VALUES ('DT1441280825', 'clean', 20070311160603, 'SA49936', 'SF1723219020', 'NULL', FALSE);
INSERT INTO dailyTask
VALUES ('DT1449468035', 'overhaul', 20451105151517, 'SA59734', 'SF667054813', 'NULL', FALSE);
INSERT INTO dailyTask
VALUES ('DT145001180', 'overhaul', 20250804010110, 'SA68322', 'SF71679732', 'NULL', FALSE);
INSERT INTO dailyTask
VALUES ('DT1451417269', 'overhaul', 20801114055227, 'SA93219', 'SF749524158', 'NULL', FALSE);
INSERT INTO dailyTask
VALUES ('DT1455230106', 'guard', 20810515102926, 'SA31438', 'SF1757995487', 'NULL', FALSE);
INSERT INTO dailyTask
VALUES ('DT1456889821', 'guard', 20630403043955, 'SA4976', 'SF658493989', 'NULL', FALSE);
INSERT INTO dailyTask
VALUES ('DT1458993993', 'clean', 20041017133540, 'SA30333', 'SF658493989', 'NULL', FALSE);
INSERT INTO dailyTask
VALUES ('DT1464777408', 'clean', 20581221062242, 'SA21022', 'SF1389198663', 'NULL', TRUE);
INSERT INTO dailyTask
VALUES ('DT1469034529', 'overhaul', 20861009191133, 'SA71170', 'SF71679732', 'NULL', TRUE);
INSERT INTO dailyTask
VALUES ('DT1471189617', 'clean', 20550408212055, 'SA95173', 'SF819718857', 'NULL', FALSE);
INSERT INTO dailyTask
VALUES ('DT1471574064', 'overhaul', 20560511023618, 'SA92664', 'SF71679732', 'NULL', TRUE);
INSERT INTO dailyTask
VALUES ('DT1473060903', 'guard', 20960415131313, 'SA30333', 'SF2032619573', 'NULL', FALSE);
INSERT INTO dailyTask
VALUES ('DT1487082712', 'guard', 20770330234420, 'SA4976', 'SF1709578796', 'NULL', TRUE);
INSERT INTO dailyTask
VALUES ('DT1489257337', 'clean', 20350516002054, 'SA30333', 'SF2081721216', 'NULL', FALSE);
INSERT INTO dailyTask
VALUES ('DT1494995391', 'overhaul', 20660719104638, 'SA71170', 'SF1325240132', 'NULL', TRUE);
INSERT INTO dailyTask
VALUES ('DT1507357533', 'overhaul', 20700613052836, 'SA49936', 'SF1443696079', 'NULL', TRUE);
INSERT INTO dailyTask
VALUES ('DT1509920762', 'clean', 20001111224803, 'SA21022', 'SF965085361', 'NULL', TRUE);
INSERT INTO dailyTask
VALUES ('DT1514887316', 'guard', 20201005052012, 'SA97844', 'SF1651258223', 'NULL', TRUE);
INSERT INTO dailyTask
VALUES ('DT1524320966', 'overhaul', 20400915082638, 'SA68322', 'SF608473196', 'NULL', TRUE);
INSERT INTO dailyTask
VALUES ('DT1525845848', 'guard', 20210723123414, 'SA49936', 'SF291878158', 'NULL', FALSE);
INSERT INTO dailyTask
VALUES ('DT1528381680', 'guard', 20740624170330, 'SA18413', 'SF1760312546', 'NULL', TRUE);
INSERT INTO dailyTask
VALUES ('DT1529607028', 'overhaul', 20980515051032, 'SA62282', 'SF1155426710', 'NULL', TRUE);
INSERT INTO dailyTask
VALUES ('DT1531153043', 'overhaul', 20250426092710, 'SA49936', 'SF765783780', 'NULL', TRUE);
INSERT INTO dailyTask
VALUES ('DT153341345', 'overhaul', 20461115054657, 'SA71170', 'SF749524158', 'NULL', TRUE);
INSERT INTO dailyTask
VALUES ('DT1537240830', 'overhaul', 20300825165309, 'SA21022', 'SF667054813', 'NULL', TRUE);
INSERT INTO dailyTask
VALUES ('DT1543114105', 'overhaul', 20650627234556, 'SA8349', 'SF819718857', 'NULL', FALSE);
INSERT INTO dailyTask
VALUES ('DT154772677', 'clean', 20560412235958, 'SA30333', 'SF1443696079', 'NULL', FALSE);
INSERT INTO dailyTask
VALUES ('DT1551387498', 'overhaul', 20720517081725, 'SA95794', 'SF965085361', 'NULL', FALSE);
INSERT INTO dailyTask
VALUES ('DT1555197790', 'overhaul', 20141217152951, 'SA71170', 'SF1757995487', 'NULL', FALSE);
INSERT INTO dailyTask
VALUES ('DT1555402100', 'overhaul', 20141212134735, 'SA92664', 'SF291878158', 'NULL', TRUE);
INSERT INTO dailyTask
VALUES ('DT1556235664', 'guard', 20250825025717, 'SA92664', 'SF1939583739', 'NULL', FALSE);
INSERT INTO dailyTask
VALUES ('DT1557651732', 'clean', 20440621132808, 'SA4976', 'SF1929623560', 'NULL', FALSE);
INSERT INTO dailyTask
VALUES ('DT1557787675', 'clean', 20600917132432, 'SA93219', 'SF1040003242', 'NULL', TRUE);
INSERT INTO dailyTask
VALUES ('DT1559445368', 'overhaul', 20620112220929, 'SA62282', 'SF1939583739', 'NULL', FALSE);
INSERT INTO dailyTask
VALUES ('DT1570720659', 'overhaul', 20910125213221, 'SA31266', 'SF1651258223', 'NULL', FALSE);
INSERT INTO dailyTask
VALUES ('DT157181361', 'clean', 20080520013459, 'SA7314', 'SF2081721216', 'NULL', TRUE);
INSERT INTO dailyTask
VALUES ('DT1573250864', 'clean', 20720810001734, 'SA49936', 'SF684900388', 'NULL', FALSE);
INSERT INTO dailyTask
VALUES ('DT1574518171', 'guard', 20231211102144, 'SA87696', 'SF658493989', 'NULL', TRUE);
INSERT INTO dailyTask
VALUES ('DT1576809853', 'guard', 20481220215732, 'SA49936', 'SF300732922', 'NULL', FALSE);
INSERT INTO dailyTask
VALUES ('DT15798643', 'overhaul', 20520510131546, 'SA8349', 'SF106958357', 'NULL', TRUE);
INSERT INTO dailyTask
VALUES ('DT1583651674', 'guard', 20970114135114, 'SA31266', 'SF765783780', 'NULL', FALSE);
INSERT INTO dailyTask
VALUES ('DT1584824978', 'overhaul', 20530224211857, 'SA93219', 'SF798969889', 'NULL', TRUE);
INSERT INTO dailyTask
VALUES ('DT1594847286', 'guard', 20820525164906, 'SA71170', 'SF1760312546', 'NULL', TRUE);
INSERT INTO dailyTask
VALUES ('DT1605961185', 'overhaul', 20360707182124, 'SA49506', 'SF300732922', 'NULL', TRUE);
INSERT INTO dailyTask
VALUES ('DT1617884483', 'overhaul', 20930413200741, 'SA30333', 'SF1929623560', 'NULL', FALSE);
INSERT INTO dailyTask
VALUES ('DT1625035982', 'clean', 20970421072338, 'SA87696', 'SF300732922', 'NULL', FALSE);
INSERT INTO dailyTask
VALUES ('DT1625495265', 'guard', 20980106171354, 'SA92664', 'SF2131836294', 'NULL', FALSE);
INSERT INTO dailyTask
VALUES ('DT1627002794', 'clean', 20470919085853, 'SA31266', 'SF2110164235', 'NULL', TRUE);
INSERT INTO dailyTask
VALUES ('DT1627198726', 'guard', 20291123180030, 'SA21022', 'SF1709578796', 'NULL', FALSE);
INSERT INTO dailyTask
VALUES ('DT1633401663', 'guard', 20131113090817, 'SA49506', 'SF798969889', 'NULL', TRUE);
INSERT INTO dailyTask
VALUES ('DT1637616154', 'overhaul', 20440530180626, 'SA8349', 'SF667054813', 'NULL', FALSE);
INSERT INTO dailyTask
VALUES ('DT1649575025', 'guard', 20831207235726, 'SA49506', 'SF1929623560', 'NULL', FALSE);
INSERT INTO dailyTask
VALUES ('DT1650300509', 'guard', 20600212174458, 'SA30333', 'SF1592371108', 'NULL', FALSE);
INSERT INTO dailyTask
VALUES ('DT166278883', 'guard', 20890811103204, 'SA62282', 'SF743551758', 'NULL', TRUE);
INSERT INTO dailyTask
VALUES ('DT1662896118', 'guard', 20930618155924, 'SA30333', 'SF1592371108', 'NULL', TRUE);
INSERT INTO dailyTask
VALUES ('DT1666097689', 'guard', 20430702110033, 'SA95794', 'SF245676536', 'NULL', TRUE);
INSERT INTO dailyTask
VALUES ('DT1666905195', 'guard', 20550122074121, 'SA71170', 'SF863234597', 'NULL', TRUE);
INSERT INTO dailyTask
VALUES ('DT1677707791', 'guard', 20461229184559, 'SA7314', 'SF1651258223', 'NULL', FALSE);
INSERT INTO dailyTask
VALUES ('DT1685021940', 'overhaul', 20370214095120, 'SA95794', 'SF1757995487', 'NULL', TRUE);
INSERT INTO dailyTask
VALUES ('DT1685488564', 'guard', 20210917031830, 'SA97844', 'SF1651258223', 'NULL', TRUE);
INSERT INTO dailyTask
VALUES ('DT1696356713', 'guard', 20051215024449, 'SA31266', 'SF1040003242', 'NULL', FALSE);
INSERT INTO dailyTask
VALUES ('DT1702356743', 'overhaul', 20890622100321, 'SA49506', 'SF1929755947', 'NULL', FALSE);
INSERT INTO dailyTask
VALUES ('DT1707871988', 'guard', 20250926212954, 'SA49936', 'SF1035725393', 'NULL', TRUE);
INSERT INTO dailyTask
VALUES ('DT1711324014', 'overhaul', 20101112105608, 'SA49936', 'SF1939583739', 'NULL', FALSE);
INSERT INTO dailyTask
VALUES ('DT171426549', 'guard', 20410123230431, 'SA87696', 'SF907234094', 'NULL', FALSE);
INSERT INTO dailyTask
VALUES ('DT1727254592', 'overhaul', 20071024021622, 'SA7314', 'SF1651258223', 'NULL', TRUE);
INSERT INTO dailyTask
VALUES ('DT1747316948', 'overhaul', 20340808164044, 'SA95794', 'SF863234597', 'NULL', TRUE);
INSERT INTO dailyTask
VALUES ('DT1748814169', 'guard', 20480326101958, 'SA4976', 'SF798969889', 'NULL', FALSE);
INSERT INTO dailyTask
VALUES ('DT1751437250', 'overhaul', 20140110140241, 'SA7314', 'SF300732922', 'NULL', FALSE);
INSERT INTO dailyTask
VALUES ('DT1752977281', 'overhaul', 20721213183021, 'SA31438', 'SF1177605698', 'NULL', TRUE);
INSERT INTO dailyTask
VALUES ('DT1753140420', 'clean', 20100814001258, 'SA93219', 'SF1325604751', 'NULL', TRUE);
INSERT INTO dailyTask
VALUES ('DT176131149', 'guard', 20600114123127, 'SA95794', 'SF809675534', 'NULL', TRUE);
INSERT INTO dailyTask
VALUES ('DT1763643819', 'overhaul', 20991127023551, 'SA7314', 'SF1723219020', 'NULL', FALSE);
INSERT INTO dailyTask
VALUES ('DT1764313148', 'guard', 20110215094002, 'SA31266', 'SF1155426710', 'NULL', FALSE);
INSERT INTO dailyTask
VALUES ('DT1772772550', 'overhaul', 20991027045439, 'SA62282', 'SF245676536', 'NULL', TRUE);
INSERT INTO dailyTask
VALUES ('DT1780210972', 'clean', 20621228191508, 'SA7314', 'SF1550134583', 'NULL', FALSE);
INSERT INTO dailyTask
VALUES ('DT178272868', 'overhaul', 20380414003657, 'SA92664', 'SF1709578796', 'NULL', FALSE);
INSERT INTO dailyTask
VALUES ('DT1783821864', 'overhaul', 20890413015013, 'SA8349', 'SF667054813', 'NULL', TRUE);
INSERT INTO dailyTask
VALUES ('DT1784957001', 'overhaul', 20050228164416, 'SA93219', 'SF1838239550', 'NULL', TRUE);
INSERT INTO dailyTask
VALUES ('DT1786190392', 'overhaul', 20300725091613, 'SA62282', 'SF743551758', 'NULL', TRUE);
INSERT INTO dailyTask
VALUES ('DT1788376562', 'guard', 20070526145805, 'SA49506', 'SF1707111159', 'NULL', TRUE);
INSERT INTO dailyTask
VALUES ('DT1788938509', 'overhaul', 20471226152715, 'SA7314', 'SF1040003242', 'NULL', FALSE);
INSERT INTO dailyTask
VALUES ('DT1789207686', 'guard', 20151004130542, 'SA62282', 'SF667054813', 'NULL', TRUE);
INSERT INTO dailyTask
VALUES ('DT1790737556', 'overhaul', 20461107044042, 'SA93219', 'SF1389198663', 'NULL', FALSE);
INSERT INTO dailyTask
VALUES ('DT180212229', 'guard', 20320228055330, 'SA31438', 'SF1757995487', 'NULL', TRUE);
INSERT INTO dailyTask
VALUES ('DT1805037237', 'guard', 20521222033424, 'SA95173', 'SF245676536', 'NULL', TRUE);
INSERT INTO dailyTask
VALUES ('DT1807109373', 'guard', 20081020025821, 'SA95173', 'SF1929623560', 'NULL', TRUE);
INSERT INTO dailyTask
VALUES ('DT1807822437', 'guard', 20180910193635, 'SA92664', 'SF658493989', 'NULL', TRUE);
INSERT INTO dailyTask
VALUES ('DT1808172115', 'guard', 20330615131229, 'SA49936', 'SF798969889', 'NULL', TRUE);
INSERT INTO dailyTask
VALUES ('DT1808609384', 'clean', 20140127090007, 'SA95173', 'SF291878158', 'NULL', TRUE);
INSERT INTO dailyTask
VALUES ('DT181411058', 'guard', 20490918112138, 'SA8349', 'SF809675534', 'NULL', TRUE);
INSERT INTO dailyTask
VALUES ('DT1814377250', 'overhaul', 20720512195814, 'SA93219', 'SF71679732', 'NULL', FALSE);
INSERT INTO dailyTask
VALUES ('DT1814662516', 'clean', 20591231032029, 'SA59734', 'SF2130413404', 'NULL', FALSE);
INSERT INTO dailyTask
VALUES ('DT1815160799', 'guard', 20821217065319, 'SA71170', 'SF2110164235', 'NULL', FALSE);
INSERT INTO dailyTask
VALUES ('DT1822356128', 'overhaul', 20170410190759, 'SA4976', 'SF1838239550', 'NULL', FALSE);
INSERT INTO dailyTask
VALUES ('DT1823293536', 'overhaul', 20560111172605, 'SA8349', 'SF1550134583', 'NULL', TRUE);
INSERT INTO dailyTask
VALUES ('DT182454361', 'clean', 20860928222936, 'SA7314', 'SF245676536', 'NULL', FALSE);
INSERT INTO dailyTask
VALUES ('DT182648457', 'clean', 20460606041154, 'SA4976', 'SF309484508', 'NULL', FALSE);
INSERT INTO dailyTask
VALUES ('DT1829077070', 'guard', 20780818130929, 'SA97844', 'SF1389198663', 'NULL', FALSE);
INSERT INTO dailyTask
VALUES ('DT1832845899', 'clean', 20040909002058, 'SA92664', 'SF291878158', 'NULL', TRUE);
INSERT INTO dailyTask
VALUES ('DT1833319182', 'overhaul', 20310927194441, 'SA93219', 'SF1651258223', 'NULL', TRUE);
INSERT INTO dailyTask
VALUES ('DT1835946177', 'guard', 20240105150257, 'SA97844', 'SF1987814724', 'NULL', TRUE);
INSERT INTO dailyTask
VALUES ('DT1840697178', 'overhaul', 20090317203615, 'SA68322', 'SF205293560', 'NULL', FALSE);
INSERT INTO dailyTask
VALUES ('DT1840831534', 'guard', 20990222134013, 'SA49936', 'SF965085361', 'NULL', TRUE);
INSERT INTO dailyTask
VALUES ('DT1845488906', 'guard', 20400819052042, 'SA31266', 'SF1987814724', 'NULL', TRUE);
INSERT INTO dailyTask
VALUES ('DT1846793165', 'clean', 20110907011011, 'SA71170', 'SF1040003242', 'NULL', FALSE);
INSERT INTO dailyTask
VALUES ('DT1849353758', 'clean', 20970607084036, 'SA87696', 'SF1035725393', 'NULL', TRUE);
INSERT INTO dailyTask
VALUES ('DT1854883892', 'clean', 20070301211049, 'SA4976', 'SF1621971018', 'NULL', FALSE);
INSERT INTO dailyTask
VALUES ('DT1854937595', 'overhaul', 20390111193222, 'SA7314', 'SF1035725393', 'NULL', FALSE);
INSERT INTO dailyTask
VALUES ('DT1858545541', 'clean', 20180326034503, 'SA95794', 'SF2032619573', 'NULL', TRUE);
INSERT INTO dailyTask
VALUES ('DT1863942812', 'guard', 20490611151401, 'SA87696', 'SF658493989', 'NULL', TRUE);
INSERT INTO dailyTask
VALUES ('DT188205420', 'guard', 20710626095055, 'SA92664', 'SF1325240132', 'NULL', FALSE);
INSERT INTO dailyTask
VALUES ('DT1882458632', 'clean', 20210815200052, 'SA95173', 'SF2110164235', 'NULL', TRUE);
INSERT INTO dailyTask
VALUES ('DT1882888744', 'clean', 20060111035150, 'SA7314', 'SF743551758', 'NULL', TRUE);
INSERT INTO dailyTask
VALUES ('DT1883290617', 'overhaul', 20510611025945, 'SA87696', 'SF1929755947', 'NULL', TRUE);
INSERT INTO dailyTask
VALUES ('DT1894266487', 'clean', 20850623132915, 'SA68322', 'SF863234597', 'NULL', FALSE);
INSERT INTO dailyTask
VALUES ('DT1895672115', 'clean', 20950226214526, 'SA31266', 'SF106958357', 'NULL', TRUE);
INSERT INTO dailyTask
VALUES ('DT1897530735', 'overhaul', 20810224032726, 'SA95794', 'SF106958357', 'NULL', TRUE);
INSERT INTO dailyTask
VALUES ('DT1906844737', 'clean', 20081213042028, 'SA18413', 'SF667054813', 'NULL', TRUE);
INSERT INTO dailyTask
VALUES ('DT1908850695', 'clean', 20220506003548, 'SA92664', 'SF608473196', 'NULL', FALSE);
INSERT INTO dailyTask
VALUES ('DT1911862950', 'overhaul', 20760204031027, 'SA21022', 'SF2081721216', 'NULL', FALSE);
INSERT INTO dailyTask
VALUES ('DT1916667064', 'guard', 20660809220917, 'SA31266', 'SF1325604751', 'NULL', TRUE);
INSERT INTO dailyTask
VALUES ('DT1918462763', 'guard', 20820505023241, 'SA87696', 'SF1389198663', 'NULL', TRUE);
INSERT INTO dailyTask
VALUES ('DT1923483263', 'clean', 20291214003750, 'SA21022', 'SF300732922', 'NULL', TRUE);
INSERT INTO dailyTask
VALUES ('DT1923495607', 'guard', 20030730192109, 'SA49936', 'SF71679732', 'NULL', FALSE);
INSERT INTO dailyTask
VALUES ('DT1929867220', 'clean', 20610515162129, 'SA21022', 'SF71679732', 'NULL', FALSE);
INSERT INTO dailyTask
VALUES ('DT1930050499', 'clean', 20740912082914, 'SA30333', 'SF1443696079', 'NULL', TRUE);
INSERT INTO dailyTask
VALUES ('DT1933571560', 'clean', 20070818152933, 'SA93219', 'SF71679732', 'NULL', FALSE);
INSERT INTO dailyTask
VALUES ('DT193498334', 'guard', 20481121125428, 'SA71170', 'SF684900388', 'NULL', TRUE);
INSERT INTO dailyTask
VALUES ('DT1938796515', 'clean', 20690520220444, 'SA92664', 'SF819718857', 'NULL', FALSE);
INSERT INTO dailyTask
VALUES ('DT1942882495', 'clean', 20690125111538, 'SA95173', 'SF106958357', 'NULL', TRUE);
INSERT INTO dailyTask
VALUES ('DT1948274203', 'overhaul', 20140824104856, 'SA93219', 'SF809675534', 'NULL', FALSE);
INSERT INTO dailyTask
VALUES ('DT1953893563', 'clean', 20720514145240, 'SA49936', 'SF798969889', 'NULL', TRUE);
INSERT INTO dailyTask
VALUES ('DT1955038310', 'guard', 20081011175503, 'SA21022', 'SF749524158', 'NULL', TRUE);
INSERT INTO dailyTask
VALUES ('DT1955287798', 'guard', 20800906021834, 'SA31438', 'SF1592371108', 'NULL', FALSE);
INSERT INTO dailyTask
VALUES ('DT1961364012', 'guard', 20211020034906, 'SA95794', 'SF1443696079', 'NULL', FALSE);
INSERT INTO dailyTask
VALUES ('DT1966834748', 'overhaul', 20631118154351, 'SA93219', 'SF205293560', 'NULL', FALSE);
INSERT INTO dailyTask
VALUES ('DT1971272997', 'clean', 20631101184821, 'SA59734', 'SF658493989', 'NULL', FALSE);
INSERT INTO dailyTask
VALUES ('DT1978817769', 'guard', 20370410064531, 'SA49506', 'SF2110164235', 'NULL', FALSE);
INSERT INTO dailyTask
VALUES ('DT1983466609', 'overhaul', 20440829210927, 'SA4976', 'SF1760312546', 'NULL', TRUE);
INSERT INTO dailyTask
VALUES ('DT1986902840', 'overhaul', 20050518020412, 'SA59734', 'SF71679732', 'NULL', TRUE);
INSERT INTO dailyTask
VALUES ('DT199230355', 'overhaul', 20830301084256, 'SA49506', 'SF684900388', 'NULL', TRUE);
INSERT INTO dailyTask
VALUES ('DT1992370039', 'overhaul', 20720119170613, 'SA18413', 'SF863234597', 'NULL', TRUE);
INSERT INTO dailyTask
VALUES ('DT1996798714', 'overhaul', 20740102195323, 'SA59734', 'SF1709578796', 'NULL', TRUE);
INSERT INTO dailyTask
VALUES ('DT1996946479', 'guard', 20651029045734, 'SA30333', 'SF1621971018', 'NULL', TRUE);
INSERT INTO dailyTask
VALUES ('DT1999731610', 'clean', 20101001081150, 'SA49936', 'SF67306935', 'NULL', TRUE);
INSERT INTO dailyTask
VALUES ('DT2001635525', 'overhaul', 20221116102054, 'SA21022', 'SF113450204', 'NULL', TRUE);
INSERT INTO dailyTask
VALUES ('DT2011225143', 'guard', 20591010072045, 'SA4976', 'SF1723219020', 'NULL', TRUE);
INSERT INTO dailyTask
VALUES ('DT2012716603', 'overhaul', 20740218071110, 'SA4976', 'SF1177605698', 'NULL', TRUE);
INSERT INTO dailyTask
VALUES ('DT2017357847', 'overhaul', 20141116232558, 'SA59734', 'SF2110164235', 'NULL', FALSE);
INSERT INTO dailyTask
VALUES ('DT2030274236', 'guard', 20070129094157, 'SA31438', 'SF1987814724', 'NULL', FALSE);
INSERT INTO dailyTask
VALUES ('DT2046898212', 'guard', 20700919200327, 'SA93219', 'SF106958357', 'NULL', FALSE);
INSERT INTO dailyTask
VALUES ('DT2051281058', 'clean', 20791106161048, 'SA8349', 'SF667054813', 'NULL', TRUE);
INSERT INTO dailyTask
VALUES ('DT2058486141', 'clean', 20431115140100, 'SA62282', 'SF1510125838', 'NULL', FALSE);
INSERT INTO dailyTask
VALUES ('DT205890188', 'guard', 20350923051216, 'SA97844', 'SF1177605698', 'NULL', FALSE);
INSERT INTO dailyTask
VALUES ('DT2068982883', 'clean', 20680913134605, 'SA95173', 'SF658493989', 'NULL', FALSE);
INSERT INTO dailyTask
VALUES ('DT2072565556', 'overhaul', 20801218004317, 'SA49936', 'SF743551758', 'NULL', FALSE);
INSERT INTO dailyTask
VALUES ('DT2074808921', 'clean', 20760728074107, 'SA4976', 'SF749524158', 'NULL', FALSE);
INSERT INTO dailyTask
VALUES ('DT207542865', 'clean', 20490825082450, 'SA4976', 'SF1510125838', 'NULL', TRUE);
INSERT INTO dailyTask
VALUES ('DT2078060798', 'overhaul', 20711105003803, 'SA59734', 'SF1939583739', 'NULL', TRUE);
INSERT INTO dailyTask
VALUES ('DT2079035519', 'guard', 20160302134214, 'SA31266', 'SF1987814724', 'NULL', TRUE);
INSERT INTO dailyTask
VALUES ('DT2084182533', 'overhaul', 20430930051756, 'SA31438', 'SF1707111159', 'NULL', TRUE);
INSERT INTO dailyTask
VALUES ('DT2086540837', 'guard', 20460129050150, 'SA71170', 'SF1757995487', 'NULL', TRUE);
INSERT INTO dailyTask
VALUES ('DT2090274634', 'overhaul', 20670928173411, 'SA95794', 'SF106958357', 'NULL', FALSE);
INSERT INTO dailyTask
VALUES ('DT2095535611', 'guard', 20280629045139, 'SA4976', 'SF1929755947', 'NULL', FALSE);
INSERT INTO dailyTask
VALUES ('DT2101457818', 'guard', 20881129081350, 'SA59734', 'SF2110164235', 'NULL', TRUE);
INSERT INTO dailyTask
VALUES ('DT2101736722', 'overhaul', 20870428161946, 'SA4976', 'SF1592371108', 'NULL', TRUE);
INSERT INTO dailyTask
VALUES ('DT2106241563', 'clean', 20080919103244, 'SA8349', 'SF1177605698', 'NULL', TRUE);
INSERT INTO dailyTask
VALUES ('DT2106873936', 'overhaul', 20851214232342, 'SA4976', 'SF1443696079', 'NULL', TRUE);
INSERT INTO dailyTask
VALUES ('DT2110999657', 'overhaul', 20640305053925, 'SA49936', 'SF1709578796', 'NULL', TRUE);
INSERT INTO dailyTask
VALUES ('DT211581619', 'guard', 20140830032956, 'SA97844', 'SF1987814724', 'NULL', FALSE);
INSERT INTO dailyTask
VALUES ('DT2115849337', 'overhaul', 20431220195959, 'SA49506', 'SF245676536', 'NULL', TRUE);
INSERT INTO dailyTask
VALUES ('DT2118136997', 'clean', 20691112094718, 'SA87696', 'SF1592371108', 'NULL', FALSE);
INSERT INTO dailyTask
VALUES ('DT2119328558', 'overhaul', 20711209041621, 'SA30333', 'SF809675534', 'NULL', TRUE);
INSERT INTO dailyTask
VALUES ('DT213434519', 'overhaul', 20210121013236, 'SA59734', 'SF798969889', 'NULL', TRUE);
INSERT INTO dailyTask
VALUES ('DT2138771262', 'guard', 20250322040028, 'SA7314', 'SF1389198663', 'NULL', TRUE);
INSERT INTO dailyTask
VALUES ('DT2145357122', 'overhaul', 20250122002653, 'SA95173', 'SF1723219020', 'NULL', FALSE);
INSERT INTO dailyTask
VALUES ('DT2145966778', 'clean', 20080123175354, 'SA71170', 'SF608473196', 'NULL', TRUE);
INSERT INTO dailyTask
VALUES ('DT226012490', 'overhaul', 20580515214335, 'SA95173', 'SF1177605698', 'NULL', FALSE);
INSERT INTO dailyTask
VALUES ('DT227609015', 'overhaul', 20220201160120, 'SA59734', 'SF1929755947', 'NULL', TRUE);
INSERT INTO dailyTask
VALUES ('DT231757690', 'guard', 20521026122810, 'SA93219', 'SF1177605698', 'NULL', TRUE);
INSERT INTO dailyTask
VALUES ('DT240609127', 'guard', 20990708110101, 'SA62282', 'SF907234094', 'NULL', TRUE);
INSERT INTO dailyTask
VALUES ('DT243887894', 'guard', 20810904230555, 'SA95794', 'SF1040003242', 'NULL', FALSE);
INSERT INTO dailyTask
VALUES ('DT252645517', 'overhaul', 20140312143106, 'SA49936', 'SF1709578796', 'NULL', FALSE);
INSERT INTO dailyTask
VALUES ('DT254859511', 'guard', 20771227010811, 'SA59734', 'SF1040003242', 'NULL', FALSE);
INSERT INTO dailyTask
VALUES ('DT261252242', 'clean', 20000627185607, 'SA68322', 'SF965085361', 'NULL', TRUE);
INSERT INTO dailyTask
VALUES ('DT267203758', 'guard', 20990106213631, 'SA87696', 'SF1760312546', 'NULL', FALSE);
INSERT INTO dailyTask
VALUES ('DT275786481', 'overhaul', 20360126120557, 'SA18413', 'SF1550134583', 'NULL', FALSE);
INSERT INTO dailyTask
VALUES ('DT281713886', 'clean', 20021227011125, 'SA95173', 'SF1443696079', 'NULL', FALSE);
INSERT INTO dailyTask
VALUES ('DT282726928', 'overhaul', 20841114025642, 'SA62282', 'SF684900388', 'NULL', TRUE);
INSERT INTO dailyTask
VALUES ('DT283987598', 'overhaul', 20610620135708, 'SA31438', 'SF71679732', 'NULL', FALSE);
INSERT INTO dailyTask
VALUES ('DT291824363', 'overhaul', 20500707043233, 'SA31438', 'SF2032619573', 'NULL', FALSE);
INSERT INTO dailyTask
VALUES ('DT293473472', 'guard', 20030509233121, 'SA30333', 'SF1389198663', 'NULL', FALSE);
INSERT INTO dailyTask
VALUES ('DT296825235', 'guard', 20570727172403, 'SA49506', 'SF1389198663', 'NULL', FALSE);
INSERT INTO dailyTask
VALUES ('DT30872753', 'guard', 20350818123446, 'SA31266', 'SF608473196', 'NULL', FALSE);
INSERT INTO dailyTask
VALUES ('DT317072311', 'overhaul', 20441012122224, 'SA21022', 'SF67306935', 'NULL', TRUE);
INSERT INTO dailyTask
VALUES ('DT317998775', 'guard', 20320709020933, 'SA8349', 'SF1510125838', 'NULL', TRUE);
INSERT INTO dailyTask
VALUES ('DT321219864', 'overhaul', 20221208203456, 'SA30333', 'SF1443696079', 'NULL', FALSE);
INSERT INTO dailyTask
VALUES ('DT323114871', 'clean', 20200721020812, 'SA95173', 'SF1443696079', 'NULL', TRUE);
INSERT INTO dailyTask
VALUES ('DT324659769', 'clean', 20560514195041, 'SA59734', 'SF907234094', 'NULL', FALSE);
INSERT INTO dailyTask
VALUES ('DT330098936', 'clean', 20350315194427, 'SA30333', 'SF907234094', 'NULL', TRUE);
INSERT INTO dailyTask
VALUES ('DT334553621', 'clean', 20940209081141, 'SA95794', 'SF1757995487', 'NULL', TRUE);
INSERT INTO dailyTask
VALUES ('DT336156335', 'overhaul', 20311222195432, 'SA95173', 'SF1443696079', 'NULL', FALSE);
INSERT INTO dailyTask
VALUES ('DT338678453', 'clean', 20940830030822, 'SA4976', 'SF1389198663', 'NULL', FALSE);
INSERT INTO dailyTask
VALUES ('DT342248517', 'guard', 20651117174410, 'SA62282', 'SF798969889', 'NULL', FALSE);
INSERT INTO dailyTask
VALUES ('DT345141068', 'guard', 20150418113433, 'SA95173', 'SF205293560', 'NULL', TRUE);
INSERT INTO dailyTask
VALUES ('DT346567467', 'clean', 20060415204632, 'SA21022', 'SF743551758', 'NULL', TRUE);
INSERT INTO dailyTask
VALUES ('DT35149970', 'overhaul', 20071215135718, 'SA92664', 'SF2081721216', 'NULL', TRUE);
INSERT INTO dailyTask
VALUES ('DT353708075', 'clean', 20661028210621, 'SA49506', 'SF749524158', 'NULL', TRUE);
INSERT INTO dailyTask
VALUES ('DT356880660', 'guard', 20740114094348, 'SA4976', 'SF1621971018', 'NULL', FALSE);
INSERT INTO dailyTask
VALUES ('DT358502679', 'clean', 20661207104319, 'SA62282', 'SF907234094', 'NULL', FALSE);
INSERT INTO dailyTask
VALUES ('DT361135859', 'overhaul', 20800725020343, 'SA49506', 'SF1760312546', 'NULL', TRUE);
INSERT INTO dailyTask
VALUES ('DT372386969', 'clean', 20520630050207, 'SA31266', 'SF1177605698', 'NULL', TRUE);
INSERT INTO dailyTask
VALUES ('DT375831365', 'guard', 20911218154405, 'SA95794', 'SF1723219020', 'NULL', TRUE);
INSERT INTO dailyTask
VALUES ('DT38550661', 'guard', 20720824105034, 'SA49506', 'SF71679732', 'NULL', FALSE);
INSERT INTO dailyTask
VALUES ('DT391229026', 'overhaul', 20791228093957, 'SA68322', 'SF309484508', 'NULL', FALSE);
INSERT INTO dailyTask
VALUES ('DT392098216', 'clean', 20230608075959, 'SA87696', 'SF1707111159', 'NULL', FALSE);
INSERT INTO dailyTask
VALUES ('DT39213035', 'clean', 20341215185745, 'SA87696', 'SF743551758', 'NULL', TRUE);
INSERT INTO dailyTask
VALUES ('DT393494569', 'guard', 20030712152915, 'SA31266', 'SF1929755947', 'NULL', FALSE);
INSERT INTO dailyTask
VALUES ('DT393562405', 'clean', 20270710074451, 'SA97844', 'SF667054813', 'NULL', TRUE);
INSERT INTO dailyTask
VALUES ('DT405687846', 'overhaul', 20390901054525, 'SA49936', 'SF608473196', 'NULL', TRUE);
INSERT INTO dailyTask
VALUES ('DT406861031', 'clean', 20910115231041, 'SA68322', 'SF749524158', 'NULL', FALSE);
INSERT INTO dailyTask
VALUES ('DT407922301', 'overhaul', 20281009002549, 'SA49506', 'SF1929755947', 'NULL', FALSE);
INSERT INTO dailyTask
VALUES ('DT410080979', 'overhaul', 20730209121106, 'SA49936', 'SF67306935', 'NULL', FALSE);
INSERT INTO dailyTask
VALUES ('DT410947097', 'clean', 20101211120211, 'SA87696', 'SF667054813', 'NULL', TRUE);
INSERT INTO dailyTask
VALUES ('DT423990335', 'clean', 20510114140416, 'SA4976', 'SF2110164235', 'NULL', FALSE);
INSERT INTO dailyTask
VALUES ('DT429304899', 'clean', 20820129160327, 'SA87696', 'SF1929755947', 'NULL', TRUE);
INSERT INTO dailyTask
VALUES ('DT429844838', 'overhaul', 20570805004006, 'SA71170', 'SF667054813', 'NULL', FALSE);
INSERT INTO dailyTask
VALUES ('DT431410789', 'overhaul', 20400526231219, 'SA8349', 'SF608473196', 'NULL', TRUE);
INSERT INTO dailyTask
VALUES ('DT432599329', 'guard', 20781215111732, 'SA21022', 'SF245676536', 'NULL', TRUE);
INSERT INTO dailyTask
VALUES ('DT441128474', 'overhaul', 20780611011532, 'SA4976', 'SF1325604751', 'NULL', TRUE);
INSERT INTO dailyTask
VALUES ('DT443839344', 'overhaul', 20600529060406, 'SA4976', 'SF1040003242', 'NULL', FALSE);
INSERT INTO dailyTask
VALUES ('DT446270490', 'overhaul', 20210610183814, 'SA93219', 'SF1621971018', 'NULL', TRUE);
INSERT INTO dailyTask
VALUES ('DT446594131', 'overhaul', 20540826163410, 'SA59734', 'SF1939583739', 'NULL', TRUE);
INSERT INTO dailyTask
VALUES ('DT452213452', 'overhaul', 20250612021149, 'SA62282', 'SF1040003242', 'NULL', TRUE);
INSERT INTO dailyTask
VALUES ('DT456240908', 'clean', 20381130171216, 'SA71170', 'SF106958357', 'NULL', FALSE);
INSERT INTO dailyTask
VALUES ('DT470151718', 'guard', 20960405232507, 'SA97844', 'SF1929755947', 'NULL', TRUE);
INSERT INTO dailyTask
VALUES ('DT474075261', 'clean', 20121117014552, 'SA95173', 'SF1939583739', 'NULL', FALSE);
INSERT INTO dailyTask
VALUES ('DT477491761', 'clean', 20480208150331, 'SA31438', 'SF67306935', 'NULL', FALSE);
INSERT INTO dailyTask
VALUES ('DT480450527', 'overhaul', 20300908203739, 'SA21022', 'SF1651258223', 'NULL', FALSE);
INSERT INTO dailyTask
VALUES ('DT481512193', 'overhaul', 20510422200038, 'SA95794', 'SF1709578796', 'NULL', FALSE);
INSERT INTO dailyTask
VALUES ('DT488934355', 'overhaul', 20150808193914, 'SA7314', 'SF1723219020', 'NULL', TRUE);
INSERT INTO dailyTask
VALUES ('DT491780234', 'overhaul', 20900714164311, 'SA49936', 'SF809675534', 'NULL', TRUE);
INSERT INTO dailyTask
VALUES ('DT492404911', 'clean', 20280126095832, 'SA31266', 'SF1939583739', 'NULL', FALSE);
INSERT INTO dailyTask
VALUES ('DT493849913', 'clean', 20310806212230, 'SA49936', 'SF1838239550', 'NULL', FALSE);
INSERT INTO dailyTask
VALUES ('DT495456862', 'guard', 20910309140521, 'SA68322', 'SF965085361', 'NULL', TRUE);
INSERT INTO dailyTask
VALUES ('DT498248251', 'overhaul', 20580511090318, 'SA49936', 'SF1723219020', 'NULL', FALSE);
INSERT INTO dailyTask
VALUES ('DT500124718', 'guard', 20100417063255, 'SA18413', 'SF1592371108', 'NULL', FALSE);
INSERT INTO dailyTask
VALUES ('DT502650968', 'overhaul', 20950617210421, 'SA92664', 'SF2131836294', 'NULL', TRUE);
INSERT INTO dailyTask
VALUES ('DT505254829', 'overhaul', 20630607190331, 'SA95794', 'SF1040003242', 'NULL', FALSE);
INSERT INTO dailyTask
VALUES ('DT505321030', 'guard', 20990322185001, 'SA49506', 'SF658493989', 'NULL', FALSE);
INSERT INTO dailyTask
VALUES ('DT505942455', 'clean', 20341103091556, 'SA92664', 'SF1389198663', 'NULL', FALSE);
INSERT INTO dailyTask
VALUES ('DT50737802', 'clean', 20210610164230, 'SA4976', 'SF71679732', 'NULL', TRUE);
INSERT INTO dailyTask
VALUES ('DT507429050', 'overhaul', 20610913191744, 'SA7314', 'SF1987814724', 'NULL', FALSE);
INSERT INTO dailyTask
VALUES ('DT509071582', 'clean', 20220319165452, 'SA8349', 'SF608473196', 'NULL', FALSE);
INSERT INTO dailyTask
VALUES ('DT511263215', 'overhaul', 20211112052818, 'SA18413', 'SF965085361', 'NULL', TRUE);
INSERT INTO dailyTask
VALUES ('DT518943488', 'overhaul', 20240615140457, 'SA31266', 'SF245676536', 'NULL', TRUE);
INSERT INTO dailyTask
VALUES ('DT521364000', 'guard', 20840925141050, 'SA49936', 'SF1621971018', 'NULL', TRUE);
INSERT INTO dailyTask
VALUES ('DT525415969', 'overhaul', 20961115223717, 'SA4976', 'SF1939583739', 'NULL', TRUE);
INSERT INTO dailyTask
VALUES ('DT526851272', 'clean', 20360416221602, 'SA21022', 'SF1838239550', 'NULL', TRUE);
INSERT INTO dailyTask
VALUES ('DT528664146', 'overhaul', 20420919043704, 'SA62282', 'SF1929755947', 'NULL', TRUE);
INSERT INTO dailyTask
VALUES ('DT534712175', 'clean', 20591103230048, 'SA49506', 'SF300732922', 'NULL', FALSE);
INSERT INTO dailyTask
VALUES ('DT536881629', 'clean', 20951230082731, 'SA18413', 'SF658493989', 'NULL', TRUE);
INSERT INTO dailyTask
VALUES ('DT537570812', 'guard', 20910315220813, 'SA93219', 'SF684900388', 'NULL', TRUE);
INSERT INTO dailyTask
VALUES ('DT540163461', 'guard', 20311012183829, 'SA49936', 'SF1389198663', 'NULL', FALSE);
INSERT INTO dailyTask
VALUES ('DT542472646', 'clean', 20741228015146, 'SA95794', 'SF1709578796', 'NULL', TRUE);
INSERT INTO dailyTask
VALUES ('DT549507571', 'overhaul', 20410605061205, 'SA31266', 'SF1939583739', 'NULL', FALSE);
INSERT INTO dailyTask
VALUES ('DT555332611', 'overhaul', 20240503081033, 'SA62282', 'SF1707111159', 'NULL', TRUE);
INSERT INTO dailyTask
VALUES ('DT560792365', 'clean', 20620311084152, 'SA7314', 'SF113450204', 'NULL', TRUE);
INSERT INTO dailyTask
VALUES ('DT565539077', 'guard', 20740323023909, 'SA49506', 'SF765783780', 'NULL', FALSE);
INSERT INTO dailyTask
VALUES ('DT57638288', 'clean', 20400507053651, 'SA97844', 'SF1177605698', 'NULL', FALSE);
INSERT INTO dailyTask
VALUES ('DT578581359', 'guard', 20840429061530, 'SA4976', 'SF798969889', 'NULL', FALSE);
INSERT INTO dailyTask
VALUES ('DT585150620', 'guard', 20361031062918, 'SA31438', 'SF205293560', 'NULL', FALSE);
INSERT INTO dailyTask
VALUES ('DT58689609', 'clean', 20230215005100, 'SA31266', 'SF1040003242', 'NULL', TRUE);
INSERT INTO dailyTask
VALUES ('DT587503363', 'overhaul', 20570226085939, 'SA92664', 'SF765783780', 'NULL', TRUE);
INSERT INTO dailyTask
VALUES ('DT588229582', 'overhaul', 20051003050551, 'SA18413', 'SF798969889', 'NULL', FALSE);
INSERT INTO dailyTask
VALUES ('DT591924804', 'guard', 20550317052650, 'SA71170', 'SF1155426710', 'NULL', FALSE);
INSERT INTO dailyTask
VALUES ('DT60583707', 'overhaul', 20090316064621, 'SA95794', 'SF106958357', 'NULL', TRUE);
INSERT INTO dailyTask
VALUES ('DT612896934', 'clean', 20221021230610, 'SA93219', 'SF684900388', 'NULL', TRUE);
INSERT INTO dailyTask
VALUES ('DT614748854', 'guard', 20390813045455, 'SA97844', 'SF1723219020', 'NULL', TRUE);
INSERT INTO dailyTask
VALUES ('DT617022481', 'overhaul', 20291226024204, 'SA31266', 'SF113450204', 'NULL', TRUE);
INSERT INTO dailyTask
VALUES ('DT617225487', 'overhaul', 20751210140701, 'SA49936', 'SF106958357', 'NULL', FALSE);
INSERT INTO dailyTask
VALUES ('DT618248758', 'overhaul', 20650714210132, 'SA4976', 'SF1550134583', 'NULL', FALSE);
INSERT INTO dailyTask
VALUES ('DT618581257', 'guard', 20370811204041, 'SA92664', 'SF1177605698', 'NULL', TRUE);
INSERT INTO dailyTask
VALUES ('DT636445312', 'clean', 20690807203638, 'SA18413', 'SF1621971018', 'NULL', TRUE);
INSERT INTO dailyTask
VALUES ('DT636822413', 'overhaul', 20071216034108, 'SA49506', 'SF1155426710', 'NULL', FALSE);
INSERT INTO dailyTask
VALUES ('DT638034100', 'guard', 20900801131359, 'SA8349', 'SF765783780', 'NULL', FALSE);
INSERT INTO dailyTask
VALUES ('DT643547496', 'overhaul', 20670827085923, 'SA59734', 'SF1389198663', 'NULL', TRUE);
INSERT INTO dailyTask
VALUES ('DT654819599', 'overhaul', 20570207050431, 'SA95794', 'SF863234597', 'NULL', FALSE);
INSERT INTO dailyTask
VALUES ('DT657339708', 'guard', 20590420144027, 'SA97844', 'SF1592371108', 'NULL', FALSE);
INSERT INTO dailyTask
VALUES ('DT659489327', 'overhaul', 20570606215709, 'SA87696', 'SF1760312546', 'NULL', TRUE);
INSERT INTO dailyTask
VALUES ('DT661685822', 'clean', 20040409175030, 'SA71170', 'SF658493989', 'NULL', TRUE);
INSERT INTO dailyTask
VALUES ('DT666544524', 'clean', 20570301010202, 'SA59734', 'SF1325240132', 'NULL', TRUE);
INSERT INTO dailyTask
VALUES ('DT667568574', 'overhaul', 20740628232221, 'SA95794', 'SF1040003242', 'NULL', FALSE);
INSERT INTO dailyTask
VALUES ('DT667570765', 'guard', 20570227021346, 'SA59734', 'SF1939583739', 'NULL', FALSE);
INSERT INTO dailyTask
VALUES ('DT674377819', 'guard', 20360619052032, 'SA18413', 'SF2110164235', 'NULL', FALSE);
INSERT INTO dailyTask
VALUES ('DT678273349', 'overhaul', 20480408105745, 'SA21022', 'SF1757995487', 'NULL', FALSE);
INSERT INTO dailyTask
VALUES ('DT690302899', 'guard', 20750819190239, 'SA95794', 'SF71679732', 'NULL', FALSE);
INSERT INTO dailyTask
VALUES ('DT690689008', 'guard', 20370512102848, 'SA68322', 'SF1040003242', 'NULL', TRUE);
INSERT INTO dailyTask
VALUES ('DT692092260', 'clean', 20960407202549, 'SA49506', 'SF2110164235', 'NULL', FALSE);
INSERT INTO dailyTask
VALUES ('DT69661', 'guard', 20660628150324, 'SA31266', 'SF1325604751', 'NULL', FALSE);
INSERT INTO dailyTask
VALUES ('DT69908685', 'guard', 20450209233841, 'SA87696', 'SF1040003242', 'NULL', FALSE);
INSERT INTO dailyTask
VALUES ('DT701264490', 'clean', 20590820135409, 'SA97844', 'SF1987814724', 'NULL', TRUE);
INSERT INTO dailyTask
VALUES ('DT702481113', 'guard', 20810907063318, 'SA93219', 'SF749524158', 'NULL', FALSE);
INSERT INTO dailyTask
VALUES ('DT703293810', 'overhaul', 20450106135414, 'SA49506', 'SF1510125838', 'NULL', FALSE);
INSERT INTO dailyTask
VALUES ('DT703926786', 'clean', 20491008165155, 'SA4976', 'SF658493989', 'NULL', FALSE);
INSERT INTO dailyTask
VALUES ('DT714167179', 'clean', 20630529013148, 'SA31438', 'SF1325240132', 'NULL', FALSE);
INSERT INTO dailyTask
VALUES ('DT714251923', 'overhaul', 20460214070445, 'SA21022', 'SF743551758', 'NULL', TRUE);
INSERT INTO dailyTask
VALUES ('DT71464921', 'guard', 20531223163233, 'SA97844', 'SF1035725393', 'NULL', FALSE);
INSERT INTO dailyTask
VALUES ('DT718782858', 'clean', 20220810053953, 'SA62282', 'SF291878158', 'NULL', TRUE);
INSERT INTO dailyTask
VALUES ('DT721674370', 'clean', 20241228080319, 'SA4976', 'SF291878158', 'NULL', TRUE);
INSERT INTO dailyTask
VALUES ('DT730520301', 'clean', 20911122154905, 'SA7314', 'SF1155426710', 'NULL', FALSE);
INSERT INTO dailyTask
VALUES ('DT734645082', 'clean', 20020624032406, 'SA87696', 'SF245676536', 'NULL', TRUE);
INSERT INTO dailyTask
VALUES ('DT742102938', 'clean', 20131106143409, 'SA71170', 'SF1621971018', 'NULL', FALSE);
INSERT INTO dailyTask
VALUES ('DT756339798', 'guard', 20410609225719, 'SA62282', 'SF1707111159', 'NULL', TRUE);
INSERT INTO dailyTask
VALUES ('DT762028694', 'clean', 20010202172136, 'SA49506', 'SF1987814724', 'NULL', FALSE);
INSERT INTO dailyTask
VALUES ('DT766716324', 'overhaul', 20310307144315, 'SA49936', 'SF1040003242', 'NULL', TRUE);
INSERT INTO dailyTask
VALUES ('DT770968234', 'clean', 20051104054523, 'SA68322', 'SF907234094', 'NULL', TRUE);
INSERT INTO dailyTask
VALUES ('DT772961834', 'guard', 20020117164319, 'SA59734', 'SF309484508', 'NULL', TRUE);
INSERT INTO dailyTask
VALUES ('DT774558227', 'overhaul', 20791201022958, 'SA71170', 'SF749524158', 'NULL', TRUE);
INSERT INTO dailyTask
VALUES ('DT774652051', 'overhaul', 20531011141852, 'SA31266', 'SF1040003242', 'NULL', FALSE);
INSERT INTO dailyTask
VALUES ('DT782089807', 'guard', 20580808001810, 'SA59734', 'SF300732922', 'NULL', TRUE);
INSERT INTO dailyTask
VALUES ('DT783767205', 'clean', 20920527042919, 'SA93219', 'SF1929623560', 'NULL', FALSE);
INSERT INTO dailyTask
VALUES ('DT786526757', 'overhaul', 20680104073951, 'SA87696', 'SF2131836294', 'NULL', TRUE);
INSERT INTO dailyTask
VALUES ('DT792651700', 'guard', 20530928161353, 'SA95794', 'SF1592371108', 'NULL', FALSE);
INSERT INTO dailyTask
VALUES ('DT795428332', 'overhaul', 20580223202336, 'SA93219', 'SF1838239550', 'NULL', TRUE);
INSERT INTO dailyTask
VALUES ('DT797343684', 'overhaul', 20421106200609, 'SA87696', 'SF1155426710', 'NULL', TRUE);
INSERT INTO dailyTask
VALUES ('DT798226131', 'guard', 20780205091443, 'SA62282', 'SF309484508', 'NULL', FALSE);
INSERT INTO dailyTask
VALUES ('DT800129372', 'overhaul', 20010310192001, 'SA4976', 'SF684900388', 'NULL', FALSE);
INSERT INTO dailyTask
VALUES ('DT800234399', 'guard', 20920106063937, 'SA30333', 'SF749524158', 'NULL', TRUE);
INSERT INTO dailyTask
VALUES ('DT80353580', 'clean', 20250315001934, 'SA30333', 'SF2081721216', 'NULL', TRUE);
INSERT INTO dailyTask
VALUES ('DT810618651', 'guard', 20170725123652, 'SA59734', 'SF809675534', 'NULL', FALSE);
INSERT INTO dailyTask
VALUES ('DT810901174', 'overhaul', 20610709211829, 'SA49936', 'SF1929623560', 'NULL', FALSE);
INSERT INTO dailyTask
VALUES ('DT816338451', 'guard', 20681018170958, 'SA95173', 'SF2081721216', 'NULL', TRUE);
INSERT INTO dailyTask
VALUES ('DT821595791', 'clean', 20410712083747, 'SA21022', 'SF1592371108', 'NULL', TRUE);
INSERT INTO dailyTask
VALUES ('DT827530285', 'guard', 20030524174607, 'SA71170', 'SF1621971018', 'NULL', FALSE);
INSERT INTO dailyTask
VALUES ('DT828016931', 'guard', 20720809154315, 'SA93219', 'SF863234597', 'NULL', TRUE);
INSERT INTO dailyTask
VALUES ('DT828713052', 'overhaul', 20460813025323, 'SA62282', 'SF67306935', 'NULL', FALSE);
INSERT INTO dailyTask
VALUES ('DT828758103', 'guard', 20801208103654, 'SA21022', 'SF819718857', 'NULL', TRUE);
INSERT INTO dailyTask
VALUES ('DT828866637', 'guard', 20090319055316, 'SA87696', 'SF608473196', 'NULL', TRUE);
INSERT INTO dailyTask
VALUES ('DT831468240', 'clean', 20210309221856, 'SA95794', 'SF1621971018', 'NULL', FALSE);
INSERT INTO dailyTask
VALUES ('DT836257980', 'overhaul', 20710622090200, 'SA97844', 'SF1760312546', 'NULL', FALSE);
INSERT INTO dailyTask
VALUES ('DT837313119', 'guard', 20291227084122, 'SA49936', 'SF1389198663', 'NULL', FALSE);
INSERT INTO dailyTask
VALUES ('DT83891949', 'guard', 20011122040902, 'SA4976', 'SF819718857', 'NULL', TRUE);
INSERT INTO dailyTask
VALUES ('DT842284333', 'overhaul', 20141030192039, 'SA18413', 'SF1550134583', 'NULL', FALSE);
INSERT INTO dailyTask
VALUES ('DT847278393', 'overhaul', 20930613082950, 'SA31266', 'SF309484508', 'NULL', FALSE);
INSERT INTO dailyTask
VALUES ('DT847511321', 'clean', 20400509145110, 'SA71170', 'SF1707111159', 'NULL', FALSE);
INSERT INTO dailyTask
VALUES ('DT848345728', 'clean', 20200524023810, 'SA93219', 'SF965085361', 'NULL', FALSE);
INSERT INTO dailyTask
VALUES ('DT85643242', 'guard', 20021221193451, 'SA30333', 'SF1707111159', 'NULL', TRUE);
INSERT INTO dailyTask
VALUES ('DT873675941', 'clean', 20161106192908, 'SA92664', 'SF1325604751', 'NULL', TRUE);
INSERT INTO dailyTask
VALUES ('DT874016722', 'overhaul', 20061108212548, 'SA59734', 'SF2032619573', 'NULL', FALSE);
INSERT INTO dailyTask
VALUES ('DT874278504', 'guard', 20161201014922, 'SA21022', 'SF1987814724', 'NULL', FALSE);
INSERT INTO dailyTask
VALUES ('DT874990533', 'overhaul', 20860406081658, 'SA71170', 'SF291878158', 'NULL', TRUE);
INSERT INTO dailyTask
VALUES ('DT882745659', 'clean', 20831208062921, 'SA31266', 'SF863234597', 'NULL', FALSE);
INSERT INTO dailyTask
VALUES ('DT884807556', 'clean', 20910727173808, 'SA92664', 'SF765783780', 'NULL', TRUE);
INSERT INTO dailyTask
VALUES ('DT890087534', 'clean', 20900209132900, 'SA62282', 'SF1592371108', 'NULL', FALSE);
INSERT INTO dailyTask
VALUES ('DT89211215', 'clean', 20721123162625, 'SA95794', 'SF1325240132', 'NULL', FALSE);
INSERT INTO dailyTask
VALUES ('DT893498480', 'guard', 20611229105850, 'SA62282', 'SF667054813', 'NULL', TRUE);
INSERT INTO dailyTask
VALUES ('DT896270343', 'clean', 20550406175920, 'SA21022', 'SF658493989', 'NULL', TRUE);
INSERT INTO dailyTask
VALUES ('DT896978367', 'overhaul', 20871024001823, 'SA59734', 'SF608473196', 'NULL', TRUE);
INSERT INTO dailyTask
VALUES ('DT898096286', 'clean', 20081104145413, 'SA71170', 'SF2081721216', 'NULL', TRUE);
INSERT INTO dailyTask
VALUES ('DT905680491', 'overhaul', 20690205123712, 'SA62282', 'SF658493989', 'NULL', FALSE);
INSERT INTO dailyTask
VALUES ('DT907648108', 'guard', 20650107052749, 'SA68322', 'SF291878158', 'NULL', FALSE);
INSERT INTO dailyTask
VALUES ('DT913731505', 'overhaul', 20990720031457, 'SA49936', 'SF608473196', 'NULL', FALSE);
INSERT INTO dailyTask
VALUES ('DT915703954', 'guard', 20411226111339, 'SA68322', 'SF2110164235', 'NULL', TRUE);
INSERT INTO dailyTask
VALUES ('DT916055666', 'guard', 20930513003713, 'SA95173', 'SF1035725393', 'NULL', TRUE);
INSERT INTO dailyTask
VALUES ('DT927669782', 'guard', 20651018142147, 'SA59734', 'SF1035725393', 'NULL', TRUE);
INSERT INTO dailyTask
VALUES ('DT932713074', 'guard', 20110611094618, 'SA92664', 'SF2131836294', 'NULL', FALSE);
INSERT INTO dailyTask
VALUES ('DT935091490', 'clean', 20120126044656, 'SA21022', 'SF1040003242', 'NULL', TRUE);
INSERT INTO dailyTask
VALUES ('DT935203277', 'guard', 20270704151949, 'SA87696', 'SF1651258223', 'NULL', TRUE);
INSERT INTO dailyTask
VALUES ('DT938076514', 'guard', 20020205022647, 'SA30333', 'SF205293560', 'NULL', TRUE);
INSERT INTO dailyTask
VALUES ('DT940440625', 'clean', 20320720164546, 'SA31266', 'SF765783780', 'NULL', TRUE);
INSERT INTO dailyTask
VALUES ('DT942873168', 'clean', 20070117225143, 'SA71170', 'SF245676536', 'NULL', FALSE);
INSERT INTO dailyTask
VALUES ('DT952112349', 'overhaul', 20760507093150, 'SA7314', 'SF291878158', 'NULL', TRUE);
INSERT INTO dailyTask
VALUES ('DT954661453', 'overhaul', 20180904073126, 'SA87696', 'SF1621971018', 'NULL', FALSE);
INSERT INTO dailyTask
VALUES ('DT955990830', 'guard', 20001208063241, 'SA68322', 'SF1035725393', 'NULL', TRUE);
INSERT INTO dailyTask
VALUES ('DT961008574', 'clean', 20030713182756, 'SA62282', 'SF2130413404', 'NULL', FALSE);
INSERT INTO dailyTask
VALUES ('DT969061357', 'guard', 20421121182539, 'SA31438', 'SF1939583739', 'NULL', FALSE);
INSERT INTO dailyTask
VALUES ('DT974219027', 'overhaul', 20401030180104, 'SA31438', 'SF300732922', 'NULL', FALSE);
INSERT INTO dailyTask
VALUES ('DT981966709', 'guard', 20910911055252, 'SA31438', 'SF71679732', 'NULL', FALSE);
INSERT INTO dailyTask
VALUES ('DT98306804', 'clean', 20861019090310, 'SA49506', 'SF749524158', 'NULL', TRUE);
INSERT INTO dailyTask
VALUES ('DT984456798', 'clean', 20440829211725, 'SA31438', 'SF1651258223', 'NULL', TRUE);
INSERT INTO dailyTask
VALUES ('DT987682828', 'clean', 20580408110747, 'SA92664', 'SF2081721216', 'NULL', FALSE);
INSERT INTO dailyTask
VALUES ('DT987980031', 'clean', 20610117180626, 'SA68322', 'SF608473196', 'NULL', FALSE);
INSERT INTO dailyTask
VALUES ('DT993903112', 'clean', 20000213225406, 'SA92664', 'SF608473196', 'NULL', FALSE);
INSERT INTO dailyTask
VALUES ('DT999089283', 'guard', 20450114183722, 'SA93219', 'SF1040003242', 'NULL', FALSE);
INSERT INTO buildingEntranceRecord
VALUES ('BER1002020823', 'P1596336553', 'B14418', 20470508074148, 'card');
INSERT INTO buildingEntranceRecord
VALUES ('BER1003989016', 'P1778926773', 'B98521', 20380514011927, 'key');
INSERT INTO buildingEntranceRecord
VALUES ('BER1017331744', 'P2112940129', 'B39944', 20931108235559, 'key');
INSERT INTO buildingEntranceRecord
VALUES ('BER1018639989', 'P51692824', 'B63632', 20880301061448, 'key');
INSERT INTO buildingEntranceRecord
VALUES ('BER1036051491', 'P1615094499', 'B19057', 20660821171825, 'key');
INSERT INTO buildingEntranceRecord
VALUES ('BER1036801045', 'P1580323660', 'B19839', 20160219121042, 'key');
INSERT INTO buildingEntranceRecord
VALUES ('BER1040606555', 'P1813068577', 'B77149', 20801107140655, 'key');
INSERT INTO buildingEntranceRecord
VALUES ('BER1040829366', 'P366014681', 'B98521', 20050105134744, 'key');
INSERT INTO buildingEntranceRecord
VALUES ('BER104554974', 'P524562498', 'B90673', 20550810061759, 'key');
INSERT INTO buildingEntranceRecord
VALUES ('BER1053770534', 'P1048852753', 'B94624', 20860219233045, 'key');
INSERT INTO buildingEntranceRecord
VALUES ('BER1062029361', 'P1176640738', 'B98976', 20400415191720, 'key');
INSERT INTO buildingEntranceRecord
VALUES ('BER1066575913', 'P1469020412', 'B82520', 20421216181012, 'card');
INSERT INTO buildingEntranceRecord
VALUES ('BER1066586153', 'P1217899580', 'B13071', 20540715231044, 'card');
INSERT INTO buildingEntranceRecord
VALUES ('BER1067471962', 'P783791828', 'B94624', 20450620111556, 'card');
INSERT INTO buildingEntranceRecord
VALUES ('BER1068195085', 'P189982987', 'B52740', 20920121052513, 'key');
INSERT INTO buildingEntranceRecord
VALUES ('BER1071573414', 'P222715119', 'B3469', 20900703152551, 'key');
INSERT INTO buildingEntranceRecord
VALUES ('BER1072174378', 'P2005086468', 'B56670', 20070210014847, 'key');
INSERT INTO buildingEntranceRecord
VALUES ('BER1078398063', 'P1864392511', 'B63632', 20430301124038, 'card');
INSERT INTO buildingEntranceRecord
VALUES ('BER108534756', 'P950733187', 'B28352', 20291021225148, 'key');
INSERT INTO buildingEntranceRecord
VALUES ('BER1088982950', 'P439635797', 'B59957', 20250313122730, 'card');
INSERT INTO buildingEntranceRecord
VALUES ('BER1091613716', 'P2087702062', 'B18705', 20090305012527, 'card');
INSERT INTO buildingEntranceRecord
VALUES ('BER1099194779', 'P1698651896', 'B17332', 20510101120208, 'key');
INSERT INTO buildingEntranceRecord
VALUES ('BER110038555', 'P53267498', 'B62727', 20880708201253, 'card');
INSERT INTO buildingEntranceRecord
VALUES ('BER1100975570', 'P1154940277', 'B25523', 20500924131003, 'key');
INSERT INTO buildingEntranceRecord
VALUES ('BER1104274798', 'P783264484', 'B30375', 20740626103509, 'card');
INSERT INTO buildingEntranceRecord
VALUES ('BER1105779257', 'P1657791970', 'B76754', 20741207072224, 'card');
INSERT INTO buildingEntranceRecord
VALUES ('BER1106433707', 'P810992222', 'B37414', 20500713055116, 'card');
INSERT INTO buildingEntranceRecord
VALUES ('BER1107966043', 'P738766009', 'B28352', 20250511110110, 'key');
INSERT INTO buildingEntranceRecord
VALUES ('BER1108415946', 'P94011198', 'B80300', 20400811220048, 'card');
INSERT INTO buildingEntranceRecord
VALUES ('BER1119999361', 'P1377721099', 'B48241', 20610412014322, 'key');
INSERT INTO buildingEntranceRecord
VALUES ('BER1122173414', 'P1567177872', 'B6722', 20650203013616, 'key');
INSERT INTO buildingEntranceRecord
VALUES ('BER1123180964', 'P1571601503', 'B19839', 20631003020239, 'key');
INSERT INTO buildingEntranceRecord
VALUES ('BER1125269932', 'P102212384', 'B63632', 20120701014031, 'card');
INSERT INTO buildingEntranceRecord
VALUES ('BER1127951033', 'P2030891715', 'B39106', 20241206115852, 'key');
INSERT INTO buildingEntranceRecord
VALUES ('BER1135094372', 'P1393627648', 'B74845', 20351109175802, 'key');
INSERT INTO buildingEntranceRecord
VALUES ('BER1135114575', 'P1834751655', 'B94624', 20630324124745, 'card');
INSERT INTO buildingEntranceRecord
VALUES ('BER1136505356', 'P1571601503', 'B77825', 20960407095101, 'key');
INSERT INTO buildingEntranceRecord
VALUES ('BER1137567496', 'P1192472310', 'B19057', 20231026134950, 'key');
INSERT INTO buildingEntranceRecord
VALUES ('BER1137875679', 'P766801381', 'B51072', 20390912032147, 'key');
INSERT INTO buildingEntranceRecord
VALUES ('BER1140294089', 'P2054848461', 'B98976', 20300112013349, 'card');
INSERT INTO buildingEntranceRecord
VALUES ('BER1148141896', 'P405869623', 'B76866', 20121207100956, 'key');
INSERT INTO buildingEntranceRecord
VALUES ('BER1160381037', 'P2013816568', 'B14418', 20450416230423, 'key');
INSERT INTO buildingEntranceRecord
VALUES ('BER1164097690', 'P68402403', 'B28096', 20680619010203, 'key');
INSERT INTO buildingEntranceRecord
VALUES ('BER1165686775', 'P1837349956', 'B62914', 20341225085702, 'card');
INSERT INTO buildingEntranceRecord
VALUES ('BER1167181144', 'P2095842821', 'B82520', 20020819040129, 'card');
INSERT INTO buildingEntranceRecord
VALUES ('BER1170076647', 'P1311094699', 'B17332', 20650811195000, 'key');
INSERT INTO buildingEntranceRecord
VALUES ('BER1172148269', 'P497205666', 'B94624', 20430313205521, 'card');
INSERT INTO buildingEntranceRecord
VALUES ('BER1173043164', 'P142080214', 'B43028', 20990330095656, 'card');
INSERT INTO buildingEntranceRecord
VALUES ('BER1177320168', 'P676429100', 'B62914', 20120827152953, 'card');
INSERT INTO buildingEntranceRecord
VALUES ('BER1185568350', 'P2008546194', 'B19839', 20180407061254, 'card');
INSERT INTO buildingEntranceRecord
VALUES ('BER1190642199', 'P814599221', 'B18705', 20491130103746, 'card');
INSERT INTO buildingEntranceRecord
VALUES ('BER1209026354', 'P1837349956', 'B76866', 20830603161100, 'card');
INSERT INTO buildingEntranceRecord
VALUES ('BER1221102574', 'P1624482097', 'B22255', 20960113042311, 'key');
INSERT INTO buildingEntranceRecord
VALUES ('BER122317517', 'P1564720366', 'B98289', 20691019010636, 'card');
INSERT INTO buildingEntranceRecord
VALUES ('BER1225090452', 'P1416087812', 'B51560', 20760314165636, 'card');
INSERT INTO buildingEntranceRecord
VALUES ('BER1228317847', 'P223017629', 'B90673', 20771109124755, 'key');
INSERT INTO buildingEntranceRecord
VALUES ('BER1230267915', 'P898326588', 'B51560', 20550711204148, 'key');
INSERT INTO buildingEntranceRecord
VALUES ('BER1243580610', 'P1601685138', 'B55276', 20080202003431, 'card');
INSERT INTO buildingEntranceRecord
VALUES ('BER1246620827', 'P1970428846', 'B26466', 20920811190603, 'key');
INSERT INTO buildingEntranceRecord
VALUES ('BER1259088825', 'P1710999968', 'B17332', 20961230104929, 'key');
INSERT INTO buildingEntranceRecord
VALUES ('BER1261088740', 'P601047347', 'B25523', 20851223055550, 'card');
INSERT INTO buildingEntranceRecord
VALUES ('BER1262139817', 'P569061242', 'B62446', 20180917224913, 'key');
INSERT INTO buildingEntranceRecord
VALUES ('BER1264377433', 'P1081829518', 'B90673', 20121209112932, 'card');
INSERT INTO buildingEntranceRecord
VALUES ('BER1268513217', 'P170450200', 'B51560', 20151030162839, 'card');
INSERT INTO buildingEntranceRecord
VALUES ('BER1273036322', 'P35253775', 'B51560', 20980810195147, 'key');
INSERT INTO buildingEntranceRecord
VALUES ('BER1278853866', 'P548266714', 'B17332', 20650305111639, 'card');
INSERT INTO buildingEntranceRecord
VALUES ('BER1292493140', 'P181775419', 'B62446', 20570214182910, 'key');
INSERT INTO buildingEntranceRecord
VALUES ('BER1303492664', 'P611463152', 'B82520', 20610510010928, 'key');
INSERT INTO buildingEntranceRecord
VALUES ('BER1320520801', 'P1048852753', 'B19839', 20320606050300, 'key');
INSERT INTO buildingEntranceRecord
VALUES ('BER1327902548', 'P915493383', 'B18705', 20410224080802, 'card');
INSERT INTO buildingEntranceRecord
VALUES ('BER1329091113', 'P1914268922', 'B77825', 20540519020149, 'key');
INSERT INTO buildingEntranceRecord
VALUES ('BER1329734855', 'P1861525866', 'B87109', 20560721205216, 'key');
INSERT INTO buildingEntranceRecord
VALUES ('BER1332615734', 'P248909', 'B39944', 20080301230215, 'card');
INSERT INTO buildingEntranceRecord
VALUES ('BER133616097', 'P1615094499', 'B55276', 20710822050603, 'key');
INSERT INTO buildingEntranceRecord
VALUES ('BER1340008582', 'P1078536393', 'B55276', 20960514091657, 'key');
INSERT INTO buildingEntranceRecord
VALUES ('BER1342489900', 'P1462051302', 'B30375', 20990320102258, 'card');
INSERT INTO buildingEntranceRecord
VALUES ('BER1350359735', 'P1434429489', 'B39944', 20470406114539, 'key');
INSERT INTO buildingEntranceRecord
VALUES ('BER1361410613', 'P248909', 'B43028', 20150620120002, 'key');
INSERT INTO buildingEntranceRecord
VALUES ('BER1367498992', 'P662970262', 'B98976', 20851202031833, 'card');
INSERT INTO buildingEntranceRecord
VALUES ('BER1368686108', 'P610754953', 'B39944', 20840720203941, 'key');
INSERT INTO buildingEntranceRecord
VALUES ('BER1370296510', 'P239292440', 'B19839', 20900327145145, 'card');
INSERT INTO buildingEntranceRecord
VALUES ('BER1375192214', 'P1418380810', 'B76866', 20570424230907, 'key');
INSERT INTO buildingEntranceRecord
VALUES ('BER1377302438', 'P248909', 'B66021', 20550522185902, 'key');
INSERT INTO buildingEntranceRecord
VALUES ('BER138165848', 'P2066104474', 'B80300', 20050511033834, 'key');
INSERT INTO buildingEntranceRecord
VALUES ('BER1382064388', 'P237605436', 'B18705', 20290316231125, 'key');
INSERT INTO buildingEntranceRecord
VALUES ('BER1382710361', 'P1837349956', 'B25523', 20140322040840, 'key');
INSERT INTO buildingEntranceRecord
VALUES ('BER1385074895', 'P133293029', 'B56670', 20491018093750, 'key');
INSERT INTO buildingEntranceRecord
VALUES ('BER1392547089', 'P1624482097', 'B39106', 20490528071747, 'card');
INSERT INTO buildingEntranceRecord
VALUES ('BER1394233421', 'P1799640228', 'B59957', 20260327123857, 'card');
INSERT INTO buildingEntranceRecord
VALUES ('BER1397991786', 'P173478313', 'B94593', 20740323153103, 'key');
INSERT INTO buildingEntranceRecord
VALUES ('BER1398581598', 'P1532179767', 'B98976', 20190216075020, 'key');
INSERT INTO buildingEntranceRecord
VALUES ('BER1407095978', 'P1919887159', 'B80300', 20610521164842, 'key');
INSERT INTO buildingEntranceRecord
VALUES ('BER1408064612', 'P133293029', 'B62446', 20150418131225, 'key');
INSERT INTO buildingEntranceRecord
VALUES ('BER1409631049', 'P2130533338', 'B98521', 20960518032557, 'card');
INSERT INTO buildingEntranceRecord
VALUES ('BER1411247860', 'P850022277', 'B54807', 20410111182712, 'key');
INSERT INTO buildingEntranceRecord
VALUES ('BER1413141099', 'P1181333825', 'B54807', 20650316053232, 'key');
INSERT INTO buildingEntranceRecord
VALUES ('BER1413851660', 'P6072973', 'B39944', 20820912103816, 'card');
INSERT INTO buildingEntranceRecord
VALUES ('BER1414918748', 'P783791828', 'B19057', 20000908220746, 'card');
INSERT INTO buildingEntranceRecord
VALUES ('BER1415177180', 'P219213430', 'B98976', 20570911181644, 'key');
INSERT INTO buildingEntranceRecord
VALUES ('BER1415521745', 'P1078536393', 'B6722', 20580311013312, 'card');
INSERT INTO buildingEntranceRecord
VALUES ('BER1415990896', 'P299148893', 'B77825', 20490906132539, 'card');
INSERT INTO buildingEntranceRecord
VALUES ('BER1418005448', 'P173478313', 'B3469', 20730502153133, 'key');
INSERT INTO buildingEntranceRecord
VALUES ('BER1427905503', 'P810992222', 'B90673', 20250609143209, 'key');
INSERT INTO buildingEntranceRecord
VALUES ('BER1433873903', 'P1031731763', 'B6722', 20280128200418, 'card');
INSERT INTO buildingEntranceRecord
VALUES ('BER1436577888', 'P483260393', 'B3469', 20341217002134, 'key');
INSERT INTO buildingEntranceRecord
VALUES ('BER144395064', 'P178652697', 'B25523', 20590106145444, 'key');
INSERT INTO buildingEntranceRecord
VALUES ('BER1447752857', 'P87256909', 'B76754', 20920227154922, 'key');
INSERT INTO buildingEntranceRecord
VALUES ('BER1451775719', 'P299148893', 'B77149', 20391129075712, 'key');
INSERT INTO buildingEntranceRecord
VALUES ('BER145213018', 'P963503720', 'B14418', 20890206221529, 'key');
INSERT INTO buildingEntranceRecord
VALUES ('BER1452974405', 'P1233236829', 'B77149', 20921008210820, 'key');
INSERT INTO buildingEntranceRecord
VALUES ('BER1453479000', 'P652294335', 'B19057', 20650306041826, 'card');
INSERT INTO buildingEntranceRecord
VALUES ('BER1460046169', 'P720107427', 'B39106', 20270912160633, 'key');
INSERT INTO buildingEntranceRecord
VALUES ('BER146537658', 'P524562498', 'B74845', 20020828091958, 'key');
INSERT INTO buildingEntranceRecord
VALUES ('BER1479764903', 'P1364926106', 'B62727', 20640911053912, 'card');
INSERT INTO buildingEntranceRecord
VALUES ('BER1480884865', 'P848938225', 'B55277', 20300525124626, 'card');
INSERT INTO buildingEntranceRecord
VALUES ('BER1481108044', 'P2035929916', 'B25523', 20170420062930, 'key');
INSERT INTO buildingEntranceRecord
VALUES ('BER1486011860', 'P151463140', 'B98976', 20680627070937, 'key');
INSERT INTO buildingEntranceRecord
VALUES ('BER1486199775', 'P795552263', 'B98521', 20380411074751, 'card');
INSERT INTO buildingEntranceRecord
VALUES ('BER1493981584', 'P333543908', 'B6722', 20660918114550, 'card');
INSERT INTO buildingEntranceRecord
VALUES ('BER1496282723', 'P1953107476', 'B30375', 20130508144403, 'card');
INSERT INTO buildingEntranceRecord
VALUES ('BER1499943131', 'P1864392511', 'B63632', 20200223234347, 'key');
INSERT INTO buildingEntranceRecord
VALUES ('BER1501473735', 'P1816334788', 'B82520', 20221010163709, 'card');
INSERT INTO buildingEntranceRecord
VALUES ('BER1505723762', 'P1295634098', 'B77149', 20880801165035, 'card');
INSERT INTO buildingEntranceRecord
VALUES ('BER1506500341', 'P371614637', 'B14418', 20270122232036, 'card');
INSERT INTO buildingEntranceRecord
VALUES ('BER1508580947', 'P58648792', 'B94624', 20960103131908, 'card');
INSERT INTO buildingEntranceRecord
VALUES ('BER1512319159', 'P871470891', 'B51560', 20760506064301, 'card');
INSERT INTO buildingEntranceRecord
VALUES ('BER1521957209', 'P1190886194', 'B25523', 20650513205132, 'card');
INSERT INTO buildingEntranceRecord
VALUES ('BER1523387193', 'P1320924612', 'B80300', 20890822233604, 'key');
INSERT INTO buildingEntranceRecord
VALUES ('BER1524366749', 'P1035519671', 'B62914', 20900927100120, 'key');
INSERT INTO buildingEntranceRecord
VALUES ('BER1525111868', 'P1637192256', 'B38140', 20431106073831, 'card');
INSERT INTO buildingEntranceRecord
VALUES ('BER1525961874', 'P102212384', 'B62727', 20830126133451, 'card');
INSERT INTO buildingEntranceRecord
VALUES ('BER1527978320', 'P206574925', 'B30375', 20510816142107, 'card');
INSERT INTO buildingEntranceRecord
VALUES ('BER1528039747', 'P1056803612', 'B3469', 20711027231847, 'key');
INSERT INTO buildingEntranceRecord
VALUES ('BER1540107936', 'P1039211903', 'B98976', 20080914130023, 'card');
INSERT INTO buildingEntranceRecord
VALUES ('BER1546763826', 'P307750357', 'B74845', 20290813085003, 'card');
INSERT INTO buildingEntranceRecord
VALUES ('BER1548459666', 'P1224656458', 'B6722', 20300423045011, 'key');
INSERT INTO buildingEntranceRecord
VALUES ('BER1553130033', 'P1616390139', 'B80300', 20900601011814, 'key');
INSERT INTO buildingEntranceRecord
VALUES ('BER15626496', 'P691220985', 'B14418', 20570410223926, 'key');
INSERT INTO buildingEntranceRecord
VALUES ('BER1565331164', 'P299148893', 'B51072', 20730815044959, 'card');
INSERT INTO buildingEntranceRecord
VALUES ('BER1569413433', 'P1673350279', 'B55277', 20810415045844, 'card');
INSERT INTO buildingEntranceRecord
VALUES ('BER1570145739', 'P433580965', 'B51560', 20110911011001, 'card');
INSERT INTO buildingEntranceRecord
VALUES ('BER1588047211', 'P365827546', 'B18705', 20700817223016, 'key');
INSERT INTO buildingEntranceRecord
VALUES ('BER1591066857', 'P814599221', 'B48241', 20390302142514, 'key');
INSERT INTO buildingEntranceRecord
VALUES ('BER1591503844', 'P1143069583', 'B6722', 20081003124234, 'card');
INSERT INTO buildingEntranceRecord
VALUES ('BER1602340937', 'P439635797', 'B28096', 20090404061929, 'card');
INSERT INTO buildingEntranceRecord
VALUES ('BER1615174993', 'P1786122053', 'B98976', 20510929125457, 'key');
INSERT INTO buildingEntranceRecord
VALUES ('BER1620807733', 'P2017150561', 'B61327', 20400314162510, 'key');
INSERT INTO buildingEntranceRecord
VALUES ('BER1624477533', 'P236471825', 'B62727', 20340305055255, 'key');
INSERT INTO buildingEntranceRecord
VALUES ('BER1634292820', 'P1273379930', 'B55276', 20250131201103, 'card');
INSERT INTO buildingEntranceRecord
VALUES ('BER1634859562', 'P384801335', 'B54807', 20180531135819, 'card');
INSERT INTO buildingEntranceRecord
VALUES ('BER1636531684', 'P1303470662', 'B77149', 20770320082658, 'card');
INSERT INTO buildingEntranceRecord
VALUES ('BER1637222561', 'P781511211', 'B52740', 20701021124101, 'card');
INSERT INTO buildingEntranceRecord
VALUES ('BER1639613688', 'P2115125516', 'B22255', 20871005085427, 'card');
INSERT INTO buildingEntranceRecord
VALUES ('BER1640798720', 'P1525153041', 'B82520', 20820624040043, 'key');
INSERT INTO buildingEntranceRecord
VALUES ('BER1648012731', 'P1825654354', 'B62914', 20290104174756, 'card');
INSERT INTO buildingEntranceRecord
VALUES ('BER164923489', 'P2115125516', 'B74845', 20421122184819, 'key');
INSERT INTO buildingEntranceRecord
VALUES ('BER1657888552', 'P307750357', 'B55276', 20260521010232, 'card');
INSERT INTO buildingEntranceRecord
VALUES ('BER1659019436', 'P843114164', 'B77149', 20940609025646, 'card');
INSERT INTO buildingEntranceRecord
VALUES ('BER1661039799', 'P1314816305', 'B22056', 20210913194559, 'key');
INSERT INTO buildingEntranceRecord
VALUES ('BER166516410', 'P910845410', 'B62727', 20041012024649, 'key');
INSERT INTO buildingEntranceRecord
VALUES ('BER1670751642', 'P1970665427', 'B62727', 20420215183639, 'card');
INSERT INTO buildingEntranceRecord
VALUES ('BER1677558961', 'P467057660', 'B94593', 20901226094458, 'card');
INSERT INTO buildingEntranceRecord
VALUES ('BER1680277777', 'P1571601503', 'B55277', 20600111151526, 'key');
INSERT INTO buildingEntranceRecord
VALUES ('BER1680586686', 'P785361835', 'B30375', 20861215051309, 'key');
INSERT INTO buildingEntranceRecord
VALUES ('BER1680800916', 'P1646707806', 'B55277', 20531121070452, 'card');
INSERT INTO buildingEntranceRecord
VALUES ('BER1687034330', 'P1571190923', 'B62446', 20191109221303, 'card');
INSERT INTO buildingEntranceRecord
VALUES ('BER1687299115', 'P1601685138', 'B55277', 20410805192620, 'key');
INSERT INTO buildingEntranceRecord
VALUES ('BER1688569519', 'P841430272', 'B77149', 20241018080111, 'card');
INSERT INTO buildingEntranceRecord
VALUES ('BER1688622238', 'P1395161311', 'B39106', 20791008100106, 'card');
INSERT INTO buildingEntranceRecord
VALUES ('BER1690881668', 'P1694340229', 'B77149', 20570202065047, 'key');
INSERT INTO buildingEntranceRecord
VALUES ('BER1691385005', 'P711092231', 'B39944', 20100513035525, 'card');
INSERT INTO buildingEntranceRecord
VALUES ('BER1693617457', 'P1041616952', 'B39944', 20170115100105, 'key');
INSERT INTO buildingEntranceRecord
VALUES ('BER1697855510', 'P130948644', 'B87109', 20290517212214, 'key');
INSERT INTO buildingEntranceRecord
VALUES ('BER1701398572', 'P262081658', 'B48241', 20010625012015, 'card');
INSERT INTO buildingEntranceRecord
VALUES ('BER1703748689', 'P1799640228', 'B3469', 20320801122809, 'card');
INSERT INTO buildingEntranceRecord
VALUES ('BER1706287999', 'P238904226', 'B14418', 20240326080354, 'key');
INSERT INTO buildingEntranceRecord
VALUES ('BER170650380', 'P1078589272', 'B22255', 20051217135408, 'card');
INSERT INTO buildingEntranceRecord
VALUES ('BER1715653239', 'P1170654878', 'B62446', 20310108072841, 'card');
INSERT INTO buildingEntranceRecord
VALUES ('BER1717230486', 'P664558743', 'B77825', 20210908021306, 'card');
INSERT INTO buildingEntranceRecord
VALUES ('BER1727974616', 'P48542002', 'B22255', 20540116162957, 'key');
INSERT INTO buildingEntranceRecord
VALUES ('BER1737415977', 'P1514697612', 'B87109', 20730606002344, 'key');
INSERT INTO buildingEntranceRecord
VALUES ('BER173745816', 'P1816893493', 'B17332', 20760515055642, 'key');
INSERT INTO buildingEntranceRecord
VALUES ('BER175175302', 'P1188343740', 'B37414', 20610819155747, 'key');
INSERT INTO buildingEntranceRecord
VALUES ('BER1752401171', 'P1233236829', 'B59957', 20700914015949, 'card');
INSERT INTO buildingEntranceRecord
VALUES ('BER1753126884', 'P636858426', 'B98289', 20980703040905, 'key');
INSERT INTO buildingEntranceRecord
VALUES ('BER1754772116', 'P486775405', 'B55277', 20010726222701, 'card');
INSERT INTO buildingEntranceRecord
VALUES ('BER1761481834', 'P766801381', 'B43028', 20471030013032, 'key');
INSERT INTO buildingEntranceRecord
VALUES ('BER1764553918', 'P610754953', 'B54807', 20430708204805, 'card');
INSERT INTO buildingEntranceRecord
VALUES ('BER1773425724', 'P58648792', 'B38140', 20000723111331, 'key');
INSERT INTO buildingEntranceRecord
VALUES ('BER1790880110', 'P513686281', 'B59957', 20280609090500, 'card');
INSERT INTO buildingEntranceRecord
VALUES ('BER1791533777', 'P365827546', 'B6722', 20700711065542, 'card');
INSERT INTO buildingEntranceRecord
VALUES ('BER1793279602', 'P217884261', 'B94624', 20270430140318, 'key');
INSERT INTO buildingEntranceRecord
VALUES ('BER1805493237', 'P1315370054', 'B26466', 20780425102352, 'key');
INSERT INTO buildingEntranceRecord
VALUES ('BER1810074139', 'P142080214', 'B51072', 20360831181333, 'card');
INSERT INTO buildingEntranceRecord
VALUES ('BER182023165', 'P2087702062', 'B98976', 20191118070047, 'key');
INSERT INTO buildingEntranceRecord
VALUES ('BER1820238794', 'P1217899580', 'B3469', 20340525002435, 'key');
INSERT INTO buildingEntranceRecord
VALUES ('BER1823899004', 'P433580965', 'B51072', 20310718044311, 'card');
INSERT INTO buildingEntranceRecord
VALUES ('BER1824309165', 'P1459327924', 'B94624', 20280906090800, 'key');
INSERT INTO buildingEntranceRecord
VALUES ('BER1831474350', 'P676672518', 'B62446', 20330507175400, 'card');
INSERT INTO buildingEntranceRecord
VALUES ('BER1836408658', 'P658739811', 'B74845', 20551205185350, 'key');
INSERT INTO buildingEntranceRecord
VALUES ('BER1837388320', 'P1361641367', 'B77825', 20511005210836, 'card');
INSERT INTO buildingEntranceRecord
VALUES ('BER1840592006', 'P299148893', 'B6722', 20481121020506, 'card');
INSERT INTO buildingEntranceRecord
VALUES ('BER184129855', 'P1469970007', 'B77149', 20981222032802, 'card');
INSERT INTO buildingEntranceRecord
VALUES ('BER1842158544', 'P1393627648', 'B94624', 20070619111441, 'key');
INSERT INTO buildingEntranceRecord
VALUES ('BER1844591475', 'P1618099416', 'B77825', 20270523084941, 'card');
INSERT INTO buildingEntranceRecord
VALUES ('BER1846197598', 'P502794024', 'B74845', 20440830084534, 'card');
INSERT INTO buildingEntranceRecord
VALUES ('BER184649065', 'P963503720', 'B6722', 20890628031547, 'key');
INSERT INTO buildingEntranceRecord
VALUES ('BER1847811761', 'P1826242231', 'B30375', 20921223090744, 'card');
INSERT INTO buildingEntranceRecord
VALUES ('BER1848859243', 'P1618099416', 'B62727', 20630812094654, 'card');
INSERT INTO buildingEntranceRecord
VALUES ('BER1851298025', 'P542592078', 'B39944', 20881009190840, 'key');
INSERT INTO buildingEntranceRecord
VALUES ('BER1852638901', 'P2013816568', 'B3469', 20961220015611, 'card');
INSERT INTO buildingEntranceRecord
VALUES ('BER1854555428', 'P901532951', 'B39106', 20270507111610, 'key');
INSERT INTO buildingEntranceRecord
VALUES ('BER1864768816', 'P1698651896', 'B22255', 20270121045211, 'key');
INSERT INTO buildingEntranceRecord
VALUES ('BER1873650344', 'P217884261', 'B98289', 20830902232523, 'key');
INSERT INTO buildingEntranceRecord
VALUES ('BER1880342461', 'P2122596289', 'B19057', 20881007221927, 'card');
INSERT INTO buildingEntranceRecord
VALUES ('BER188728248', 'P95742107', 'B90673', 20370623145003, 'card');
INSERT INTO buildingEntranceRecord
VALUES ('BER1888615647', 'P1883363067', 'B98289', 20460129144223, 'key');
INSERT INTO buildingEntranceRecord
VALUES ('BER18918379', 'P1813068577', 'B54807', 20920823053838, 'card');
INSERT INTO buildingEntranceRecord
VALUES ('BER1893177823', 'P510910505', 'B98289', 20400215190345, 'key');
INSERT INTO buildingEntranceRecord
VALUES ('BER1896015893', 'P972792497', 'B25523', 20810614163020, 'card');
INSERT INTO buildingEntranceRecord
VALUES ('BER1897094309', 'P783791828', 'B98289', 20770621041030, 'card');
INSERT INTO buildingEntranceRecord
VALUES ('BER1898316301', 'P875181759', 'B19839', 20620104062321, 'key');
INSERT INTO buildingEntranceRecord
VALUES ('BER1902851471', 'P193473934', 'B98521', 20731001200229, 'card');
INSERT INTO buildingEntranceRecord
VALUES ('BER190354884', 'P1643618810', 'B54807', 20280608033752, 'key');
INSERT INTO buildingEntranceRecord
VALUES ('BER1903830027', 'P1830605180', 'B56670', 20930817023137, 'key');
INSERT INTO buildingEntranceRecord
VALUES ('BER1905222436', 'P1273379930', 'B82520', 20441201045401, 'card');
INSERT INTO buildingEntranceRecord
VALUES ('BER191212418', 'P1464672282', 'B14418', 20740802204946, 'card');
INSERT INTO buildingEntranceRecord
VALUES ('BER191319538', 'P1190886194', 'B19057', 20940525035829, 'key');
INSERT INTO buildingEntranceRecord
VALUES ('BER191504675', 'P1418380810', 'B98289', 20190905081232, 'card');
INSERT INTO buildingEntranceRecord
VALUES ('BER1915506258', 'P1372459001', 'B22255', 20870303111246, 'card');
INSERT INTO buildingEntranceRecord
VALUES ('BER1937397553', 'P238104506', 'B87109', 20320201100014, 'key');
INSERT INTO buildingEntranceRecord
VALUES ('BER1937943871', 'P731481688', 'B61327', 20861021070210, 'card');
INSERT INTO buildingEntranceRecord
VALUES ('BER193880347', 'P1883363067', 'B98521', 20750919205329, 'card');
INSERT INTO buildingEntranceRecord
VALUES ('BER194653396', 'P731481688', 'B14418', 20450823051020, 'key');
INSERT INTO buildingEntranceRecord
VALUES ('BER1947274727', 'P206870410', 'B80300', 20300421080524, 'key');
INSERT INTO buildingEntranceRecord
VALUES ('BER1954040514', 'P439635797', 'B26466', 20960617133628, 'key');
INSERT INTO buildingEntranceRecord
VALUES ('BER195556409', 'P2115125516', 'B62727', 20780423103134, 'key');
INSERT INTO buildingEntranceRecord
VALUES ('BER1955974440', 'P1797279169', 'B98289', 20270302064626, 'key');
INSERT INTO buildingEntranceRecord
VALUES ('BER195872978', 'P260715509', 'B38140', 20180822090942, 'key');
INSERT INTO buildingEntranceRecord
VALUES ('BER1960339492', 'P735436076', 'B90673', 20210104221246, 'key');
INSERT INTO buildingEntranceRecord
VALUES ('BER1964179131', 'P2124033953', 'B19057', 20300913150818, 'card');
INSERT INTO buildingEntranceRecord
VALUES ('BER1964849547', 'P1970665427', 'B55276', 20290125111527, 'card');
INSERT INTO buildingEntranceRecord
VALUES ('BER1974162569', 'P1832098684', 'B39944', 20680106191511, 'key');
INSERT INTO buildingEntranceRecord
VALUES ('BER1976558093', 'P1151944769', 'B52740', 20360227032454, 'key');
INSERT INTO buildingEntranceRecord
VALUES ('BER1976759465', 'P365827546', 'B56670', 20570523021554, 'card');
INSERT INTO buildingEntranceRecord
VALUES ('BER1985011075', 'P237605436', 'B98521', 20981202055718, 'key');
INSERT INTO buildingEntranceRecord
VALUES ('BER1994538733', 'P1546919349', 'B87109', 20560610031216, 'key');
INSERT INTO buildingEntranceRecord
VALUES ('BER2001224305', 'P536227024', 'B39106', 20900613154557, 'key');
INSERT INTO buildingEntranceRecord
VALUES ('BER2013034', 'P1767571610', 'B62727', 20840913192534, 'key');
INSERT INTO buildingEntranceRecord
VALUES ('BER2015746039', 'P1340435365', 'B59957', 20230315013157, 'key');
INSERT INTO buildingEntranceRecord
VALUES ('BER2017713537', 'P2044103935', 'B77825', 20060428124043, 'card');
INSERT INTO buildingEntranceRecord
VALUES ('BER202024237', 'P1362575169', 'B6722', 20991018100056, 'key');
INSERT INTO buildingEntranceRecord
VALUES ('BER2021382485', 'P1522445095', 'B61327', 20731107095740, 'card');
INSERT INTO buildingEntranceRecord
VALUES ('BER2021747808', 'P1041616952', 'B38140', 20171231190012, 'key');
INSERT INTO buildingEntranceRecord
VALUES ('BER2022828439', 'P1832098684', 'B77825', 20470530100645, 'key');
INSERT INTO buildingEntranceRecord
VALUES ('BER202700954', 'P810992222', 'B54807', 20521222030116, 'key');
INSERT INTO buildingEntranceRecord
VALUES ('BER2029146222', 'P1618099416', 'B56670', 20271205045628, 'key');
INSERT INTO buildingEntranceRecord
VALUES ('BER2033385552', 'P1083933649', 'B66021', 20760528091921, 'key');
INSERT INTO buildingEntranceRecord
VALUES ('BER2038608995', 'P1775174744', 'B22056', 20850215210740, 'card');
INSERT INTO buildingEntranceRecord
VALUES ('BER204315844', 'P2083217813', 'B55276', 20321119181417, 'card');
INSERT INTO buildingEntranceRecord
VALUES ('BER2043940972', 'P1726843855', 'B61327', 20830920151909, 'card');
INSERT INTO buildingEntranceRecord
VALUES ('BER2045158509', 'P610754953', 'B14418', 20660405160040, 'card');
INSERT INTO buildingEntranceRecord
VALUES ('BER2052495443', 'P711092231', 'B43028', 20980303011903, 'key');
INSERT INTO buildingEntranceRecord
VALUES ('BER2052809271', 'P1154940277', 'B77825', 20030121013003, 'key');
INSERT INTO buildingEntranceRecord
VALUES ('BER2053374558', 'P676757985', 'B43028', 20171226182235, 'card');
INSERT INTO buildingEntranceRecord
VALUES ('BER2055603229', 'P911039000', 'B38140', 20271108172412, 'card');
INSERT INTO buildingEntranceRecord
VALUES ('BER2056923744', 'P1396032798', 'B22056', 20841030122900, 'card');
INSERT INTO buildingEntranceRecord
VALUES ('BER2079143068', 'P53267498', 'B43028', 20971029230454, 'key');
INSERT INTO buildingEntranceRecord
VALUES ('BER2081213610', 'P1645724241', 'B77149', 20611018193233, 'card');
INSERT INTO buildingEntranceRecord
VALUES ('BER2087922900', 'P930492468', 'B51560', 20590705114913, 'card');
INSERT INTO buildingEntranceRecord
VALUES ('BER2089146048', 'P1645724241', 'B55277', 20491026141950, 'key');
INSERT INTO buildingEntranceRecord
VALUES ('BER2092194042', 'P1879905131', 'B82520', 20590116111540, 'key');
INSERT INTO buildingEntranceRecord
VALUES ('BER2092305082', 'P1712153524', 'B61327', 20930510122104, 'card');
INSERT INTO buildingEntranceRecord
VALUES ('BER2097318725', 'P1274957017', 'B55276', 20250911143926, 'key');
INSERT INTO buildingEntranceRecord
VALUES ('BER2102254102', 'P1161803192', 'B26466', 20850724125613, 'card');
INSERT INTO buildingEntranceRecord
VALUES ('BER210374255', 'P1617738621', 'B22056', 20131221004654, 'key');
INSERT INTO buildingEntranceRecord
VALUES ('BER2118704324', 'P13269296', 'B28096', 20390601040454, 'card');
INSERT INTO buildingEntranceRecord
VALUES ('BER2119835949', 'P1347920284', 'B39106', 20531204153413, 'key');
INSERT INTO buildingEntranceRecord
VALUES ('BER211988204', 'P207322528', 'B39944', 20411219092235, 'card');
INSERT INTO buildingEntranceRecord
VALUES ('BER2121763226', 'P2072573633', 'B62727', 20340711161645, 'key');
INSERT INTO buildingEntranceRecord
VALUES ('BER2138351663', 'P977375809', 'B87109', 20350910221416, 'card');
INSERT INTO buildingEntranceRecord
VALUES ('BER2138877303', 'P1571190923', 'B55276', 20840325131326, 'key');
INSERT INTO buildingEntranceRecord
VALUES ('BER2140239508', 'P133293029', 'B38140', 20290407220859, 'card');
INSERT INTO buildingEntranceRecord
VALUES ('BER2142251168', 'P850022277', 'B56670', 20761031132744, 'card');
INSERT INTO buildingEntranceRecord
VALUES ('BER216741719', 'P1064866490', 'B38140', 20270905020804, 'key');
INSERT INTO buildingEntranceRecord
VALUES ('BER217462212', 'P1872781656', 'B18705', 20741123152916, 'key');
INSERT INTO buildingEntranceRecord
VALUES ('BER22019328', 'P1612048272', 'B76866', 20641025013448, 'key');
INSERT INTO buildingEntranceRecord
VALUES ('BER220931463', 'P1913641734', 'B61327', 20620421161458, 'key');
INSERT INTO buildingEntranceRecord
VALUES ('BER224094885', 'P413212916', 'B51072', 20220214194747, 'card');
INSERT INTO buildingEntranceRecord
VALUES ('BER231026785', 'P1151944769', 'B55276', 20001209065118, 'key');
INSERT INTO buildingEntranceRecord
VALUES ('BER233670584', 'P194740379', 'B55277', 20460501224854, 'key');
INSERT INTO buildingEntranceRecord
VALUES ('BER241007514', 'P594812854', 'B76866', 20960324123122, 'card');
INSERT INTO buildingEntranceRecord
VALUES ('BER249705352', 'P1832098684', 'B17332', 20401119090404, 'key');
INSERT INTO buildingEntranceRecord
VALUES ('BER251951066', 'P2072627185', 'B28352', 20840621153031, 'key');
INSERT INTO buildingEntranceRecord
VALUES ('BER252856623', 'P940430177', 'B76754', 20970216010643, 'key');
INSERT INTO buildingEntranceRecord
VALUES ('BER253309977', 'P1589804737', 'B52740', 20400430171431, 'key');
INSERT INTO buildingEntranceRecord
VALUES ('BER255430100', 'P580630862', 'B19839', 20570826140913, 'card');
INSERT INTO buildingEntranceRecord
VALUES ('BER27198256', 'P82383332', 'B22255', 20150524031842, 'card');
INSERT INTO buildingEntranceRecord
VALUES ('BER274910928', 'P805000401', 'B43028', 20610407092911, 'card');
INSERT INTO buildingEntranceRecord
VALUES ('BER282965540', 'P621069134', 'B18705', 20930125101645, 'key');
INSERT INTO buildingEntranceRecord
VALUES ('BER285312019', 'P1712153524', 'B77149', 20850907051042, 'key');
INSERT INTO buildingEntranceRecord
VALUES ('BER290275679', 'P1546919349', 'B94624', 20690103015740, 'key');
INSERT INTO buildingEntranceRecord
VALUES ('BER29823994', 'P1385663405', 'B37414', 20210331204033, 'card');
INSERT INTO buildingEntranceRecord
VALUES ('BER303639892', 'P626938485', 'B98521', 20710624025034, 'key');
INSERT INTO buildingEntranceRecord
VALUES ('BER305740118', 'P1643618810', 'B98521', 20591211184015, 'key');
INSERT INTO buildingEntranceRecord
VALUES ('BER308528301', 'P302254495', 'B28352', 20150812081830, 'card');
INSERT INTO buildingEntranceRecord
VALUES ('BER31395169', 'P783264484', 'B55277', 20120528183001, 'key');
INSERT INTO buildingEntranceRecord
VALUES ('BER326793549', 'P1462051302', 'B61327', 20560313180123, 'card');
INSERT INTO buildingEntranceRecord
VALUES ('BER327909807', 'P1317816758', 'B51072', 20251018101314, 'key');
INSERT INTO buildingEntranceRecord
VALUES ('BER330058937', 'P1665256347', 'B82520', 20881004090725, 'key');
INSERT INTO buildingEntranceRecord
VALUES ('BER338613888', 'P1317816758', 'B19057', 20010717032322, 'key');
INSERT INTO buildingEntranceRecord
VALUES ('BER350293958', 'P882945529', 'B94624', 20501007050048, 'card');
INSERT INTO buildingEntranceRecord
VALUES ('BER353037385', 'P978919883', 'B90673', 20611226084247, 'card');
INSERT INTO buildingEntranceRecord
VALUES ('BER355806881', 'P450032931', 'B3469', 20161109233108, 'key');
INSERT INTO buildingEntranceRecord
VALUES ('BER357266925', 'P895321080', 'B38140', 20261107015746, 'card');
INSERT INTO buildingEntranceRecord
VALUES ('BER36248223', 'P1879905131', 'B22056', 20791204110445, 'key');
INSERT INTO buildingEntranceRecord
VALUES ('BER367548717', 'P613698019', 'B76866', 20190909020202, 'card');
INSERT INTO buildingEntranceRecord
VALUES ('BER372488112', 'P990577804', 'B76754', 20801017175027, 'card');
INSERT INTO buildingEntranceRecord
VALUES ('BER382744804', 'P1251252662', 'B98521', 20071230232240, 'key');
INSERT INTO buildingEntranceRecord
VALUES ('BER397212387', 'P1560295491', 'B98289', 20440805182023, 'key');
INSERT INTO buildingEntranceRecord
VALUES ('BER399206560', 'P94956377', 'B51072', 20021015101307, 'key');
INSERT INTO buildingEntranceRecord
VALUES ('BER400608814', 'P1251613346', 'B51072', 20570717204536, 'card');
INSERT INTO buildingEntranceRecord
VALUES ('BER405920395', 'P1617775630', 'B90673', 20120212020218, 'card');
INSERT INTO buildingEntranceRecord
VALUES ('BER41502816', 'P814599221', 'B39944', 20791111155657, 'key');
INSERT INTO buildingEntranceRecord
VALUES ('BER420028433', 'P1863194491', 'B28096', 20900526102327, 'card');
INSERT INTO buildingEntranceRecord
VALUES ('BER420656064', 'P785361835', 'B94624', 20850812065443, 'key');
INSERT INTO buildingEntranceRecord
VALUES ('BER421782137', 'P1056803612', 'B82520', 20970321114900, 'key');
INSERT INTO buildingEntranceRecord
VALUES ('BER423728129', 'P1191275887', 'B13071', 20940320145707, 'key');
INSERT INTO buildingEntranceRecord
VALUES ('BER429365475', 'P1705740847', 'B51072', 20050705213218, 'key');
INSERT INTO buildingEntranceRecord
VALUES ('BER434573818', 'P1958934486', 'B30375', 20490707060831, 'card');
INSERT INTO buildingEntranceRecord
VALUES ('BER437707353', 'P856678785', 'B62727', 20291106050032, 'card');
INSERT INTO buildingEntranceRecord
VALUES ('BER438429309', 'P1665256347', 'B76866', 20921115051717, 'card');
INSERT INTO buildingEntranceRecord
VALUES ('BER438849152', 'P1161803192', 'B90673', 20540423035919, 'card');
INSERT INTO buildingEntranceRecord
VALUES ('BER439806077', 'P1128112195', 'B90673', 20370629090927, 'card');
INSERT INTO buildingEntranceRecord
VALUES ('BER439975452', 'P1722508607', 'B37414', 20450410232855, 'card');
INSERT INTO buildingEntranceRecord
VALUES ('BER444635802', 'P1362575169', 'B48241', 20650919081403, 'card');
INSERT INTO buildingEntranceRecord
VALUES ('BER446864007', 'P193473934', 'B80300', 20390529175806, 'key');
INSERT INTO buildingEntranceRecord
VALUES ('BER450301724', 'P1646707806', 'B87109', 20070608001525, 'key');
INSERT INTO buildingEntranceRecord
VALUES ('BER459129556', 'P911039000', 'B98521', 20751213204249, 'key');
INSERT INTO buildingEntranceRecord
VALUES ('BER46797024', 'P1141866383', 'B66021', 20700626101731, 'card');
INSERT INTO buildingEntranceRecord
VALUES ('BER470110829', 'P207322528', 'B66021', 20141206132536, 'key');
INSERT INTO buildingEntranceRecord
VALUES ('BER477095912', 'P1364926106', 'B52740', 20380323014944, 'card');
INSERT INTO buildingEntranceRecord
VALUES ('BER48857812', 'P972792497', 'B43028', 20061020083713, 'key');
INSERT INTO buildingEntranceRecord
VALUES ('BER488703240', 'P330342919', 'B39944', 20780116125009, 'card');
INSERT INTO buildingEntranceRecord
VALUES ('BER492867379', 'P1462051302', 'B63632', 20780812231743, 'card');
INSERT INTO buildingEntranceRecord
VALUES ('BER496551525', 'P2050612820', 'B77149', 20730818170556, 'key');
INSERT INTO buildingEntranceRecord
VALUES ('BER499489069', 'P580630862', 'B76754', 20550110094107, 'card');
INSERT INTO buildingEntranceRecord
VALUES ('BER49996031', 'P109008312', 'B38140', 20150422064148, 'card');
INSERT INTO buildingEntranceRecord
VALUES ('BER508491261', 'P536227024', 'B51560', 20440526051915, 'card');
INSERT INTO buildingEntranceRecord
VALUES ('BER514414234', 'P2083217813', 'B37414', 20530907051703, 'key');
INSERT INTO buildingEntranceRecord
VALUES ('BER51814083', 'P1612048272', 'B55276', 20880809164147, 'key');
INSERT INTO buildingEntranceRecord
VALUES ('BER519505356', 'P1041616952', 'B51072', 20531023191138, 'key');
INSERT INTO buildingEntranceRecord
VALUES ('BER521178053', 'P1393627648', 'B77825', 20080826030252, 'card');
INSERT INTO buildingEntranceRecord
VALUES ('BER525616002', 'P1709326847', 'B87109', 20020912002249, 'card');
INSERT INTO buildingEntranceRecord
VALUES ('BER526538673', 'P1224656458', 'B28352', 20031031165151, 'key');
INSERT INTO buildingEntranceRecord
VALUES ('BER532573639', 'P133293029', 'B56670', 20590821213929, 'card');
INSERT INTO buildingEntranceRecord
VALUES ('BER538567566', 'P1797279169', 'B61327', 20210405143730, 'card');
INSERT INTO buildingEntranceRecord
VALUES ('BER541888793', 'P1364926106', 'B43028', 20790209233514, 'card');
INSERT INTO buildingEntranceRecord
VALUES ('BER542661239', 'P1467614203', 'B82520', 20480401023427, 'key');
INSERT INTO buildingEntranceRecord
VALUES ('BER542890651', 'P1058531497', 'B98976', 20780601173206, 'key');
INSERT INTO buildingEntranceRecord
VALUES ('BER546392775', 'P985729350', 'B28096', 20350128072422, 'card');
INSERT INTO buildingEntranceRecord
VALUES ('BER55190506', 'P857288839', 'B82520', 20570425180136, 'key');
INSERT INTO buildingEntranceRecord
VALUES ('BER552041733', 'P1811462751', 'B80300', 20010718031848, 'key');
INSERT INTO buildingEntranceRecord
VALUES ('BER560365690', 'P841430272', 'B63632', 20871123102048, 'card');
INSERT INTO buildingEntranceRecord
VALUES ('BER56214106', 'P176345554', 'B51560', 20070719020408, 'key');
INSERT INTO buildingEntranceRecord
VALUES ('BER562548402', 'P1999444570', 'B39944', 20480720030627, 'card');
INSERT INTO buildingEntranceRecord
VALUES ('BER570213468', 'P1215578559', 'B76866', 20941209182740, 'card');
INSERT INTO buildingEntranceRecord
VALUES ('BER57201087', 'P594812854', 'B25523', 20260927024013, 'card');
INSERT INTO buildingEntranceRecord
VALUES ('BER574224202', 'P733831515', 'B90673', 20730102090809, 'key');
INSERT INTO buildingEntranceRecord
VALUES ('BER577755918', 'P1448292947', 'B62446', 20970830194338, 'key');
INSERT INTO buildingEntranceRecord
VALUES ('BER583294853', 'P13326302', 'B56670', 20560722193336, 'card');
INSERT INTO buildingEntranceRecord
VALUES ('BER587333608', 'P569061242', 'B76866', 20241010003154, 'key');
INSERT INTO buildingEntranceRecord
VALUES ('BER594293155', 'P284908002', 'B19057', 20451201131425, 'card');
INSERT INTO buildingEntranceRecord
VALUES ('BER595844453', 'P1758097365', 'B25523', 20381209202437, 'card');
INSERT INTO buildingEntranceRecord
VALUES ('BER598544407', 'P374272197', 'B87109', 20740209065547, 'card');
INSERT INTO buildingEntranceRecord
VALUES ('BER601791', 'P526379342', 'B98289', 20980715053747, 'card');
INSERT INTO buildingEntranceRecord
VALUES ('BER608027916', 'P1347920284', 'B22255', 20241107180823, 'card');
INSERT INTO buildingEntranceRecord
VALUES ('BER608577951', 'P139750196', 'B18705', 20000313055158, 'card');
INSERT INTO buildingEntranceRecord
VALUES ('BER613824772', 'P1767571610', 'B19057', 20150419011200, 'key');
INSERT INTO buildingEntranceRecord
VALUES ('BER614804826', 'P814599221', 'B98289', 20370112121654, 'card');
INSERT INTO buildingEntranceRecord
VALUES ('BER61509657', 'P1395161311', 'B98521', 20811027190346, 'key');
INSERT INTO buildingEntranceRecord
VALUES ('BER615663764', 'P1154073421', 'B19057', 20901204083356, 'card');
INSERT INTO buildingEntranceRecord
VALUES ('BER615888836', 'P1798600479', 'B26466', 20241222170554, 'key');
INSERT INTO buildingEntranceRecord
VALUES ('BER617187040', 'P1798600479', 'B66021', 20031217204611, 'card');
INSERT INTO buildingEntranceRecord
VALUES ('BER622315862', 'P915493383', 'B56670', 20201015052637, 'card');
INSERT INTO buildingEntranceRecord
VALUES ('BER629446839', 'P413212916', 'B55277', 20770414211350, 'key');
INSERT INTO buildingEntranceRecord
VALUES ('BER639125742', 'P248383922', 'B25523', 20711113233429, 'card');
INSERT INTO buildingEntranceRecord
VALUES ('BER641475610', 'P1190886194', 'B22056', 20110714133501, 'card');
INSERT INTO buildingEntranceRecord
VALUES ('BER641513338', 'P2098844379', 'B39944', 20201220125738, 'key');
INSERT INTO buildingEntranceRecord
VALUES ('BER643787147', 'P636858426', 'B82520', 20601203135948, 'card');
INSERT INTO buildingEntranceRecord
VALUES ('BER645805921', 'P2027850933', 'B48241', 20390104012151, 'key');
INSERT INTO buildingEntranceRecord
VALUES ('BER648658040', 'P510910505', 'B39106', 20310720151822, 'key');
INSERT INTO buildingEntranceRecord
VALUES ('BER653301227', 'P1467614203', 'B63632', 20600114001408, 'key');
INSERT INTO buildingEntranceRecord
VALUES ('BER654323706', 'P805000401', 'B82520', 20190712022422, 'card');
INSERT INTO buildingEntranceRecord
VALUES ('BER654656858', 'P611463152', 'B48241', 20180416080917, 'key');
INSERT INTO buildingEntranceRecord
VALUES ('BER662710771', 'P1115244300', 'B37414', 20041123075036, 'card');
INSERT INTO buildingEntranceRecord
VALUES ('BER665003506', 'P365827546', 'B59957', 20750513090050, 'key');
INSERT INTO buildingEntranceRecord
VALUES ('BER671103553', 'P1837349956', 'B87109', 20820903234929, 'key');
INSERT INTO buildingEntranceRecord
VALUES ('BER677762309', 'P895321080', 'B80300', 20200918204420, 'card');
INSERT INTO buildingEntranceRecord
VALUES ('BER678033696', 'P636260616', 'B30375', 20310209130247, 'card');
INSERT INTO buildingEntranceRecord
VALUES ('BER681704021', 'P1351059175', 'B59957', 20040927041050, 'key');
INSERT INTO buildingEntranceRecord
VALUES ('BER688014821', 'P1726843855', 'B59957', 20270620212451, 'card');
INSERT INTO buildingEntranceRecord
VALUES ('BER693052090', 'P1801068109', 'B37414', 20131002210236, 'key');
INSERT INTO buildingEntranceRecord
VALUES ('BER695116948', 'P254704281', 'B76754', 20300324133813, 'key');
INSERT INTO buildingEntranceRecord
VALUES ('BER698295565', 'P1078536393', 'B19057', 20140828231303, 'card');
INSERT INTO buildingEntranceRecord
VALUES ('BER700886224', 'P636260616', 'B26466', 20790322155509, 'card');
INSERT INTO buildingEntranceRecord
VALUES ('BER70717994', 'P176345554', 'B14418', 20220826023611, 'card');
INSERT INTO buildingEntranceRecord
VALUES ('BER7093356', 'P2087702062', 'B39106', 20790419154226, 'card');
INSERT INTO buildingEntranceRecord
VALUES ('BER711658412', 'P569061242', 'B80300', 20471221172150, 'card');
INSERT INTO buildingEntranceRecord
VALUES ('BER716566270', 'P548266714', 'B95553', 20820730130129, 'card');
INSERT INTO buildingEntranceRecord
VALUES ('BER721059604', 'P1292495890', 'B14418', 20671127210443, 'key');
INSERT INTO buildingEntranceRecord
VALUES ('BER72143944', 'P206870410', 'B95553', 20221003204710, 'card');
INSERT INTO buildingEntranceRecord
VALUES ('BER723584929', 'P598426117', 'B51072', 20240315160130, 'card');
INSERT INTO buildingEntranceRecord
VALUES ('BER724455607', 'P37508395', 'B95553', 20380528083634, 'card');
INSERT INTO buildingEntranceRecord
VALUES ('BER725740692', 'P1274957017', 'B98289', 20260708092058, 'key');
INSERT INTO buildingEntranceRecord
VALUES ('BER73143500', 'P1617775630', 'B13071', 20490410234824, 'card');
INSERT INTO buildingEntranceRecord
VALUES ('BER731729770', 'P934018149', 'B19839', 20850204074736, 'key');
INSERT INTO buildingEntranceRecord
VALUES ('BER737088047', 'P1953767958', 'B77149', 20190911221133, 'card');
INSERT INTO buildingEntranceRecord
VALUES ('BER7392822', 'P2083217813', 'B51560', 20460220054640, 'key');
INSERT INTO buildingEntranceRecord
VALUES ('BER743500934', 'P1564720366', 'B3469', 20841106104507, 'key');
INSERT INTO buildingEntranceRecord
VALUES ('BER751971686', 'P176345554', 'B62727', 20860103124536, 'card');
INSERT INTO buildingEntranceRecord
VALUES ('BER754581564', 'P189982987', 'B6722', 20860312124840, 'card');
INSERT INTO buildingEntranceRecord
VALUES ('BER755298210', 'P652805960', 'B76866', 20411015142955, 'key');
INSERT INTO buildingEntranceRecord
VALUES ('BER759392969', 'P871470891', 'B17332', 20970404222254, 'key');
INSERT INTO buildingEntranceRecord
VALUES ('BER770414176', 'P1416087812', 'B43028', 20350107063527, 'card');
INSERT INTO buildingEntranceRecord
VALUES ('BER774344354', 'P871470891', 'B87109', 20790804104708, 'card');
INSERT INTO buildingEntranceRecord
VALUES ('BER777612374', 'P1215578559', 'B18705', 20151002153751, 'key');
INSERT INTO buildingEntranceRecord
VALUES ('BER778687995', 'P1224656458', 'B77825', 20521120032713, 'key');
INSERT INTO buildingEntranceRecord
VALUES ('BER791510728', 'P1837349956', 'B55277', 20020713061038, 'card');
INSERT INTO buildingEntranceRecord
VALUES ('BER792735346', 'P243477031', 'B14418', 20391007030151, 'key');
INSERT INTO buildingEntranceRecord
VALUES ('BER793146194', 'P1943022309', 'B59957', 20100309061311, 'card');
INSERT INTO buildingEntranceRecord
VALUES ('BER797146582', 'P626938485', 'B76754', 20340914192806, 'card');
INSERT INTO buildingEntranceRecord
VALUES ('BER798928491', 'P1333862951', 'B3469', 20800926042436, 'card');
INSERT INTO buildingEntranceRecord
VALUES ('BER799051764', 'P68402403', 'B25523', 20531205205716, 'card');
INSERT INTO buildingEntranceRecord
VALUES ('BER800484405', 'P1434760319', 'B14418', 20561119192555, 'key');
INSERT INTO buildingEntranceRecord
VALUES ('BER814299530', 'P351478518', 'B98289', 20071130043324, 'key');
INSERT INTO buildingEntranceRecord
VALUES ('BER814493130', 'P510910505', 'B28096', 20980211204529, 'card');
INSERT INTO buildingEntranceRecord
VALUES ('BER830605326', 'P1128112195', 'B18705', 20680317013015, 'card');
INSERT INTO buildingEntranceRecord
VALUES ('BER832851557', 'P2035929916', 'B98976', 20920806203112, 'key');
INSERT INTO buildingEntranceRecord
VALUES ('BER839229217', 'P131430181', 'B56670', 20510128064018, 'card');
INSERT INTO buildingEntranceRecord
VALUES ('BER840033033', 'P1564720366', 'B55277', 20761127184235, 'key');
INSERT INTO buildingEntranceRecord
VALUES ('BER846962973', 'P1514697612', 'B63632', 20831223023456, 'card');
INSERT INTO buildingEntranceRecord
VALUES ('BER850126749', 'P911039000', 'B74845', 20040204043939, 'card');
INSERT INTO buildingEntranceRecord
VALUES ('BER853170992', 'P1315370054', 'B22255', 20690915071513, 'card');
INSERT INTO buildingEntranceRecord
VALUES ('BER854519572', 'P1260995634', 'B87109', 20550807074920, 'key');
INSERT INTO buildingEntranceRecord
VALUES ('BER85506336', 'P328902374', 'B62914', 20250224125136, 'key');
INSERT INTO buildingEntranceRecord
VALUES ('BER857092246', 'P267567645', 'B43028', 20700421173521, 'card');
INSERT INTO buildingEntranceRecord
VALUES ('BER85777155', 'P796577380', 'B43028', 20130324041504, 'card');
INSERT INTO buildingEntranceRecord
VALUES ('BER863231585', 'P1469020412', 'B98289', 20150215213424, 'card');
INSERT INTO buildingEntranceRecord
VALUES ('BER863810414', 'P627754074', 'B59957', 20681223124457, 'card');
INSERT INTO buildingEntranceRecord
VALUES ('BER863958616', 'P873598424', 'B30375', 20851103112754, 'key');
INSERT INTO buildingEntranceRecord
VALUES ('BER865816087', 'P170450200', 'B19839', 20921107123310, 'key');
INSERT INTO buildingEntranceRecord
VALUES ('BER866743696', 'P103269683', 'B38140', 20820107023446, 'key');
INSERT INTO buildingEntranceRecord
VALUES ('BER870815847', 'P1919887159', 'B55276', 20370227190732, 'card');
INSERT INTO buildingEntranceRecord
VALUES ('BER871566952', 'P1385663405', 'B77825', 20380622210228, 'card');
INSERT INTO buildingEntranceRecord
VALUES ('BER877690253', 'P2123460366', 'B28352', 20210210151824, 'key');
INSERT INTO buildingEntranceRecord
VALUES ('BER881225143', 'P426167180', 'B25523', 20120914120332, 'key');
INSERT INTO buildingEntranceRecord
VALUES ('BER884670302', 'P1617775630', 'B14418', 20961013110906, 'card');
INSERT INTO buildingEntranceRecord
VALUES ('BER885340322', 'P330342919', 'B98521', 20450904002229, 'key');
INSERT INTO buildingEntranceRecord
VALUES ('BER885869736', 'P872872285', 'B25523', 20680119213036, 'key');
INSERT INTO buildingEntranceRecord
VALUES ('BER886910209', 'P1078536393', 'B76754', 20920106031029, 'key');
INSERT INTO buildingEntranceRecord
VALUES ('BER888177407', 'P1138232830', 'B6722', 20390812065603, 'card');
INSERT INTO buildingEntranceRecord
VALUES ('BER888884649', 'P1328707418', 'B98976', 20581107021611, 'card');
INSERT INTO buildingEntranceRecord
VALUES ('BER895368282', 'P652826424', 'B51072', 20821222074630, 'key');
INSERT INTO buildingEntranceRecord
VALUES ('BER897863675', 'P869804494', 'B62446', 20570928092819, 'key');
INSERT INTO buildingEntranceRecord
VALUES ('BER898201973', 'P273247701', 'B3469', 20190208013742, 'card');
INSERT INTO buildingEntranceRecord
VALUES ('BER912669330', 'P781511211', 'B94624', 20130108173039, 'card');
INSERT INTO buildingEntranceRecord
VALUES ('BER914667170', 'P875181759', 'B95553', 20370701035306, 'card');
INSERT INTO buildingEntranceRecord
VALUES ('BER91505227', 'P1694340229', 'B28352', 20450420114044, 'key');
INSERT INTO buildingEntranceRecord
VALUES ('BER919033057', 'P238904226', 'B30375', 20120307192448, 'key');
INSERT INTO buildingEntranceRecord
VALUES ('BER920000286', 'P58648792', 'B63632', 20621224022554, 'key');
INSERT INTO buildingEntranceRecord
VALUES ('BER92008742', 'P1115244300', 'B80300', 20400216063706, 'card');
INSERT INTO buildingEntranceRecord
VALUES ('BER921204818', 'P1115244300', 'B87109', 20560314235508, 'key');
INSERT INTO buildingEntranceRecord
VALUES ('BER922032191', 'P879942296', 'B55276', 20461029195521, 'card');
INSERT INTO buildingEntranceRecord
VALUES ('BER922445901', 'P2088506914', 'B98976', 20300121224121, 'key');
INSERT INTO buildingEntranceRecord
VALUES ('BER922681380', 'P1837349956', 'B98521', 20350605040600, 'key');
INSERT INTO buildingEntranceRecord
VALUES ('BER922878296', 'P1616390139', 'B63632', 20881003214923, 'card');
INSERT INTO buildingEntranceRecord
VALUES ('BER925912694', 'P711092231', 'B98976', 20080705080030, 'card');
INSERT INTO buildingEntranceRecord
VALUES ('BER930027789', 'P1362575169', 'B74845', 20390525005847, 'key');
INSERT INTO buildingEntranceRecord
VALUES ('BER93144995', 'P1612048272', 'B51560', 20590802161228, 'key');
INSERT INTO buildingEntranceRecord
VALUES ('BER934660418', 'P978919883', 'B17332', 20201111063632, 'card');
INSERT INTO buildingEntranceRecord
VALUES ('BER935425838', 'P1826927005', 'B80300', 20280801093958, 'key');
INSERT INTO buildingEntranceRecord
VALUES ('BER936611254', 'P1372459001', 'B19839', 20561208114052, 'key');
INSERT INTO buildingEntranceRecord
VALUES ('BER94855234', 'P87256909', 'B14418', 20421001213201, 'card');
INSERT INTO buildingEntranceRecord
VALUES ('BER958813142', 'P15253171', 'B87109', 20311204215529, 'card');
INSERT INTO buildingEntranceRecord
VALUES ('BER962158416', 'P2044103935', 'B98289', 20780115043804, 'key');
INSERT INTO buildingEntranceRecord
VALUES ('BER969681564', 'P1615094499', 'B48241', 20951129075925, 'card');
INSERT INTO buildingEntranceRecord
VALUES ('BER970450550', 'P181775419', 'B19057', 20971231145054, 'card');
INSERT INTO buildingEntranceRecord
VALUES ('BER972181482', 'P405869623', 'B59957', 20130615045545, 'card');
INSERT INTO buildingEntranceRecord
VALUES ('BER973683061', 'P711092231', 'B55276', 20140117234955, 'card');
INSERT INTO buildingEntranceRecord
VALUES ('BER974992233', 'P582277581', 'B39106', 20140916054212, 'card');
INSERT INTO buildingEntranceRecord
VALUES ('BER977085629', 'P1314816305', 'B51560', 20350128215757, 'key');
INSERT INTO buildingEntranceRecord
VALUES ('BER979721071', 'P895321080', 'B66021', 20950821173744, 'key');
INSERT INTO buildingEntranceRecord
VALUES ('BER980902149', 'P963148872', 'B56670', 20121126053110, 'card');
INSERT INTO buildingEntranceRecord
VALUES ('BER986326029', 'P524562498', 'B90673', 20680706171455, 'card');
INSERT INTO buildingEntranceRecord
VALUES ('BER990219091', 'P795552263', 'B39944', 20210204190822, 'card');
INSERT INTO buildingEntranceRecord
VALUES ('BER992852612', 'P433580965', 'B28096', 20420411172445, 'key');
INSERT INTO buildingEntranceRecord
VALUES ('BER995068375', 'P1464672282', 'B18705', 20460424181759, 'key');
INSERT INTO buildingEntranceRecord
VALUES ('BER997093325', 'P439635797', 'B87109', 20250910105318, 'key');
INSERT INTO buildingEntranceRecord
VALUES ('BER998868367', 'P1464332492', 'B98289', 20760816094754, 'key');
INSERT INTO chargingItem
VALUES ('CI11353', '停车位租赁费');
INSERT INTO chargingItem
VALUES ('CI12645', '物业管理服务费');
INSERT INTO chargingItem
VALUES ('CI13161', '装修押金');
INSERT INTO chargingItem
VALUES ('CI14160', '装修垃圾清运费');
INSERT INTO chargingItem
VALUES ('CI15852', '停车位租赁费');
INSERT INTO chargingItem
VALUES ('CI18413', '停车位租赁费');
INSERT INTO chargingItem
VALUES ('CI18917', '装修垃圾清运费');
INSERT INTO chargingItem
VALUES ('CI19570', '装修管理服务费');
INSERT INTO chargingItem
VALUES ('CI22985', '停车位租赁费');
INSERT INTO chargingItem
VALUES ('CI25487', '物业管理服务费');
INSERT INTO chargingItem
VALUES ('CI2758', '门禁卡工本费');
INSERT INTO chargingItem
VALUES ('CI29748', '装修管理服务费');
INSERT INTO chargingItem
VALUES ('CI30167', '装修垃圾清运费');
INSERT INTO chargingItem
VALUES ('CI33503', '装修垃圾清运费');
INSERT INTO chargingItem
VALUES ('CI34082', '物业管理服务费');
INSERT INTO chargingItem
VALUES ('CI38588', '非机动车临时停放费');
INSERT INTO chargingItem
VALUES ('CI3864', '物业管理服务费');
INSERT INTO chargingItem
VALUES ('CI41652', '门禁卡工本费');
INSERT INTO chargingItem
VALUES ('CI431', '装修垃圾清运费');
INSERT INTO chargingItem
VALUES ('CI45711', '机动车临时停放费');
INSERT INTO chargingItem
VALUES ('CI49230', '装修管理服务费');
INSERT INTO chargingItem
VALUES ('CI54218', '非机动车临时停放费');
INSERT INTO chargingItem
VALUES ('CI54424', '非机动车临时停放费');
INSERT INTO chargingItem
VALUES ('CI57099', '机动车临时停放费');
INSERT INTO chargingItem
VALUES ('CI59016', '门禁卡工本费');
INSERT INTO chargingItem
VALUES ('CI59322', '机动车临时停放费');
INSERT INTO chargingItem
VALUES ('CI60630', '门禁卡工本费');
INSERT INTO chargingItem
VALUES ('CI61501', '门禁卡工本费');
INSERT INTO chargingItem
VALUES ('CI631', '物业管理服务费');
INSERT INTO chargingItem
VALUES ('CI64111', '机动车临时停放费');
INSERT INTO chargingItem
VALUES ('CI64893', '装修管理服务费');
INSERT INTO chargingItem
VALUES ('CI66594', '非机动车临时停放费');
INSERT INTO chargingItem
VALUES ('CI69256', '装修管理服务费');
INSERT INTO chargingItem
VALUES ('CI72835', '非机动车临时停放费');
INSERT INTO chargingItem
VALUES ('CI73271', '装修垃圾清运费');
INSERT INTO chargingItem
VALUES ('CI77139', '门禁卡工本费');
INSERT INTO chargingItem
VALUES ('CI78734', '门禁卡工本费');
INSERT INTO chargingItem
VALUES ('CI78813', '装修押金');
INSERT INTO chargingItem
VALUES ('CI79664', '装修管理服务费');
INSERT INTO chargingItem
VALUES ('CI8252', '装修垃圾清运费');
INSERT INTO chargingItem
VALUES ('CI8279', '停车位租赁费');
INSERT INTO chargingItem
VALUES ('CI83557', '停车位租赁费');
INSERT INTO chargingItem
VALUES ('CI85780', '机动车临时停放费');
INSERT INTO chargingItem
VALUES ('CI87568', '装修垃圾清运费');
INSERT INTO chargingItem
VALUES ('CI89750', '停车位租赁费');
INSERT INTO chargingItem
VALUES ('CI90277', '装修垃圾清运费');
INSERT INTO chargingItem
VALUES ('CI92585', '非机动车临时停放费');
INSERT INTO chargingItem
VALUES ('CI94729', '装修押金');
INSERT INTO chargingItem
VALUES ('CI97693', '非机动车临时停放费');
INSERT INTO chargingItem
VALUES ('CI99456', '装修押金');
INSERT INTO fee
VALUES ('FE1000672691', 'CI13161', 20460317, 20411205, 771);
INSERT INTO fee
VALUES ('FE100444972', 'CI59016', 20911116, 20270330, 499);
INSERT INTO fee
VALUES ('FE1005291379', 'CI79664', 20551102, 20070508, 701);
INSERT INTO fee
VALUES ('FE1014630138', 'CI87568', 20440315, 20640217, 709);
INSERT INTO fee
VALUES ('FE1016195230', 'CI38588', 20721214, 20451119, 273);
INSERT INTO fee
VALUES ('FE1025580783', 'CI22985', 20160420, 20041031, 867);
INSERT INTO fee
VALUES ('FE1025694507', 'CI59322', 20591011, 20710714, 769);
INSERT INTO fee
VALUES ('FE1028783368', 'CI12645', 20710706, 20511217, 481);
INSERT INTO fee
VALUES ('FE103955396', 'CI33503', 20260208, 20271002, 83);
INSERT INTO fee
VALUES ('FE1049029158', 'CI78813', 20071005, 20920517, 738);
INSERT INTO fee
VALUES ('FE1059516332', 'CI18413', 20600209, 20921222, 707);
INSERT INTO fee
VALUES ('FE1065865484', 'CI92585', 20470110, 20760820, 759);
INSERT INTO fee
VALUES ('FE1076367730', 'CI30167', 20150603, 20060611, 677);
INSERT INTO fee
VALUES ('FE1077863710', 'CI85780', 20750329, 20421013, 609);
INSERT INTO fee
VALUES ('FE1080805678', 'CI25487', 20550218, 20850228, 326);
INSERT INTO fee
VALUES ('FE10850000', 'CI18413', 20960930, 20440124, 918);
INSERT INTO fee
VALUES ('FE108847104', 'CI41652', 20071110, 20220801, 305);
INSERT INTO fee
VALUES ('FE1089841399', 'CI18413', 20320122, 20320325, 846);
INSERT INTO fee
VALUES ('FE1097755106', 'CI87568', 20460301, 20740325, 359);
INSERT INTO fee
VALUES ('FE1099864291', 'CI78813', 20260426, 20740323, 421);
INSERT INTO fee
VALUES ('FE1101132530', 'CI79664', 20840429, 20350509, 462);
INSERT INTO fee
VALUES ('FE110195782', 'CI41652', 20840524, 20830519, 968);
INSERT INTO fee
VALUES ('FE1106922362', 'CI89750', 20510403, 20811107, 137);
INSERT INTO fee
VALUES ('FE1117222684', 'CI79664', 20130927, 20061119, 542);
INSERT INTO fee
VALUES ('FE1120873075', 'CI99456', 20980722, 20841021, 240);
INSERT INTO fee
VALUES ('FE112793085', 'CI19570', 20481118, 20750316, 986);
INSERT INTO fee
VALUES ('FE1129408972', 'CI72835', 20071220, 20010505, 889);
INSERT INTO fee
VALUES ('FE1132867452', 'CI14160', 20090529, 20010127, 381);
INSERT INTO fee
VALUES ('FE1136930246', 'CI631', 20061225, 20571226, 962);
INSERT INTO fee
VALUES ('FE113729810', 'CI79664', 20150407, 20070823, 940);
INSERT INTO fee
VALUES ('FE1139069868', 'CI90277', 20240222, 20680218, 152);
INSERT INTO fee
VALUES ('FE1141770177', 'CI631', 20060711, 20230425, 793);
INSERT INTO fee
VALUES ('FE1142641659', 'CI30167', 20090128, 20881108, 396);
INSERT INTO fee
VALUES ('FE1143460543', 'CI92585', 20390418, 20490131, 761);
INSERT INTO fee
VALUES ('FE1143627935', 'CI41652', 20230414, 20640102, 884);
INSERT INTO fee
VALUES ('FE1144445430', 'CI22985', 20270829, 20441203, 487);
INSERT INTO fee
VALUES ('FE115048897', 'CI14160', 20450201, 20870923, 259);
INSERT INTO fee
VALUES ('FE1162858739', 'CI89750', 20421007, 20490910, 70);
INSERT INTO fee
VALUES ('FE1170739785', 'CI60630', 20610329, 20401206, 783);
INSERT INTO fee
VALUES ('FE1180725625', 'CI73271', 20440516, 20890824, 44);
INSERT INTO fee
VALUES ('FE1184450508', 'CI97693', 20760310, 20790414, 735);
INSERT INTO fee
VALUES ('FE1186544787', 'CI54424', 20041029, 20000118, 10);
INSERT INTO fee
VALUES ('FE1187024230', 'CI61501', 20000717, 20980215, 630);
INSERT INTO fee
VALUES ('FE1192736760', 'CI631', 20711205, 20090212, 260);
INSERT INTO fee
VALUES ('FE1196865285', 'CI38588', 20391211, 20750927, 391);
INSERT INTO fee
VALUES ('FE1201912019', 'CI30167', 20200321, 20680928, 624);
INSERT INTO fee
VALUES ('FE1203391538', 'CI59322', 20180818, 20571130, 654);
INSERT INTO fee
VALUES ('FE1205999307', 'CI18917', 20300416, 20440721, 401);
INSERT INTO fee
VALUES ('FE1215705528', 'CI8252', 20041112, 20731108, 38);
INSERT INTO fee
VALUES ('FE1220784692', 'CI18413', 20301126, 20840119, 302);
INSERT INTO fee
VALUES ('FE1231005277', 'CI8252', 20601117, 20600929, 253);
INSERT INTO fee
VALUES ('FE1232469059', 'CI99456', 20220505, 20080215, 128);
INSERT INTO fee
VALUES ('FE1236855225', 'CI431', 20750831, 20221230, 757);
INSERT INTO fee
VALUES ('FE1240371312', 'CI13161', 20440331, 20451108, 618);
INSERT INTO fee
VALUES ('FE1253977832', 'CI33503', 20600115, 20621119, 247);
INSERT INTO fee
VALUES ('FE1256581804', 'CI59016', 20760104, 20520423, 777);
INSERT INTO fee
VALUES ('FE1262973040', 'CI22985', 20060630, 20220108, 257);
INSERT INTO fee
VALUES ('FE1274135561', 'CI64893', 20410504, 20870106, 103);
INSERT INTO fee
VALUES ('FE1276338562', 'CI87568', 20280201, 20440916, 791);
INSERT INTO fee
VALUES ('FE1279692363', 'CI85780', 20730211, 20260313, 435);
INSERT INTO fee
VALUES ('FE1284289980', 'CI8279', 20520804, 20950526, 769);
INSERT INTO fee
VALUES ('FE1288181501', 'CI431', 20640901, 20960812, 259);
INSERT INTO fee
VALUES ('FE1288304963', 'CI60630', 20561213, 20901217, 37);
INSERT INTO fee
VALUES ('FE1296879355', 'CI18917', 20150702, 20630702, 371);
INSERT INTO fee
VALUES ('FE1300585707', 'CI85780', 20520622, 20821213, 965);
INSERT INTO fee
VALUES ('FE1304119651', 'CI64111', 20740427, 20090204, 60);
INSERT INTO fee
VALUES ('FE1308000946', 'CI22985', 20640628, 20450316, 15);
INSERT INTO fee
VALUES ('FE130932501', 'CI11353', 20470405, 20401110, 998);
INSERT INTO fee
VALUES ('FE1315965026', 'CI22985', 20490815, 20110406, 855);
INSERT INTO fee
VALUES ('FE1325830675', 'CI64893', 20870425, 20660326, 517);
INSERT INTO fee
VALUES ('FE1326013300', 'CI18917', 20420503, 20701117, 389);
INSERT INTO fee
VALUES ('FE1341019097', 'CI61501', 20780720, 20160511, 169);
INSERT INTO fee
VALUES ('FE1343576977', 'CI45711', 20441123, 20490822, 242);
INSERT INTO fee
VALUES ('FE1355164192', 'CI19570', 20520614, 20780530, 786);
INSERT INTO fee
VALUES ('FE1361477980', 'CI90277', 20430728, 20040802, 967);
INSERT INTO fee
VALUES ('FE1367515042', 'CI59322', 20291219, 20910916, 488);
INSERT INTO fee
VALUES ('FE1371223979', 'CI89750', 20691012, 20320714, 355);
INSERT INTO fee
VALUES ('FE137721670', 'CI99456', 20611215, 20550412, 290);
INSERT INTO fee
VALUES ('FE1377780313', 'CI83557', 20431021, 20690213, 737);
INSERT INTO fee
VALUES ('FE1378392681', 'CI97693', 20550902, 20300320, 539);
INSERT INTO fee
VALUES ('FE1389867642', 'CI11353', 20500714, 20100924, 365);
INSERT INTO fee
VALUES ('FE1394831449', 'CI64893', 20201123, 20940205, 329);
INSERT INTO fee
VALUES ('FE1395953290', 'CI83557', 20820823, 20560114, 924);
INSERT INTO fee
VALUES ('FE1396747892', 'CI54424', 20160414, 20790627, 143);
INSERT INTO fee
VALUES ('FE1397914880', 'CI69256', 20041230, 20601221, 831);
INSERT INTO fee
VALUES ('FE1402468657', 'CI78734', 20040617, 20920920, 577);
INSERT INTO fee
VALUES ('FE1403042441', 'CI54424', 20580525, 20790527, 25);
INSERT INTO fee
VALUES ('FE1403774352', 'CI61501', 20631213, 20590902, 969);
INSERT INTO fee
VALUES ('FE1407039517', 'CI57099', 20640906, 20820915, 197);
INSERT INTO fee
VALUES ('FE1411826953', 'CI73271', 20970314, 20330710, 259);
INSERT INTO fee
VALUES ('FE1412379429', 'CI13161', 20010816, 20150821, 125);
INSERT INTO fee
VALUES ('FE1414863523', 'CI59016', 20830103, 20361007, 514);
INSERT INTO fee
VALUES ('FE1414865978', 'CI73271', 20220419, 20690510, 996);
INSERT INTO fee
VALUES ('FE1415755515', 'CI94729', 20120130, 20221202, 412);
INSERT INTO fee
VALUES ('FE1418873055', 'CI59016', 20420609, 20880208, 862);
INSERT INTO fee
VALUES ('FE1432569450', 'CI79664', 20170205, 20310729, 937);
INSERT INTO fee
VALUES ('FE1439891226', 'CI94729', 20220221, 20490404, 320);
INSERT INTO fee
VALUES ('FE1442351189', 'CI64111', 20810504, 20350921, 738);
INSERT INTO fee
VALUES ('FE1447214506', 'CI25487', 20851112, 20111123, 67);
INSERT INTO fee
VALUES ('FE1451632862', 'CI69256', 20900829, 20880104, 556);
INSERT INTO fee
VALUES ('FE1455320700', 'CI85780', 20920701, 20890930, 971);
INSERT INTO fee
VALUES ('FE1458915917', 'CI15852', 20061007, 20650627, 47);
INSERT INTO fee
VALUES ('FE1461856672', 'CI97693', 20181121, 20971031, 974);
INSERT INTO fee
VALUES ('FE147002562', 'CI8279', 20210320, 20400426, 571);
INSERT INTO fee
VALUES ('FE1471264448', 'CI3864', 20600313, 20310308, 677);
INSERT INTO fee
VALUES ('FE1472810447', 'CI29748', 20181122, 20760214, 995);
INSERT INTO fee
VALUES ('FE1474344243', 'CI59322', 20290621, 20160715, 903);
INSERT INTO fee
VALUES ('FE1482106845', 'CI2758', 20660110, 20510201, 664);
INSERT INTO fee
VALUES ('FE1491453662', 'CI64111', 20511106, 20261207, 857);
INSERT INTO fee
VALUES ('FE1499437439', 'CI15852', 20940319, 20871207, 888);
INSERT INTO fee
VALUES ('FE1502213089', 'CI2758', 20310928, 20881009, 741);
INSERT INTO fee
VALUES ('FE1512713390', 'CI73271', 20160727, 20471101, 484);
INSERT INTO fee
VALUES ('FE1514399096', 'CI29748', 20611114, 20330306, 965);
INSERT INTO fee
VALUES ('FE1520944397', 'CI87568', 20001201, 20260922, 946);
INSERT INTO fee
VALUES ('FE1527476400', 'CI41652', 20600422, 20270118, 577);
INSERT INTO fee
VALUES ('FE1528424231', 'CI54218', 20680213, 20840114, 402);
INSERT INTO fee
VALUES ('FE1528767571', 'CI631', 20921115, 20510906, 593);
INSERT INTO fee
VALUES ('FE1531648115', 'CI13161', 20820726, 20220224, 894);
INSERT INTO fee
VALUES ('FE1536323646', 'CI41652', 20110826, 20930610, 930);
INSERT INTO fee
VALUES ('FE1539169316', 'CI59322', 20330508, 20761008, 220);
INSERT INTO fee
VALUES ('FE1542306149', 'CI14160', 20140514, 20880930, 869);
INSERT INTO fee
VALUES ('FE1549217855', 'CI59322', 20140712, 20390827, 318);
INSERT INTO fee
VALUES ('FE1554882870', 'CI89750', 20590202, 20850407, 590);
INSERT INTO fee
VALUES ('FE1558049710', 'CI8279', 20690607, 20630715, 371);
INSERT INTO fee
VALUES ('FE1559289779', 'CI41652', 20370529, 20920927, 90);
INSERT INTO fee
VALUES ('FE156178624', 'CI69256', 20511204, 20391221, 437);
INSERT INTO fee
VALUES ('FE1563861827', 'CI54424', 20430506, 20630130, 66);
INSERT INTO fee
VALUES ('FE1579591339', 'CI61501', 20320105, 20980804, 853);
INSERT INTO fee
VALUES ('FE1584340885', 'CI12645', 20211212, 20031115, 271);
INSERT INTO fee
VALUES ('FE1587727011', 'CI89750', 20610702, 20910830, 765);
INSERT INTO fee
VALUES ('FE1590297158', 'CI14160', 20210330, 20000716, 288);
INSERT INTO fee
VALUES ('FE1595137234', 'CI22985', 20970403, 20240920, 595);
INSERT INTO fee
VALUES ('FE1601029437', 'CI11353', 20891012, 20370310, 389);
INSERT INTO fee
VALUES ('FE1601627901', 'CI54218', 20750506, 20921106, 448);
INSERT INTO fee
VALUES ('FE160479920', 'CI11353', 20320607, 20100910, 198);
INSERT INTO fee
VALUES ('FE1605311467', 'CI11353', 20010301, 20520706, 539);
INSERT INTO fee
VALUES ('FE1611384087', 'CI11353', 20610918, 20740501, 177);
INSERT INTO fee
VALUES ('FE1612577331', 'CI18413', 20460409, 20661218, 962);
INSERT INTO fee
VALUES ('FE1612752757', 'CI77139', 20650306, 20300731, 714);
INSERT INTO fee
VALUES ('FE1620623752', 'CI12645', 20830906, 20201128, 577);
INSERT INTO fee
VALUES ('FE1621272944', 'CI29748', 20720628, 20530201, 660);
INSERT INTO fee
VALUES ('FE1623934046', 'CI54218', 20221204, 20390406, 866);
INSERT INTO fee
VALUES ('FE1627699298', 'CI78734', 20401231, 20040718, 526);
INSERT INTO fee
VALUES ('FE1628667407', 'CI2758', 20840725, 20800701, 168);
INSERT INTO fee
VALUES ('FE162953050', 'CI59016', 20600916, 20680301, 813);
INSERT INTO fee
VALUES ('FE1630811525', 'CI72835', 20090717, 20620621, 243);
INSERT INTO fee
VALUES ('FE1632768608', 'CI85780', 20780813, 20660421, 249);
INSERT INTO fee
VALUES ('FE1632802941', 'CI64893', 20080811, 20240325, 249);
INSERT INTO fee
VALUES ('FE1635041101', 'CI19570', 20420926, 20120522, 970);
INSERT INTO fee
VALUES ('FE1637373015', 'CI77139', 20380216, 20100729, 15);
INSERT INTO fee
VALUES ('FE1639620138', 'CI41652', 20550914, 20141105, 351);
INSERT INTO fee
VALUES ('FE1649659949', 'CI60630', 20891109, 20050803, 13);
INSERT INTO fee
VALUES ('FE1661699755', 'CI45711', 20930704, 20771217, 217);
INSERT INTO fee
VALUES ('FE1678042118', 'CI78734', 20370216, 20660628, 359);
INSERT INTO fee
VALUES ('FE1678355904', 'CI14160', 20870113, 20840721, 542);
INSERT INTO fee
VALUES ('FE1679570355', 'CI87568', 20890204, 20060326, 320);
INSERT INTO fee
VALUES ('FE1683841900', 'CI83557', 20690514, 20640716, 95);
INSERT INTO fee
VALUES ('FE1684343820', 'CI92585', 20940621, 20250226, 895);
INSERT INTO fee
VALUES ('FE1689419649', 'CI45711', 20831215, 20320625, 418);
INSERT INTO fee
VALUES ('FE1690066376', 'CI90277', 20571112, 20510926, 725);
INSERT INTO fee
VALUES ('FE1704681658', 'CI431', 20411125, 20230403, 411);
INSERT INTO fee
VALUES ('FE1706681095', 'CI45711', 20401214, 20691214, 313);
INSERT INTO fee
VALUES ('FE1712116924', 'CI77139', 20650727, 20611226, 814);
INSERT INTO fee
VALUES ('FE1712124267', 'CI94729', 20971204, 20790731, 38);
INSERT INTO fee
VALUES ('FE1714364222', 'CI12645', 20791012, 20621223, 658);
INSERT INTO fee
VALUES ('FE1716284395', 'CI22985', 20050315, 20270913, 941);
INSERT INTO fee
VALUES ('FE171738719', 'CI66594', 20030905, 20820222, 306);
INSERT INTO fee
VALUES ('FE1717772195', 'CI83557', 20860817, 20060724, 138);
INSERT INTO fee
VALUES ('FE1719054859', 'CI94729', 20740216, 20381028, 679);
INSERT INTO fee
VALUES ('FE1724312912', 'CI54218', 20550927, 20000601, 241);
INSERT INTO fee
VALUES ('FE1732638765', 'CI29748', 20130630, 20610205, 702);
INSERT INTO fee
VALUES ('FE1735578106', 'CI49230', 20610101, 20340420, 650);
INSERT INTO fee
VALUES ('FE1737398249', 'CI60630', 20380807, 20520724, 597);
INSERT INTO fee
VALUES ('FE1739689378', 'CI54218', 20850322, 20210413, 578);
INSERT INTO fee
VALUES ('FE1743186506', 'CI59016', 20890409, 20790925, 85);
INSERT INTO fee
VALUES ('FE1745561870', 'CI59016', 20260614, 20080106, 677);
INSERT INTO fee
VALUES ('FE1749065698', 'CI14160', 20081218, 20320607, 291);
INSERT INTO fee
VALUES ('FE1749735991', 'CI19570', 20041009, 20790117, 2);
INSERT INTO fee
VALUES ('FE1755579633', 'CI89750', 20860627, 20940901, 674);
INSERT INTO fee
VALUES ('FE175872218', 'CI72835', 20770829, 20611116, 389);
INSERT INTO fee
VALUES ('FE1763693968', 'CI49230', 20081129, 20221212, 557);
INSERT INTO fee
VALUES ('FE1784655266', 'CI64111', 20120416, 20600523, 128);
INSERT INTO fee
VALUES ('FE1786504271', 'CI38588', 20310125, 20670530, 495);
INSERT INTO fee
VALUES ('FE1787765364', 'CI66594', 20860110, 20840923, 315);
INSERT INTO fee
VALUES ('FE1790116688', 'CI73271', 20140215, 20801008, 788);
INSERT INTO fee
VALUES ('FE1790271259', 'CI89750', 20060614, 20560829, 726);
INSERT INTO fee
VALUES ('FE1791026150', 'CI94729', 20750805, 20950411, 249);
INSERT INTO fee
VALUES ('FE179382563', 'CI18413', 20200223, 20570308, 874);
INSERT INTO fee
VALUES ('FE1795135705', 'CI15852', 20660430, 20591228, 233);
INSERT INTO fee
VALUES ('FE1795630441', 'CI78813', 20740819, 20580408, 627);
INSERT INTO fee
VALUES ('FE1800193998', 'CI54218', 20880515, 20000424, 118);
INSERT INTO fee
VALUES ('FE1804499493', 'CI57099', 20510803, 20810806, 416);
INSERT INTO fee
VALUES ('FE1808413990', 'CI41652', 20800330, 20211205, 305);
INSERT INTO fee
VALUES ('FE1813258257', 'CI431', 20480712, 20420205, 987);
INSERT INTO fee
VALUES ('FE1815130668', 'CI18917', 20390608, 20700520, 711);
INSERT INTO fee
VALUES ('FE1818199236', 'CI87568', 20270422, 20670828, 228);
INSERT INTO fee
VALUES ('FE1820880073', 'CI69256', 20230714, 20940917, 873);
INSERT INTO fee
VALUES ('FE1823752904', 'CI18413', 20810627, 20060108, 769);
INSERT INTO fee
VALUES ('FE1823777950', 'CI18917', 20140126, 20720514, 342);
INSERT INTO fee
VALUES ('FE1824550460', 'CI11353', 20340118, 20610408, 415);
INSERT INTO fee
VALUES ('FE1827901689', 'CI79664', 20330319, 20890525, 607);
INSERT INTO fee
VALUES ('FE1830799478', 'CI19570', 20460624, 20270222, 617);
INSERT INTO fee
VALUES ('FE1836929490', 'CI64111', 20400220, 20780801, 102);
INSERT INTO fee
VALUES ('FE1839786082', 'CI41652', 20690112, 20920219, 239);
INSERT INTO fee
VALUES ('FE1840089961', 'CI45711', 20410131, 20771210, 236);
INSERT INTO fee
VALUES ('FE184063615', 'CI73271', 20570717, 20480702, 393);
INSERT INTO fee
VALUES ('FE1843351679', 'CI8252', 20130901, 20881118, 759);
INSERT INTO fee
VALUES ('FE1846506790', 'CI33503', 20650515, 20500621, 93);
INSERT INTO fee
VALUES ('FE1848219871', 'CI72835', 20390706, 20221111, 322);
INSERT INTO fee
VALUES ('FE1854167613', 'CI72835', 20390127, 20671209, 260);
INSERT INTO fee
VALUES ('FE1855418383', 'CI57099', 20011212, 20280227, 560);
INSERT INTO fee
VALUES ('FE1857459656', 'CI83557', 20000414, 20240803, 74);
INSERT INTO fee
VALUES ('FE1867728181', 'CI59322', 20790112, 20210910, 238);
INSERT INTO fee
VALUES ('FE1867845511', 'CI92585', 20230425, 20730218, 928);
INSERT INTO fee
VALUES ('FE1868572186', 'CI15852', 20461108, 20610223, 569);
INSERT INTO fee
VALUES ('FE1873368099', 'CI85780', 20030221, 20161129, 61);
INSERT INTO fee
VALUES ('FE1877632691', 'CI57099', 20070129, 20450904, 259);
INSERT INTO fee
VALUES ('FE187895747', 'CI14160', 20190728, 20281016, 180);
INSERT INTO fee
VALUES ('FE1879186220', 'CI97693', 20830211, 20320728, 564);
INSERT INTO fee
VALUES ('FE1880843686', 'CI92585', 20370519, 20680426, 366);
INSERT INTO fee
VALUES ('FE1883093745', 'CI631', 20771016, 20510611, 46);
INSERT INTO fee
VALUES ('FE1883613958', 'CI54424', 20770303, 20030321, 106);
INSERT INTO fee
VALUES ('FE1883749217', 'CI2758', 20120331, 20551009, 868);
INSERT INTO fee
VALUES ('FE1884693331', 'CI54424', 20000128, 20830207, 191);
INSERT INTO fee
VALUES ('FE1886209656', 'CI54424', 20211215, 20480605, 415);
INSERT INTO fee
VALUES ('FE188798795', 'CI85780', 20251107, 20030811, 895);
INSERT INTO fee
VALUES ('FE188860429', 'CI8279', 20060322, 20800719, 196);
INSERT INTO fee
VALUES ('FE1889417161', 'CI8252', 20040515, 20310408, 229);
INSERT INTO fee
VALUES ('FE1895657399', 'CI41652', 20120401, 20531114, 866);
INSERT INTO fee
VALUES ('FE1895931441', 'CI34082', 20570225, 20980612, 248);
INSERT INTO fee
VALUES ('FE1902387455', 'CI15852', 20180613, 20961015, 23);
INSERT INTO fee
VALUES ('FE1906416364', 'CI49230', 20910615, 20060915, 998);
INSERT INTO fee
VALUES ('FE1906788074', 'CI15852', 20411220, 20440922, 72);
INSERT INTO fee
VALUES ('FE1922166923', 'CI97693', 20130728, 20310523, 431);
INSERT INTO fee
VALUES ('FE1922995482', 'CI59016', 20650407, 20580406, 909);
INSERT INTO fee
VALUES ('FE192316636', 'CI73271', 20011209, 20680819, 793);
INSERT INTO fee
VALUES ('FE1924594078', 'CI631', 20610124, 20471222, 280);
INSERT INTO fee
VALUES ('FE1929288730', 'CI22985', 20281128, 20540423, 390);
INSERT INTO fee
VALUES ('FE1929746289', 'CI64111', 20220424, 20100607, 122);
INSERT INTO fee
VALUES ('FE193152980', 'CI11353', 20770707, 20200829, 141);
INSERT INTO fee
VALUES ('FE1937378761', 'CI431', 20351127, 20350501, 243);
INSERT INTO fee
VALUES ('FE194628665', 'CI18413', 20110901, 20700706, 30);
INSERT INTO fee
VALUES ('FE1947842229', 'CI2758', 20630116, 20831220, 630);
INSERT INTO fee
VALUES ('FE1963179600', 'CI87568', 20890128, 20310607, 29);
INSERT INTO fee
VALUES ('FE196399937', 'CI72835', 20410702, 20230603, 91);
INSERT INTO fee
VALUES ('FE196470840', 'CI73271', 20741121, 20541104, 981);
INSERT INTO fee
VALUES ('FE1964978894', 'CI631', 20700922, 20430430, 678);
INSERT INTO fee
VALUES ('FE1967323652', 'CI8279', 20570831, 20570326, 592);
INSERT INTO fee
VALUES ('FE1969166045', 'CI8252', 20101123, 20800824, 318);
INSERT INTO fee
VALUES ('FE1972988021', 'CI85780', 20020815, 20191015, 303);
INSERT INTO fee
VALUES ('FE1974008359', 'CI38588', 20351107, 20360918, 191);
INSERT INTO fee
VALUES ('FE1974614744', 'CI78813', 20300725, 20781029, 71);
INSERT INTO fee
VALUES ('FE1981213476', 'CI45711', 20180823, 20471223, 748);
INSERT INTO fee
VALUES ('FE1982614594', 'CI64111', 20680524, 20530212, 588);
INSERT INTO fee
VALUES ('FE1982840091', 'CI14160', 20940803, 20900629, 247);
INSERT INTO fee
VALUES ('FE1994773746', 'CI45711', 20990321, 20480502, 546);
INSERT INTO fee
VALUES ('FE1996300148', 'CI64893', 20470912, 20131207, 122);
INSERT INTO fee
VALUES ('FE1997038610', 'CI59322', 20910527, 20541230, 237);
INSERT INTO fee
VALUES ('FE2000100609', 'CI2758', 20450729, 20380517, 178);
INSERT INTO fee
VALUES ('FE2003004793', 'CI92585', 20721207, 20400607, 311);
INSERT INTO fee
VALUES ('FE200365724', 'CI45711', 20050305, 20231031, 466);
INSERT INTO fee
VALUES ('FE200910766', 'CI14160', 20970222, 20140324, 707);
INSERT INTO fee
VALUES ('FE2013900317', 'CI64111', 20310808, 20230618, 35);
INSERT INTO fee
VALUES ('FE2027389108', 'CI54218', 20721005, 20820206, 839);
INSERT INTO fee
VALUES ('FE2033763913', 'CI45711', 20720620, 20970620, 388);
INSERT INTO fee
VALUES ('FE2035681264', 'CI79664', 20940310, 20420419, 298);
INSERT INTO fee
VALUES ('FE203637126', 'CI49230', 20130920, 20110120, 401);
INSERT INTO fee
VALUES ('FE2037333366', 'CI66594', 20430428, 20750214, 822);
INSERT INTO fee
VALUES ('FE2043053935', 'CI431', 20110315, 20420102, 907);
INSERT INTO fee
VALUES ('FE2043776633', 'CI8252', 20050418, 20871108, 651);
INSERT INTO fee
VALUES ('FE2053086353', 'CI72835', 20690319, 20991023, 457);
INSERT INTO fee
VALUES ('FE205711207', 'CI59322', 20330513, 20800705, 93);
INSERT INTO fee
VALUES ('FE2057512122', 'CI60630', 20840205, 20860716, 569);
INSERT INTO fee
VALUES ('FE2061355536', 'CI97693', 20500111, 20030604, 916);
INSERT INTO fee
VALUES ('FE2065638673', 'CI73271', 20880314, 20770816, 747);
INSERT INTO fee
VALUES ('FE208061651', 'CI18413', 20001221, 20651206, 370);
INSERT INTO fee
VALUES ('FE2087068026', 'CI8252', 20161007, 20520211, 335);
INSERT INTO fee
VALUES ('FE2089417482', 'CI11353', 20190909, 20430824, 815);
INSERT INTO fee
VALUES ('FE2094038455', 'CI49230', 20170614, 20980727, 740);
INSERT INTO fee
VALUES ('FE2095406000', 'CI631', 20830530, 20460601, 326);
INSERT INTO fee
VALUES ('FE2095616487', 'CI45711', 20081219, 20340422, 176);
INSERT INTO fee
VALUES ('FE2098624822', 'CI83557', 20560326, 20340828, 569);
INSERT INTO fee
VALUES ('FE2101904447', 'CI11353', 20670907, 20890209, 805);
INSERT INTO fee
VALUES ('FE2110905450', 'CI25487', 20750623, 20150401, 529);
INSERT INTO fee
VALUES ('FE2112903157', 'CI18917', 20021005, 20120621, 403);
INSERT INTO fee
VALUES ('FE211375720', 'CI8279', 20170809, 20831213, 778);
INSERT INTO fee
VALUES ('FE2120360139', 'CI72835', 20771201, 20590927, 358);
INSERT INTO fee
VALUES ('FE2133023691', 'CI92585', 20830811, 20210702, 578);
INSERT INTO fee
VALUES ('FE2135864079', 'CI54218', 20881226, 20070611, 882);
INSERT INTO fee
VALUES ('FE2139025935', 'CI8252', 20580617, 20680207, 822);
INSERT INTO fee
VALUES ('FE2140838939', 'CI41652', 20161025, 20310413, 547);
INSERT INTO fee
VALUES ('FE2144478112', 'CI2758', 20620811, 20110830, 107);
INSERT INTO fee
VALUES ('FE221958057', 'CI45711', 20190526, 20931217, 246);
INSERT INTO fee
VALUES ('FE230682250', 'CI11353', 20930228, 20501105, 699);
INSERT INTO fee
VALUES ('FE23241455', 'CI99456', 20740906, 20810415, 812);
INSERT INTO fee
VALUES ('FE233617267', 'CI13161', 20060726, 20891121, 751);
INSERT INTO fee
VALUES ('FE235295719', 'CI631', 20121103, 20051228, 197);
INSERT INTO fee
VALUES ('FE235523546', 'CI94729', 20760928, 20710512, 217);
INSERT INTO fee
VALUES ('FE236399490', 'CI79664', 20590619, 20110328, 834);
INSERT INTO fee
VALUES ('FE239187917', 'CI66594', 20601206, 20740506, 452);
INSERT INTO fee
VALUES ('FE240166415', 'CI8279', 20490127, 20020818, 17);
INSERT INTO fee
VALUES ('FE245280746', 'CI45711', 20780421, 20690811, 290);
INSERT INTO fee
VALUES ('FE246518101', 'CI33503', 20201016, 20430330, 833);
INSERT INTO fee
VALUES ('FE247036066', 'CI89750', 20050401, 20590223, 941);
INSERT INTO fee
VALUES ('FE250090686', 'CI64893', 20400321, 20620110, 607);
INSERT INTO fee
VALUES ('FE252921834', 'CI99456', 20820811, 20380815, 774);
INSERT INTO fee
VALUES ('FE253153573', 'CI97693', 20661115, 20440903, 403);
INSERT INTO fee
VALUES ('FE255786019', 'CI11353', 20140206, 20071122, 257);
INSERT INTO fee
VALUES ('FE256497862', 'CI72835', 20260330, 20370312, 354);
INSERT INTO fee
VALUES ('FE258617339', 'CI72835', 20671011, 20531027, 477);
INSERT INTO fee
VALUES ('FE26665003', 'CI90277', 20951114, 20751010, 449);
INSERT INTO fee
VALUES ('FE267409982', 'CI89750', 20491216, 20450422, 878);
INSERT INTO fee
VALUES ('FE269969160', 'CI79664', 20051230, 20150525, 418);
INSERT INTO fee
VALUES ('FE272141866', 'CI59322', 20781129, 20220925, 426);
INSERT INTO fee
VALUES ('FE278641972', 'CI79664', 20780607, 20050126, 169);
INSERT INTO fee
VALUES ('FE280203473', 'CI11353', 20290220, 20411227, 379);
INSERT INTO fee
VALUES ('FE285642690', 'CI61501', 20190311, 20910226, 29);
INSERT INTO fee
VALUES ('FE2906305', 'CI49230', 20130619, 20480807, 969);
INSERT INTO fee
VALUES ('FE291876374', 'CI60630', 20030416, 20380228, 410);
INSERT INTO fee
VALUES ('FE292364772', 'CI18413', 20610531, 20900909, 455);
INSERT INTO fee
VALUES ('FE296076255', 'CI13161', 20111008, 20070108, 764);
INSERT INTO fee
VALUES ('FE302812517', 'CI59322', 20130105, 20290521, 158);
INSERT INTO fee
VALUES ('FE306944664', 'CI41652', 20050404, 20311122, 24);
INSERT INTO fee
VALUES ('FE308570145', 'CI90277', 20721213, 20150303, 826);
INSERT INTO fee
VALUES ('FE310189198', 'CI59322', 20290702, 20360107, 266);
INSERT INTO fee
VALUES ('FE31535573', 'CI57099', 20240207, 20390703, 490);
INSERT INTO fee
VALUES ('FE31798067', 'CI54424', 20870202, 20830517, 651);
INSERT INTO fee
VALUES ('FE320844903', 'CI87568', 20340421, 20600205, 611);
INSERT INTO fee
VALUES ('FE321481480', 'CI49230', 20320907, 20950820, 938);
INSERT INTO fee
VALUES ('FE324439728', 'CI97693', 20830507, 20120326, 246);
INSERT INTO fee
VALUES ('FE33014862', 'CI8252', 20940306, 20531224, 854);
INSERT INTO fee
VALUES ('FE332138668', 'CI29748', 20580907, 20870804, 889);
INSERT INTO fee
VALUES ('FE340193203', 'CI30167', 20980519, 20570521, 322);
INSERT INTO fee
VALUES ('FE354422884', 'CI64111', 20610318, 20740407, 979);
INSERT INTO fee
VALUES ('FE354661953', 'CI73271', 20330501, 20891002, 690);
INSERT INTO fee
VALUES ('FE356591000', 'CI8252', 20391210, 20271213, 510);
INSERT INTO fee
VALUES ('FE363957233', 'CI77139', 20510607, 20180923, 255);
INSERT INTO fee
VALUES ('FE368636571', 'CI59322', 20801217, 20790514, 752);
INSERT INTO fee
VALUES ('FE372091378', 'CI99456', 20600402, 20280724, 260);
INSERT INTO fee
VALUES ('FE37554990', 'CI431', 20021109, 20591208, 811);
INSERT INTO fee
VALUES ('FE380546762', 'CI59322', 20300113, 20310915, 890);
INSERT INTO fee
VALUES ('FE383804695', 'CI60630', 20771030, 20500804, 424);
INSERT INTO fee
VALUES ('FE386525757', 'CI54424', 20390106, 20620826, 983);
INSERT INTO fee
VALUES ('FE393304173', 'CI29748', 20200819, 20290713, 687);
INSERT INTO fee
VALUES ('FE396675562', 'CI85780', 20590807, 20120121, 30);
INSERT INTO fee
VALUES ('FE397085502', 'CI60630', 20371214, 20500309, 819);
INSERT INTO fee
VALUES ('FE397528763', 'CI59016', 20171028, 20461223, 119);
INSERT INTO fee
VALUES ('FE400591720', 'CI60630', 20830423, 20930818, 814);
INSERT INTO fee
VALUES ('FE405398697', 'CI59322', 20671011, 20150906, 729);
INSERT INTO fee
VALUES ('FE406724994', 'CI60630', 20300324, 20570329, 731);
INSERT INTO fee
VALUES ('FE413851677', 'CI79664', 20170926, 20550516, 734);
INSERT INTO fee
VALUES ('FE434007686', 'CI8252', 20271127, 20750713, 71);
INSERT INTO fee
VALUES ('FE440803111', 'CI61501', 20130809, 20020430, 742);
INSERT INTO fee
VALUES ('FE444293924', 'CI14160', 20220531, 20161006, 549);
INSERT INTO fee
VALUES ('FE447340049', 'CI61501', 20681231, 20730131, 646);
INSERT INTO fee
VALUES ('FE455094875', 'CI14160', 20000922, 20671107, 187);
INSERT INTO fee
VALUES ('FE457297459', 'CI41652', 20870407, 20360908, 684);
INSERT INTO fee
VALUES ('FE466455057', 'CI60630', 20240803, 20601205, 551);
INSERT INTO fee
VALUES ('FE47260109', 'CI12645', 20200729, 20770201, 882);
INSERT INTO fee
VALUES ('FE472931493', 'CI66594', 20110828, 20580928, 49);
INSERT INTO fee
VALUES ('FE479974080', 'CI57099', 20660615, 20580905, 289);
INSERT INTO fee
VALUES ('FE484131845', 'CI78734', 20540803, 20170925, 771);
INSERT INTO fee
VALUES ('FE488695537', 'CI85780', 20090915, 20590607, 253);
INSERT INTO fee
VALUES ('FE490111529', 'CI18917', 20470928, 20550516, 838);
INSERT INTO fee
VALUES ('FE491090822', 'CI69256', 20271120, 20331217, 655);
INSERT INTO fee
VALUES ('FE498223051', 'CI13161', 20760415, 20101003, 453);
INSERT INTO fee
VALUES ('FE501949086', 'CI11353', 20690828, 20280424, 589);
INSERT INTO fee
VALUES ('FE506378274', 'CI29748', 20201010, 20581207, 431);
INSERT INTO fee
VALUES ('FE510208727', 'CI64893', 20600515, 20060502, 714);
INSERT INTO fee
VALUES ('FE510415251', 'CI18917', 20930205, 20800611, 496);
INSERT INTO fee
VALUES ('FE513251462', 'CI77139', 20331214, 20771017, 839);
INSERT INTO fee
VALUES ('FE523392216', 'CI66594', 20310123, 20670629, 142);
INSERT INTO fee
VALUES ('FE524807830', 'CI97693', 20860320, 20160928, 72);
INSERT INTO fee
VALUES ('FE528101555', 'CI54424', 20181128, 20000213, 892);
INSERT INTO fee
VALUES ('FE529422228', 'CI57099', 20411120, 20461023, 865);
INSERT INTO fee
VALUES ('FE531387355', 'CI30167', 20830413, 20600130, 497);
INSERT INTO fee
VALUES ('FE531650749', 'CI19570', 20970120, 20321214, 16);
INSERT INTO fee
VALUES ('FE542863944', 'CI78813', 20070720, 20910226, 803);
INSERT INTO fee
VALUES ('FE547905579', 'CI54424', 20470304, 20751202, 457);
INSERT INTO fee
VALUES ('FE556395589', 'CI97693', 20340826, 20140130, 590);
INSERT INTO fee
VALUES ('FE557374701', 'CI29748', 20490819, 20070713, 451);
INSERT INTO fee
VALUES ('FE559956200', 'CI25487', 20440227, 20400225, 87);
INSERT INTO fee
VALUES ('FE563247754', 'CI15852', 20180514, 20280509, 911);
INSERT INTO fee
VALUES ('FE566069015', 'CI97693', 20230706, 20430121, 347);
INSERT INTO fee
VALUES ('FE569378895', 'CI631', 20601001, 20490711, 377);
INSERT INTO fee
VALUES ('FE573130596', 'CI12645', 20481109, 20810423, 377);
INSERT INTO fee
VALUES ('FE581470035', 'CI18917', 20220502, 20350718, 160);
INSERT INTO fee
VALUES ('FE585501062', 'CI22985', 20070810, 20400720, 550);
INSERT INTO fee
VALUES ('FE586247419', 'CI94729', 20260806, 20380412, 358);
INSERT INTO fee
VALUES ('FE586996704', 'CI25487', 20250616, 20790608, 817);
INSERT INTO fee
VALUES ('FE590850341', 'CI78813', 20110202, 20790209, 34);
INSERT INTO fee
VALUES ('FE591480261', 'CI94729', 20780228, 20610421, 838);
INSERT INTO fee
VALUES ('FE593536738', 'CI64893', 20980729, 20051024, 433);
INSERT INTO fee
VALUES ('FE596078504', 'CI69256', 20351023, 20910813, 583);
INSERT INTO fee
VALUES ('FE602047579', 'CI92585', 20240810, 20580601, 113);
INSERT INTO fee
VALUES ('FE61496832', 'CI22985', 20730710, 20171013, 910);
INSERT INTO fee
VALUES ('FE616077892', 'CI25487', 20760217, 20550506, 911);
INSERT INTO fee
VALUES ('FE617818152', 'CI69256', 20761121, 20970416, 211);
INSERT INTO fee
VALUES ('FE626545438', 'CI54218', 20001026, 20950312, 348);
INSERT INTO fee
VALUES ('FE631876201', 'CI2758', 20380829, 20520316, 16);
INSERT INTO fee
VALUES ('FE632747430', 'CI64111', 20590422, 20911006, 446);
INSERT INTO fee
VALUES ('FE636675792', 'CI3864', 20351122, 20900620, 925);
INSERT INTO fee
VALUES ('FE637147986', 'CI59322', 20210209, 20601214, 34);
INSERT INTO fee
VALUES ('FE637621217', 'CI22985', 20971211, 20171111, 555);
INSERT INTO fee
VALUES ('FE643128168', 'CI78734', 20740302, 20540409, 490);
INSERT INTO fee
VALUES ('FE64680977', 'CI66594', 20571119, 20040612, 801);
INSERT INTO fee
VALUES ('FE648235341', 'CI85780', 20041211, 20820726, 737);
INSERT INTO fee
VALUES ('FE648662423', 'CI29748', 20410420, 20890103, 499);
INSERT INTO fee
VALUES ('FE652043059', 'CI15852', 20010718, 20200719, 490);
INSERT INTO fee
VALUES ('FE653773902', 'CI14160', 20390822, 20050901, 539);
INSERT INTO fee
VALUES ('FE657020867', 'CI19570', 20970120, 20860318, 477);
INSERT INTO fee
VALUES ('FE657511775', 'CI89750', 20881006, 20621208, 813);
INSERT INTO fee
VALUES ('FE659943292', 'CI14160', 20200420, 20360331, 923);
INSERT INTO fee
VALUES ('FE667088014', 'CI83557', 20611201, 20310217, 220);
INSERT INTO fee
VALUES ('FE669116934', 'CI49230', 20680813, 20340521, 937);
INSERT INTO fee
VALUES ('FE669555006', 'CI59322', 20851125, 20630314, 48);
INSERT INTO fee
VALUES ('FE674710317', 'CI64111', 20500429, 20380822, 747);
INSERT INTO fee
VALUES ('FE677107669', 'CI18917', 20310127, 20610825, 742);
INSERT INTO fee
VALUES ('FE677873939', 'CI25487', 20371123, 20840418, 264);
INSERT INTO fee
VALUES ('FE683627210', 'CI78813', 20160328, 20221223, 682);
INSERT INTO fee
VALUES ('FE683816508', 'CI54424', 20480731, 20011205, 828);
INSERT INTO fee
VALUES ('FE685007020', 'CI631', 20910903, 20510116, 742);
INSERT INTO fee
VALUES ('FE687740635', 'CI49230', 20320612, 20230910, 896);
INSERT INTO fee
VALUES ('FE695671896', 'CI38588', 20020610, 20600105, 719);
INSERT INTO fee
VALUES ('FE700099057', 'CI8252', 20880921, 20430412, 391);
INSERT INTO fee
VALUES ('FE703557863', 'CI69256', 20410518, 20350601, 330);
INSERT INTO fee
VALUES ('FE70378508', 'CI97693', 20820429, 20090404, 998);
INSERT INTO fee
VALUES ('FE706834956', 'CI8252', 20340618, 20160922, 476);
INSERT INTO fee
VALUES ('FE706917815', 'CI90277', 20840328, 20961204, 588);
INSERT INTO fee
VALUES ('FE707704234', 'CI64893', 20350918, 20681105, 868);
INSERT INTO fee
VALUES ('FE710261425', 'CI2758', 20531226, 20140619, 128);
INSERT INTO fee
VALUES ('FE713568070', 'CI14160', 20170829, 20030604, 117);
INSERT INTO fee
VALUES ('FE714675620', 'CI38588', 20371030, 20220415, 5);
INSERT INTO fee
VALUES ('FE715514014', 'CI18413', 20770624, 20080806, 417);
INSERT INTO fee
VALUES ('FE722625304', 'CI34082', 20640408, 20060208, 275);
INSERT INTO fee
VALUES ('FE725089067', 'CI73271', 20961207, 20211206, 367);
INSERT INTO fee
VALUES ('FE729860581', 'CI77139', 20050208, 20650428, 500);
INSERT INTO fee
VALUES ('FE733768444', 'CI49230', 20760208, 20570628, 112);
INSERT INTO fee
VALUES ('FE740820236', 'CI25487', 20120215, 20960923, 896);
INSERT INTO fee
VALUES ('FE746278480', 'CI14160', 20591119, 20950830, 157);
INSERT INTO fee
VALUES ('FE74715045', 'CI18413', 20211207, 20270417, 869);
INSERT INTO fee
VALUES ('FE752937066', 'CI29748', 20050510, 20990513, 597);
INSERT INTO fee
VALUES ('FE769924225', 'CI59016', 20861003, 20470615, 593);
INSERT INTO fee
VALUES ('FE77153516', 'CI25487', 20960619, 20081017, 843);
INSERT INTO fee
VALUES ('FE771877317', 'CI25487', 20670101, 20970923, 359);
INSERT INTO fee
VALUES ('FE773370756', 'CI78813', 20530420, 20971010, 536);
INSERT INTO fee
VALUES ('FE773772907', 'CI15852', 20350827, 20550921, 788);
INSERT INTO fee
VALUES ('FE778771293', 'CI57099', 20771108, 20060408, 51);
INSERT INTO fee
VALUES ('FE780963897', 'CI78734', 20000224, 20840903, 614);
INSERT INTO fee
VALUES ('FE787220041', 'CI72835', 20120410, 20521226, 898);
INSERT INTO fee
VALUES ('FE788791041', 'CI77139', 20190706, 20390830, 495);
INSERT INTO fee
VALUES ('FE791313134', 'CI90277', 20640129, 20810313, 971);
INSERT INTO fee
VALUES ('FE794473156', 'CI18917', 20360915, 20020517, 399);
INSERT INTO fee
VALUES ('FE796958013', 'CI60630', 20310701, 20560330, 141);
INSERT INTO fee
VALUES ('FE801026187', 'CI18413', 20400606, 20820830, 963);
INSERT INTO fee
VALUES ('FE805299753', 'CI79664', 20090307, 20770630, 710);
INSERT INTO fee
VALUES ('FE830004708', 'CI69256', 20940822, 20240413, 247);
INSERT INTO fee
VALUES ('FE848037232', 'CI34082', 20820704, 20540516, 244);
INSERT INTO fee
VALUES ('FE849271611', 'CI57099', 20970416, 20281126, 638);
INSERT INTO fee
VALUES ('FE859870074', 'CI30167', 20360405, 20890620, 546);
INSERT INTO fee
VALUES ('FE862951078', 'CI99456', 20401115, 20220419, 484);
INSERT INTO fee
VALUES ('FE868592915', 'CI77139', 20241230, 20590820, 563);
INSERT INTO fee
VALUES ('FE875157554', 'CI83557', 20660205, 20500813, 162);
INSERT INTO fee
VALUES ('FE884247423', 'CI64893', 20611129, 20160109, 923);
INSERT INTO fee
VALUES ('FE891529579', 'CI78813', 20331217, 20050126, 466);
INSERT INTO fee
VALUES ('FE903234398', 'CI60630', 20500429, 20420517, 785);
INSERT INTO fee
VALUES ('FE904314847', 'CI2758', 20961212, 20910213, 352);
INSERT INTO fee
VALUES ('FE910512246', 'CI61501', 20020817, 20200623, 890);
INSERT INTO fee
VALUES ('FE916946595', 'CI14160', 20400417, 20130215, 79);
INSERT INTO fee
VALUES ('FE922151075', 'CI13161', 20081011, 20871026, 124);
INSERT INTO fee
VALUES ('FE925417471', 'CI59016', 20010404, 20990930, 323);
INSERT INTO fee
VALUES ('FE929604360', 'CI57099', 20200813, 20100118, 312);
INSERT INTO fee
VALUES ('FE929975183', 'CI14160', 20290919, 20350514, 393);
INSERT INTO fee
VALUES ('FE934416420', 'CI18413', 20850809, 20900723, 503);
INSERT INTO fee
VALUES ('FE935037495', 'CI61501', 20770503, 20401007, 870);
INSERT INTO fee
VALUES ('FE938055165', 'CI64893', 20570901, 20230327, 258);
INSERT INTO fee
VALUES ('FE942175291', 'CI25487', 20640908, 20720904, 235);
INSERT INTO fee
VALUES ('FE942522986', 'CI49230', 20890526, 20280214, 304);
INSERT INTO fee
VALUES ('FE944229134', 'CI3864', 20170905, 20640805, 173);
INSERT INTO fee
VALUES ('FE944594523', 'CI78734', 20800822, 20810505, 241);
INSERT INTO fee
VALUES ('FE945833453', 'CI30167', 20530317, 20161009, 85);
INSERT INTO fee
VALUES ('FE946869654', 'CI34082', 20621117, 20210728, 989);
INSERT INTO fee
VALUES ('FE948889477', 'CI89750', 20070828, 20401216, 687);
INSERT INTO fee
VALUES ('FE953436733', 'CI25487', 20150928, 20680305, 622);
INSERT INTO fee
VALUES ('FE959601121', 'CI18413', 20880101, 20151007, 83);
INSERT INTO fee
VALUES ('FE959887105', 'CI83557', 20810209, 20610104, 553);
INSERT INTO fee
VALUES ('FE963551531', 'CI38588', 20870705, 20220719, 151);
INSERT INTO fee
VALUES ('FE968539709', 'CI87568', 20150331, 20680322, 932);
INSERT INTO fee
VALUES ('FE969522141', 'CI60630', 20181225, 20320111, 237);
INSERT INTO fee
VALUES ('FE974636475', 'CI83557', 20930123, 20390329, 784);
INSERT INTO fee
VALUES ('FE975784428', 'CI8279', 20150411, 20881214, 517);
INSERT INTO fee
VALUES ('FE976062895', 'CI66594', 20780215, 20520511, 110);
INSERT INTO fee
VALUES ('FE980188122', 'CI89750', 20300829, 20460618, 368);
INSERT INTO fee
VALUES ('FE983789933', 'CI25487', 20960519, 20050706, 777);
INSERT INTO fee
VALUES ('FE98626543', 'CI3864', 20151031, 20910317, 601);
INSERT INTO fee
VALUES ('FE987126625', 'CI12645', 20271017, 20181212, 241);
INSERT INTO fee
VALUES ('FE995788375', 'CI66594', 20600906, 20430624, 608);
INSERT INTO fee
VALUES ('FE996344680', 'CI73271', 20550922, 20051230, 632);
INSERT INTO fee
VALUES ('FE998075487', 'CI64111', 20350312, 20641229, 884);
INSERT INTO fee
VALUES ('FE998790359', 'CI41652', 20120128, 20850415, 582);
INSERT INTO chargingSituation
VALUES ('CS1001331814', 'FE393304173', 'P1459327924', 'SF965085361', 20331127);
INSERT INTO chargingSituation
VALUES ('CS1001843546', 'FE187895747', 'P581444820', 'SF907234094', 20760127);
INSERT INTO chargingSituation
VALUES ('CS1004619494', 'FE771877317', 'P901532951', 'SF1040003242', 20581211);
INSERT INTO chargingSituation
VALUES ('CS1005986657', 'FE1982614594', 'P1198059383', 'SF1550134583', 20460215);
INSERT INTO chargingSituation
VALUES ('CS1006721676', 'FE1678355904', 'P1058531497', 'SF2131836294', 20650825);
INSERT INTO chargingSituation
VALUES ('CS1008063790', 'FE230682250', 'P1616390139', 'SF300732922', 20711103);
INSERT INTO chargingSituation
VALUES ('CS1011241870', 'FE406724994', 'P984338331', 'SF1709578796', 20330905);
INSERT INTO chargingSituation
VALUES ('CS1011354558', 'FE2057512122', 'P1709706701', 'SF765783780', 20610419);
INSERT INTO chargingSituation
VALUES ('CS102244552', 'FE714675620', 'P139750196', 'SF667054813', 20840721);
INSERT INTO chargingSituation
VALUES ('CS1023095352', 'FE636675792', 'P699946613', 'SF300732922', 20421209);
INSERT INTO chargingSituation
VALUES ('CS1024166951', 'FE1077863710', 'P1304309296', 'SF1939583739', 20711026);
INSERT INTO chargingSituation
VALUES ('CS1024559214', 'FE108847104', 'P2027850933', 'SF1035725393', 20271224);
INSERT INTO chargingSituation
VALUES ('CS1029627347', 'FE115048897', 'P1769703498', 'SF1035725393', 20960711);
INSERT INTO chargingSituation
VALUES ('CS1033451061', 'FE1000672691', 'P872872285', 'SF1757995487', 20711021);
INSERT INTO chargingSituation
VALUES ('CS1033902006', 'FE805299753', 'P262081658', 'SF1325604751', 20231107);
INSERT INTO chargingSituation
VALUES ('CS1037293423', 'FE1288181501', 'P266066583', 'SF1709578796', 20060607);
INSERT INTO chargingSituation
VALUES ('CS1039366264', 'FE1528424231', 'P1000931623', 'SF1651258223', 20360125);
INSERT INTO chargingSituation
VALUES ('CS1039905836', 'FE447340049', 'P621069134', 'SF1592371108', 20670330);
INSERT INTO chargingSituation
VALUES ('CS104449130', 'FE657511775', 'P1262463079', 'SF1035725393', 20320707);
INSERT INTO chargingSituation
VALUES ('CS1047651151', 'FE200910766', 'P181775419', 'SF1550134583', 20840207);
INSERT INTO chargingSituation
VALUES ('CS1049558516', 'FE1014630138', 'P2066104474', 'SF1325604751', 20420531);
INSERT INTO chargingSituation
VALUES ('CS1051586329', 'FE1855418383', 'P1739611081', 'SF798969889', 20541209);
INSERT INTO chargingSituation
VALUES ('CS1052158207', 'FE778771293', 'P426167180', 'SF1987814724', 20550922);
INSERT INTO chargingSituation
VALUES ('CS1055531175', 'FE1854167613', 'P251426478', 'SF2032619573', 20990125);
INSERT INTO chargingSituation
VALUES ('CS1056965822', 'FE778771293', 'P874817802', 'SF1155426710', 20090217);
INSERT INTO chargingSituation
VALUES ('CS1068350918', 'FE946869654', 'P378792538', 'SF667054813', 20031201);
INSERT INTO chargingSituation
VALUES ('CS1068848446', 'FE1584340885', 'P1469970007', 'SF965085361', 20601122);
INSERT INTO chargingSituation
VALUES ('CS1071980677', 'FE1288304963', 'P1362575169', 'SF658493989', 20660907);
INSERT INTO chargingSituation
VALUES ('CS1072351128', 'FE1397914880', 'P1227835360', 'SF1389198663', 20490723);
INSERT INTO chargingSituation
VALUES ('CS1073374784', 'FE1967323652', 'P238904226', 'SF819718857', 20441118);
INSERT INTO chargingSituation
VALUES ('CS1074480979', 'FE1786504271', 'P978919883', 'SF2131836294', 20900518);
INSERT INTO chargingSituation
VALUES ('CS1077912733', 'FE703557863', 'P1181333825', 'SF1550134583', 20520111);
INSERT INTO chargingSituation
VALUES ('CS1079645674', 'FE1678355904', 'P299148893', 'SF1723219020', 20190704);
INSERT INTO chargingSituation
VALUES ('CS1081309666', 'FE1827901689', 'P1455342465', 'SF1757995487', 20630628);
INSERT INTO chargingSituation
VALUES ('CS1088525009', 'FE1403042441', 'P1464332492', 'SF1760312546', 20970123);
INSERT INTO chargingSituation
VALUES ('CS1090054045', 'FE1982840091', 'P142080214', 'SF113450204', 20780411);
INSERT INTO chargingSituation
VALUES ('CS1090633390', 'FE531650749', 'P53267498', 'SF67306935', 20900717);
INSERT INTO chargingSituation
VALUES ('CS1092514752', 'FE246518101', 'P1203228700', 'SF1723219020', 20240811);
INSERT INTO chargingSituation
VALUES ('CS1094110451', 'FE995788375', 'P814599221', 'SF1621971018', 20651014);
INSERT INTO chargingSituation
VALUES ('CS1094512520', 'FE1755579633', 'P524562498', 'SF1707111159', 20830716);
INSERT INTO chargingSituation
VALUES ('CS109579243', 'FE115048897', 'P273247701', 'SF245676536', 20910526);
INSERT INTO chargingSituation
VALUES ('CS1101371456', 'FE1846506790', 'P1260995634', 'SF2110164235', 20111026);
INSERT INTO chargingSituation
VALUES ('CS1101918387', 'FE1097755106', 'P1722508607', 'SF684900388', 20380528);
INSERT INTO chargingSituation
VALUES ('CS1106150592', 'FE1823777950', 'P243477031', 'SF1325240132', 20100217);
INSERT INTO chargingSituation
VALUES ('CS1108522382', 'FE2013900317', 'P611463152', 'SF2130413404', 20160324);
INSERT INTO chargingSituation
VALUES ('CS110948996', 'FE171738719', 'P1295634098', 'SF1325240132', 20760103);
INSERT INTO chargingSituation
VALUES ('CS1109977873', 'FE2087068026', 'P636260616', 'SF1651258223', 20020523);
INSERT INTO chargingSituation
VALUES ('CS1111273248', 'FE2043776633', 'P1189828939', 'SF205293560', 20090512);
INSERT INTO chargingSituation
VALUES ('CS1118897323', 'FE112793085', 'P1504036182', 'SF1929755947', 20080420);
INSERT INTO chargingSituation
VALUES ('CS1121432425', 'FE354422884', 'P1707796276', 'SF2032619573', 20890518);
INSERT INTO chargingSituation
VALUES ('CS1122103070', 'FE995788375', 'P1161803192', 'SF1621971018', 20981225);
INSERT INTO chargingSituation
VALUES ('CS1123158124', 'FE1612577331', 'P1637192256', 'SF1040003242', 20320219);
INSERT INTO chargingSituation
VALUES ('CS1123402944', 'FE2089417482', 'P78412099', 'SF1155426710', 20170329);
INSERT INTO chargingSituation
VALUES ('CS1124933168', 'FE1288304963', 'P1958740748', 'SF1035725393', 20670817);
INSERT INTO chargingSituation
VALUES ('CS1126882906', 'FE925417471', 'P78412099', 'SF1651258223', 20480426);
INSERT INTO chargingSituation
VALUES ('CS1126898751', 'FE1590297158', 'P723099006', 'SF1325240132', 20281203);
INSERT INTO chargingSituation
VALUES ('CS1127202695', 'FE935037495', 'P94956377', 'SF106958357', 20621121);
INSERT INTO chargingSituation
VALUES ('CS1127656749', 'FE354661953', 'P1347920284', 'SF965085361', 20840501);
INSERT INTO chargingSituation
VALUES ('CS1129025164', 'FE1539169316', 'P1564720366', 'SF1709578796', 20421203);
INSERT INTO chargingSituation
VALUES ('CS1129283252', 'FE1395953290', 'P2119451155', 'SF1760312546', 20580405);
INSERT INTO chargingSituation
VALUES ('CS1129336013', 'FE1628667407', 'P430494582', 'SF1709578796', 20480331);
INSERT INTO chargingSituation
VALUES ('CS1130952744', 'FE1632768608', 'P176345554', 'SF965085361', 20590903);
INSERT INTO chargingSituation
VALUES ('CS1133887482', 'FE1162858739', 'P284908002', 'SF749524158', 20170824);
INSERT INTO chargingSituation
VALUES ('CS1139336709', 'FE1735578106', 'P1189828939', 'SF300732922', 20590114);
INSERT INTO chargingSituation
VALUES ('CS113952421', 'FE296076255', 'P351478518', 'SF684900388', 20461012);
INSERT INTO chargingSituation
VALUES ('CS1141291842', 'FE667088014', 'P2054848461', 'SF608473196', 20020315);
INSERT INTO chargingSituation
VALUES ('CS1143746478', 'FE995788375', 'P515035469', 'SF2110164235', 20400423);
INSERT INTO chargingSituation
VALUES ('CS1144270444', 'FE1679570355', 'P1251252662', 'SF300732922', 20800430);
INSERT INTO chargingSituation
VALUES ('CS1145770780', 'FE100444972', 'P984338331', 'SF684900388', 20621206);
INSERT INTO chargingSituation
VALUES ('CS1146064841', 'FE713568070', 'P439635797', 'SF765783780', 20440816);
INSERT INTO chargingSituation
VALUES ('CS1147965641', 'FE396675562', 'P662970262', 'SF798969889', 20650212);
INSERT INTO chargingSituation
VALUES ('CS1148012050', 'FE2139025935', 'P178652697', 'SF1723219020', 20510919);
INSERT INTO chargingSituation
VALUES ('CS1151797587', 'FE162953050', 'P1919887159', 'SF1550134583', 20351220);
INSERT INTO chargingSituation
VALUES ('CS1152814850', 'FE1101132530', 'P1219188309', 'SF819718857', 20170330);
INSERT INTO chargingSituation
VALUES ('CS1152935131', 'FE1371223979', 'P1458960158', 'SF907234094', 20430117);
INSERT INTO chargingSituation
VALUES ('CS1153809772', 'FE296076255', 'P783791828', 'SF1621971018', 20280220);
INSERT INTO chargingSituation
VALUES ('CS1154937232', 'FE547905579', 'P1618099416', 'SF1325240132', 20450412);
INSERT INTO chargingSituation
VALUES ('CS1155260107', 'FE1895931441', 'P795552263', 'SF1443696079', 20890314);
INSERT INTO chargingSituation
VALUES ('CS1157085695', 'FE1587727011', 'P239292440', 'SF1592371108', 20591120);
INSERT INTO chargingSituation
VALUES ('CS1158688190', 'FE1717772195', 'P664558743', 'SF291878158', 20550715);
INSERT INTO chargingSituation
VALUES ('CS1161324271', 'FE1491453662', 'P1598106356', 'SF1929755947', 20211222);
INSERT INTO chargingSituation
VALUES ('CS1162214908', 'FE687740635', 'P1314816305', 'SF1987814724', 20541009);
INSERT INTO chargingSituation
VALUES ('CS1163711519', 'FE683816508', 'P2123460366', 'SF1709578796', 20640621);
INSERT INTO chargingSituation
VALUES ('CS1165953753', 'FE1049029158', 'P2021941155', 'SF2081721216', 20980702);
INSERT INTO chargingSituation
VALUES ('CS1169292113', 'FE700099057', 'P2013816568', 'SF684900388', 20551225);
INSERT INTO chargingSituation
VALUES ('CS1169338016', 'FE959887105', 'P1227835360', 'SF2130413404', 20390203);
INSERT INTO chargingSituation
VALUES ('CS1169374053', 'FE626545438', 'P1767571610', 'SF684900388', 20431203);
INSERT INTO chargingSituation
VALUES ('CS1169541453', 'FE1432569450', 'P1317816758', 'SF1035725393', 20400705);
INSERT INTO chargingSituation
VALUES ('CS1171916114', 'FE1972988021', 'P1707796276', 'SF1757995487', 20340906);
INSERT INTO chargingSituation
VALUES ('CS1175572518', 'FE1884693331', 'P699946613', 'SF2081721216', 20510627);
INSERT INTO chargingSituation
VALUES ('CS1177193823', 'FE1274135561', 'P274069890', 'SF809675534', 20021030);
INSERT INTO chargingSituation
VALUES ('CS1177735235', 'FE1461856672', 'P874817802', 'SF1707111159', 20101113);
INSERT INTO chargingSituation
VALUES ('CS1180952414', 'FE796958013', 'P1262463079', 'SF1757995487', 20060712);
INSERT INTO chargingSituation
VALUES ('CS1185059751', 'FE175872218', 'P1154073421', 'SF1035725393', 20380912);
INSERT INTO chargingSituation
VALUES ('CS118617525', 'FE1795135705', 'P1612048272', 'SF309484508', 20560621);
INSERT INTO chargingSituation
VALUES ('CS1189538241', 'FE1395953290', 'P1151944769', 'SF300732922', 20200831);
INSERT INTO chargingSituation
VALUES ('CS1190121151', 'FE1855418383', 'P1863194491', 'SF667054813', 20680713);
INSERT INTO chargingSituation
VALUES ('CS1193851810', 'FE1284289980', 'P1351059175', 'SF1177605698', 20511113);
INSERT INTO chargingSituation
VALUES ('CS1194144949', 'FE70378508', 'P236471825', 'SF1325604751', 20040905);
INSERT INTO chargingSituation
VALUES ('CS1206086769', 'FE733768444', 'P1174878952', 'SF749524158', 20860405);
INSERT INTO chargingSituation
VALUES ('CS1208620687', 'FE211375720', 'P2066104474', 'SF1760312546', 20741018);
INSERT INTO chargingSituation
VALUES ('CS1216387235', 'FE1458915917', 'P1698651896', 'SF1929755947', 20940908);
INSERT INTO chargingSituation
VALUES ('CS1219548550', 'FE637621217', 'P1698651896', 'SF71679732', 20560508);
INSERT INTO chargingSituation
VALUES ('CS1223356524', 'FE1994773746', 'P1235063269', 'SF1592371108', 20671123);
INSERT INTO chargingSituation
VALUES ('CS1225211932', 'FE1712124267', 'P1048852753', 'SF608473196', 20180118);
INSERT INTO chargingSituation
VALUES ('CS1225841180', 'FE1743186506', 'P1416318189', 'SF1707111159', 20361101);
INSERT INTO chargingSituation
VALUES ('CS1228411345', 'FE948889477', 'P256324488', 'SF205293560', 20781227);
INSERT INTO chargingSituation
VALUES ('CS1230029244', 'FE1192736760', 'P1637192256', 'SF1709578796', 20560607);
INSERT INTO chargingSituation
VALUES ('CS1232136645', 'FE1584340885', 'P2095842821', 'SF1621971018', 20960509);
INSERT INTO chargingSituation
VALUES ('CS1233324440', 'FE1724312912', 'P1786122053', 'SF1550134583', 20181016);
INSERT INTO chargingSituation
VALUES ('CS1237629626', 'FE791313134', 'P1798600479', 'SF1621971018', 20980201);
INSERT INTO chargingSituation
VALUES ('CS1239946484', 'FE1755579633', 'P1970428846', 'SF765783780', 20390907);
INSERT INTO chargingSituation
VALUES ('CS1242635651', 'FE929975183', 'P1636468061', 'SF245676536', 20421003);
INSERT INTO chargingSituation
VALUES ('CS1242828052', 'FE320844903', 'P536227024', 'SF2081721216', 20290422);
INSERT INTO chargingSituation
VALUES ('CS1245251885', 'FE1749735991', 'P1433601294', 'SF2032619573', 20640525);
INSERT INTO chargingSituation
VALUES ('CS1246599106', 'FE1461856672', 'P735436076', 'SF1939583739', 20091226);
INSERT INTO chargingSituation
VALUES ('CS1246948073', 'FE1371223979', 'P217884261', 'SF291878158', 20991210);
INSERT INTO chargingSituation
VALUES ('CS1248365449', 'FE1963179600', 'P569061242', 'SF2110164235', 20980410);
INSERT INTO chargingSituation
VALUES ('CS1258910765', 'FE1800193998', 'P1617775630', 'SF1929623560', 20250105);
INSERT INTO chargingSituation
VALUES ('CS1262354315', 'FE942522986', 'P1736373765', 'SF965085361', 20060216);
INSERT INTO chargingSituation
VALUES ('CS1265359987', 'FE1824550460', 'P910845410', 'SF1621971018', 20671125);
INSERT INTO chargingSituation
VALUES ('CS1265869021', 'FE1755579633', 'P1064866490', 'SF2131836294', 20630113);
INSERT INTO chargingSituation
VALUES ('CS1265890229', 'FE324439728', 'P274069890', 'SF1510125838', 20711206);
INSERT INTO chargingSituation
VALUES ('CS1267232412', 'FE998075487', 'P1053799517', 'SF1757995487', 20360815);
INSERT INTO chargingSituation
VALUES ('CS1267545316', 'FE356591000', 'P720107427', 'SF1723219020', 20541121);
INSERT INTO chargingSituation
VALUES ('CS1269423587', 'FE1883613958', 'P378792538', 'SF819718857', 20190809);
INSERT INTO chargingSituation
VALUES ('CS127003438', 'FE830004708', 'P1031731763', 'SF67306935', 20360601);
INSERT INTO chargingSituation
VALUES ('CS1273675321', 'FE648662423', 'P133293029', 'SF1155426710', 20671215);
INSERT INTO chargingSituation
VALUES ('CS1274384683', 'FE1879186220', 'P990577804', 'SF1040003242', 20070812);
INSERT INTO chargingSituation
VALUES ('CS1274706530', 'FE1129408972', 'P1958934486', 'SF1040003242', 20170801);
INSERT INTO chargingSituation
VALUES ('CS1275726366', 'FE1403042441', 'P699946613', 'SF1709578796', 20880309);
INSERT INTO chargingSituation
VALUES ('CS1276395757', 'FE2053086353', 'P1064866490', 'SF291878158', 20741103);
INSERT INTO chargingSituation
VALUES ('CS1282912342', 'FE70378508', 'P328902374', 'SF798969889', 20450118);
INSERT INTO chargingSituation
VALUES ('CS1289287649', 'FE2098624822', 'P2087702062', 'SF2032619573', 20360331);
INSERT INTO chargingSituation
VALUES ('CS1289898305', 'FE1749735991', 'P430494582', 'SF667054813', 20660204);
INSERT INTO chargingSituation
VALUES ('CS1291231284', 'FE773370756', 'P1797279169', 'SF71679732', 20780615);
INSERT INTO chargingSituation
VALUES ('CS1292272044', 'FE1447214506', 'P1646707806', 'SF1325604751', 20050906);
INSERT INTO chargingSituation
VALUES ('CS1301135342', 'FE945833453', 'P68402403', 'SF1723219020', 20640716);
INSERT INTO chargingSituation
VALUES ('CS1304851622', 'FE1203391538', 'P111010423', 'SF1325604751', 20560221);
INSERT INTO chargingSituation
VALUES ('CS1313219969', 'FE498223051', 'P1330942632', 'SF71679732', 20860305);
INSERT INTO chargingSituation
VALUES ('CS13137015', 'FE413851677', 'P1953107476', 'SF205293560', 20940908);
INSERT INTO chargingSituation
VALUES ('CS1314726870', 'FE1795135705', 'P1624482097', 'SF2110164235', 20630510);
INSERT INTO chargingSituation
VALUES ('CS1315869581', 'FE1755579633', 'P1525153041', 'SF1723219020', 20800302);
INSERT INTO chargingSituation
VALUES ('CS1316619455', 'FE1969166045', 'P2124440973', 'SF291878158', 20620626);
INSERT INTO chargingSituation
VALUES ('CS1317951197', 'FE1117222684', 'P248909', 'SF1651258223', 20370104);
INSERT INTO chargingSituation
VALUES ('CS1320428458', 'FE975784428', 'P374272197', 'SF743551758', 20940206);
INSERT INTO chargingSituation
VALUES ('CS1322642672', 'FE959601121', 'P75564007', 'SF809675534', 20360712);
INSERT INTO chargingSituation
VALUES ('CS1323065959', 'FE830004708', 'P1154073421', 'SF71679732', 20180625);
INSERT INTO chargingSituation
VALUES ('CS132447195', 'FE112793085', 'P1041616952', 'SF2110164235', 20280527);
INSERT INTO chargingSituation
VALUES ('CS132617706', 'FE788791041', 'P627754074', 'SF2131836294', 20840217);
INSERT INTO chargingSituation
VALUES ('CS1328060894', 'FE648662423', 'P636260616', 'SF809675534', 20991101);
INSERT INTO chargingSituation
VALUES ('CS1328405706', 'FE796958013', 'P1060397981', 'SF291878158', 20140518);
INSERT INTO chargingSituation
VALUES ('CS1333687639', 'FE510208727', 'P2054848461', 'SF1939583739', 20790713);
INSERT INTO chargingSituation
VALUES ('CS1337556476', 'FE393304173', 'P796577380', 'SF1035725393', 20470520);
INSERT INTO chargingSituation
VALUES ('CS1347359888', 'FE1784655266', 'P1581918001', 'SF1550134583', 20940827);
INSERT INTO chargingSituation
VALUES ('CS1352405486', 'FE447340049', 'P1340435365', 'SF684900388', 20140417);
INSERT INTO chargingSituation
VALUES ('CS1353109700', 'FE1678042118', 'P720107427', 'SF1939583739', 20511223);
INSERT INTO chargingSituation
VALUES ('CS1354780060', 'FE1482106845', 'P170450200', 'SF2130413404', 20910616);
INSERT INTO chargingSituation
VALUES ('CS1356226500', 'FE1005291379', 'P1189828939', 'SF309484508', 20961029);
INSERT INTO chargingSituation
VALUES ('CS1360367507', 'FE466455057', 'P306102037', 'SF1929755947', 20161027);
INSERT INTO chargingSituation
VALUES ('CS1360500203', 'FE321481480', 'P2030891715', 'SF1592371108', 20871221);
INSERT INTO chargingSituation
VALUES ('CS1361522699', 'FE1737398249', 'P1816893493', 'SF863234597', 20410528);
INSERT INTO chargingSituation
VALUES ('CS1362651409', 'FE1377780313', 'P426167180', 'SF309484508', 20730723);
INSERT INTO chargingSituation
VALUES ('CS1365926604', 'FE959887105', 'P1377721099', 'SF1443696079', 20181006);
INSERT INTO chargingSituation
VALUES ('CS1367913545', 'FE2037333366', 'P1400345213', 'SF1177605698', 20430907);
INSERT INTO chargingSituation
VALUES ('CS1368552882', 'FE103955396', 'P521156492', 'SF749524158', 20331024);
INSERT INTO chargingSituation
VALUES ('CS1371758750', 'FE531650749', 'P558452646', 'SF2131836294', 20530927);
INSERT INTO chargingSituation
VALUES ('CS1374337382', 'FE488695537', 'P312860308', 'SF1040003242', 20850922);
INSERT INTO chargingSituation
VALUES ('CS137662024', 'FE1737398249', 'P1634018855', 'SF1707111159', 20560915);
INSERT INTO chargingSituation
VALUES ('CS137702126', 'FE302812517', 'P1921593936', 'SF113450204', 20230114);
INSERT INTO chargingSituation
VALUES ('CS1379400633', 'FE1724312912', 'P735436076', 'SF300732922', 20940411);
INSERT INTO chargingSituation
VALUES ('CS1383598381', 'FE250090686', 'P985729350', 'SF667054813', 20050925);
INSERT INTO chargingSituation
VALUES ('CS1384527668', 'FE1678042118', 'P1571601503', 'SF300732922', 20331226);
INSERT INTO chargingSituation
VALUES ('CS138710777', 'FE31535573', 'P1176640738', 'SF1592371108', 20840118);
INSERT INTO chargingSituation
VALUES ('CS1390545223', 'FE1611384087', 'P102069925', 'SF658493989', 20731019);
INSERT INTO chargingSituation
VALUES ('CS1398023492', 'FE1308000946', 'P254704281', 'SF2130413404', 20360308);
INSERT INTO chargingSituation
VALUES ('CS1398148483', 'FE1873368099', 'P548266714', 'SF2110164235', 20501201);
INSERT INTO chargingSituation
VALUES ('CS1400533531', 'FE946869654', 'P1176640738', 'SF798969889', 20520311);
INSERT INTO chargingSituation
VALUES ('CS1401900413', 'FE531650749', 'P1624077991', 'SF965085361', 20410621);
INSERT INTO chargingSituation
VALUES ('CS1401937253', 'FE531650749', 'P1646707806', 'SF608473196', 20421226);
INSERT INTO chargingSituation
VALUES ('CS1403909368', 'FE616077892', 'P384801335', 'SF245676536', 20030920);
INSERT INTO chargingSituation
VALUES ('CS1405841343', 'FE1432569450', 'P990577804', 'SF2130413404', 20910413);
INSERT INTO chargingSituation
VALUES ('CS1408811535', 'FE1879186220', 'P2054848461', 'SF1707111159', 20690430);
INSERT INTO chargingSituation
VALUES ('CS1410138327', 'FE406724994', 'P848938225', 'SF1389198663', 20570520);
INSERT INTO chargingSituation
VALUES ('CS1410205253', 'FE891529579', 'P1719422776', 'SF608473196', 20100401);
INSERT INTO chargingSituation
VALUES ('CS1413704422', 'FE2094038455', 'P1851503224', 'SF1389198663', 20911104);
INSERT INTO chargingSituation
VALUES ('CS1414087928', 'FE1170739785', 'P1786122053', 'SF1443696079', 20460709);
INSERT INTO chargingSituation
VALUES ('CS1417787503', 'FE98626543', 'P1400345213', 'SF300732922', 20320109);
INSERT INTO chargingSituation
VALUES ('CS1420848395', 'FE372091378', 'P2009095174', 'SF1325604751', 20120713);
INSERT INTO chargingSituation
VALUES ('CS1423417299', 'FE258617339', 'P68402403', 'SF1550134583', 20000424);
INSERT INTO chargingSituation
VALUES ('CS1423917886', 'FE1000672691', 'P1616390139', 'SF106958357', 20340318);
INSERT INTO chargingSituation
VALUES ('CS1424386563', 'FE179382563', 'P1798642200', 'SF205293560', 20160401);
INSERT INTO chargingSituation
VALUES ('CS1426971766', 'FE983789933', 'P1834751655', 'SF765783780', 20590726);
INSERT INTO chargingSituation
VALUES ('CS1432294198', 'FE1883613958', 'P1510424792', 'SF1760312546', 20460305);
INSERT INTO chargingSituation
VALUES ('CS1432539086', 'FE667088014', 'P2005086468', 'SF67306935', 20490529);
INSERT INTO chargingSituation
VALUES ('CS1436522029', 'FE2043053935', 'P405869623', 'SF1757995487', 20100813);
INSERT INTO chargingSituation
VALUES ('CS1437705187', 'FE1236855225', 'P1816334788', 'SF2110164235', 20860226);
INSERT INTO chargingSituation
VALUES ('CS1437931023', 'FE1402468657', 'P1233236829', 'SF113450204', 20040524);
INSERT INTO chargingSituation
VALUES ('CS1438466271', 'FE725089067', 'P963503720', 'SF965085361', 20130515);
INSERT INTO chargingSituation
VALUES ('CS1439144449', 'FE1922995482', 'P1315370054', 'SF1939583739', 20551023);
INSERT INTO chargingSituation
VALUES ('CS1441181215', 'FE713568070', 'P841430272', 'SF106958357', 20630623);
INSERT INTO chargingSituation
VALUES ('CS1447767485', 'FE1649659949', 'P990577804', 'SF658493989', 20300824);
INSERT INTO chargingSituation
VALUES ('CS1452361613', 'FE1661699755', 'P2044103935', 'SF1550134583', 20260809);
INSERT INTO chargingSituation
VALUES ('CS145378931', 'FE1743186506', 'P1170654878', 'SF965085361', 20840929);
INSERT INTO chargingSituation
VALUES ('CS1454132298', 'FE637147986', 'P1627211726', 'SF1040003242', 20430830);
INSERT INTO chargingSituation
VALUES ('CS1463332104', 'FE925417471', 'P1134032561', 'SF684900388', 20871116);
INSERT INTO chargingSituation
VALUES ('CS1468406399', 'FE466455057', 'P1775174744', 'SF113450204', 20000125);
INSERT INTO chargingSituation
VALUES ('CS1470118615', 'FE179382563', 'P1510424792', 'SF291878158', 20390602);
INSERT INTO chargingSituation
VALUES ('CS147174498', 'FE1554882870', 'P1917912565', 'SF907234094', 20510401);
INSERT INTO chargingSituation
VALUES ('CS1471910230', 'FE707704234', 'P1433601294', 'SF1592371108', 20920205);
INSERT INTO chargingSituation
VALUES ('CS1473097918', 'FE1129408972', 'P2021941155', 'SF300732922', 20440715);
INSERT INTO chargingSituation
VALUES ('CS1475466366', 'FE1886209656', 'P879942296', 'SF1177605698', 20850810);
INSERT INTO chargingSituation
VALUES ('CS1477977754', 'FE235295719', 'P1260995634', 'SF1929755947', 20390202);
INSERT INTO chargingSituation
VALUES ('CS1478999532', 'FE1253977832', 'P439635797', 'SF2130413404', 20081019);
INSERT INTO chargingSituation
VALUES ('CS1481477943', 'FE948889477', 'P950733187', 'SF658493989', 20941216);
INSERT INTO chargingSituation
VALUES ('CS1481709164', 'FE1824550460', 'P882945529', 'SF291878158', 20720523);
INSERT INTO chargingSituation
VALUES ('CS1484203570', 'FE557374701', 'P1834751655', 'SF608473196', 20480220);
INSERT INTO chargingSituation
VALUES ('CS1488674190', 'FE1628667407', 'P1958740748', 'SF965085361', 20151005);
INSERT INTO chargingSituation
VALUES ('CS1489674657', 'FE386525757', 'P882945529', 'SF1550134583', 20400817);
INSERT INTO chargingSituation
VALUES ('CS1493819556', 'FE1205999307', 'P1689453474', 'SF743551758', 20460516);
INSERT INTO chargingSituation
VALUES ('CS1500469466', 'FE2140838939', 'P1596336553', 'SF965085361', 20060213);
INSERT INTO chargingSituation
VALUES ('CS1500826965', 'FE354661953', 'P1834751655', 'SF2131836294', 20401011);
INSERT INTO chargingSituation
VALUES ('CS1502458585', 'FE1144445430', 'P1330942632', 'SF1760312546', 20950831);
INSERT INTO chargingSituation
VALUES ('CS1504337111', 'FE2043776633', 'P940430177', 'SF1929755947', 20440210);
INSERT INTO chargingSituation
VALUES ('CS1508861038', 'FE1059516332', 'P915493383', 'SF113450204', 20740330);
INSERT INTO chargingSituation
VALUES ('CS1515036549', 'FE1256581804', 'P312860308', 'SF1389198663', 20941102);
INSERT INTO chargingSituation
VALUES ('CS1515509415', 'FE1969166045', 'P841430272', 'SF1651258223', 20520720);
INSERT INTO chargingSituation
VALUES ('CS1518918221', 'FE1632768608', 'P1078589272', 'SF1325240132', 20660409);
INSERT INTO chargingSituation
VALUES ('CS1519743863', 'FE557374701', 'P1947655423', 'SF667054813', 20911022);
INSERT INTO chargingSituation
VALUES ('CS1521261447', 'FE2144478112', 'P582277581', 'SF965085361', 20291229);
INSERT INTO chargingSituation
VALUES ('CS1521756607', 'FE179382563', 'P173478313', 'SF291878158', 20811108);
INSERT INTO chargingSituation
VALUES ('CS1522269703', 'FE1745561870', 'P384801335', 'SF1443696079', 20990114);
INSERT INTO chargingSituation
VALUES ('CS1522913906', 'FE203637126', 'P248909', 'SF2081721216', 20990505);
INSERT INTO chargingSituation
VALUES ('CS1525089885', 'FE2043776633', 'P1188343740', 'SF1035725393', 20650624);
INSERT INTO chargingSituation
VALUES ('CS1525116175', 'FE996344680', 'P2005086468', 'SF1707111159', 20700105);
INSERT INTO chargingSituation
VALUES ('CS1530873558', 'FE677873939', 'P1060397981', 'SF1389198663', 20590228);
INSERT INTO chargingSituation
VALUES ('CS1531079304', 'FE1447214506', 'P366014681', 'SF309484508', 20280203);
INSERT INTO chargingSituation
VALUES ('CS1531105817', 'FE396675562', 'P1395161311', 'SF1760312546', 20960517);
INSERT INTO chargingSituation
VALUES ('CS1534250730', 'FE192316636', 'P915493383', 'SF1929755947', 20670204);
INSERT INTO chargingSituation
VALUES ('CS1535892779', 'FE396675562', 'P552298041', 'SF1325240132', 20930805);
INSERT INTO chargingSituation
VALUES ('CS1535993497', 'FE1867728181', 'P330342919', 'SF907234094', 20650226);
INSERT INTO chargingSituation
VALUES ('CS1537299161', 'FE1502213089', 'P953378312', 'SF1550134583', 20150104);
INSERT INTO chargingSituation
VALUES ('CS1538684446', 'FE258617339', 'P1017983990', 'SF684900388', 20951107);
INSERT INTO chargingSituation
VALUES ('CS1538832045', 'FE33014862', 'P581444820', 'SF1939583739', 20340314);
INSERT INTO chargingSituation
VALUES ('CS1538923656', 'FE1684343820', 'P569061242', 'SF1325240132', 20400220);
INSERT INTO chargingSituation
VALUES ('CS1539708890', 'FE903234398', 'P1128112195', 'SF1443696079', 20810822);
INSERT INTO chargingSituation
VALUES ('CS154051903', 'FE1635041101', 'P239292440', 'SF667054813', 20610408);
INSERT INTO chargingSituation
VALUES ('CS1540732698', 'FE1407039517', 'P1282776228', 'SF1651258223', 20511121);
INSERT INTO chargingSituation
VALUES ('CS1542211887', 'FE2120360139', 'P610613046', 'SF1760312546', 20900622);
INSERT INTO chargingSituation
VALUES ('CS1542497889', 'FE1203391538', 'P552298041', 'SF1621971018', 20050515);
INSERT INTO chargingSituation
VALUES ('CS154272142', 'FE788791041', 'P1448292947', 'SF205293560', 20860725);
INSERT INTO chargingSituation
VALUES ('CS1549332049', 'FE1343576977', 'P983761957', 'SF2081721216', 20060901);
INSERT INTO chargingSituation
VALUES ('CS1551545361', 'FE1848219871', 'P1525153041', 'SF1325604751', 20050521);
INSERT INTO chargingSituation
VALUES ('CS1551732145', 'FE637621217', 'P1771461990', 'SF684900388', 20180112);
INSERT INTO chargingSituation
VALUES ('CS1561086192', 'FE1129408972', 'P611463152', 'SF1707111159', 20430118);
INSERT INTO chargingSituation
VALUES ('CS1562519492', 'FE47260109', 'P760857722', 'SF1325604751', 20070125);
INSERT INTO chargingSituation
VALUES ('CS1562744872', 'FE1895931441', 'P1129489784', 'SF1929755947', 20810521);
INSERT INTO chargingSituation
VALUES ('CS1564564366', 'FE1830799478', 'P75564007', 'SF1325604751', 20631127);
INSERT INTO chargingSituation
VALUES ('CS1564935548', 'FE974636475', 'P1114914482', 'SF1550134583', 20970609);
INSERT INTO chargingSituation
VALUES ('CS156598076', 'FE1895931441', 'P1303470662', 'SF1621971018', 20960824);
INSERT INTO chargingSituation
VALUES ('CS1571336662', 'FE61496832', 'P1191280260', 'SF113450204', 20801214);
INSERT INTO chargingSituation
VALUES ('CS1573479494', 'FE100444972', 'P1896598756', 'SF2130413404', 20140808);
INSERT INTO chargingSituation
VALUES ('CS1575843788', 'FE1714364222', 'P169421920', 'SF1757995487', 20621025);
INSERT INTO chargingSituation
VALUES ('CS1576248236', 'FE674710317', 'P2123460366', 'SF684900388', 20430815);
INSERT INTO chargingSituation
VALUES ('CS1581680045', 'FE1637373015', 'P1638848578', 'SF2032619573', 20410820);
INSERT INTO chargingSituation
VALUES ('CS1585784187', 'FE1542306149', 'P467057660', 'SF1592371108', 20090820);
INSERT INTO chargingSituation
VALUES ('CS1587252831', 'FE235523546', 'P1712153524', 'SF291878158', 20640911);
INSERT INTO chargingSituation
VALUES ('CS1588507499', 'FE1514399096', 'P1081829518', 'SF1709578796', 20350216);
INSERT INTO chargingSituation
VALUES ('CS1596409113', 'FE112793085', 'P2070292917', 'SF2130413404', 20110819);
INSERT INTO chargingSituation
VALUES ('CS1596640805', 'FE1162858739', 'P330342919', 'SF1621971018', 20780731);
INSERT INTO chargingSituation
VALUES ('CS1597603473', 'FE1969166045', 'P111010423', 'SF300732922', 20371128);
INSERT INTO chargingSituation
VALUES ('CS1598242468', 'FE1196865285', 'P111010423', 'SF1510125838', 20721130);
INSERT INTO chargingSituation
VALUES ('CS1598280903', 'FE1922166923', 'P1707740451', 'SF1177605698', 20851211);
INSERT INTO chargingSituation
VALUES ('CS1598578764', 'FE1432569450', 'P676429100', 'SF1592371108', 20720119);
INSERT INTO chargingSituation
VALUES ('CS1602407455', 'FE2089417482', 'P1953767958', 'SF667054813', 20760515);
INSERT INTO chargingSituation
VALUES ('CS1603834378', 'FE1141770177', 'P598426117', 'SF1929755947', 20581221);
INSERT INTO chargingSituation
VALUES ('CS1611224366', 'FE37554990', 'P1273379930', 'SF1177605698', 20521004);
INSERT INTO chargingSituation
VALUES ('CS1614581829', 'FE292364772', 'P306102037', 'SF658493989', 20880429);
INSERT INTO chargingSituation
VALUES ('CS1614888392', 'FE413851677', 'P601047347', 'SF71679732', 20020519);
INSERT INTO chargingSituation
VALUES ('CS1615935898', 'FE778771293', 'P1396032798', 'SF1709578796', 20900808);
INSERT INTO chargingSituation
VALUES ('CS1620311476', 'FE1397914880', 'P1330942632', 'SF667054813', 20600216);
INSERT INTO chargingSituation
VALUES ('CS1620719221', 'FE796958013', 'P868932792', 'SF965085361', 20060419);
INSERT INTO chargingSituation
VALUES ('CS1623677221', 'FE788791041', 'P1410083932', 'SF106958357', 20121126);
INSERT INTO chargingSituation
VALUES ('CS1624279862', 'FE862951078', 'P1510424792', 'SF965085361', 20530919);
INSERT INTO chargingSituation
VALUES ('CS162472883', 'FE1016195230', 'P217884261', 'SF667054813', 20970401);
INSERT INTO chargingSituation
VALUES ('CS1627992934', 'FE1587727011', 'P274069890', 'SF765783780', 20840713);
INSERT INTO chargingSituation
VALUES ('CS1628333588', 'FE652043059', 'P87306425', 'SF1939583739', 20501224);
INSERT INTO chargingSituation
VALUES ('CS1629996204', 'FE1236855225', 'P771635209', 'SF1550134583', 20940227);
INSERT INTO chargingSituation
VALUES ('CS163351838', 'FE1059516332', 'P591557744', 'SF819718857', 20310523);
INSERT INTO chargingSituation
VALUES ('CS1638399885', 'FE256497862', 'P1825654354', 'SF1040003242', 20700627);
INSERT INTO chargingSituation
VALUES ('CS1639213020', 'FE245280746', 'P1031731763', 'SF1757995487', 20280112);
INSERT INTO chargingSituation
VALUES ('CS1639530427', 'FE1883749217', 'P1039211903', 'SF798969889', 20421122);
INSERT INTO chargingSituation
VALUES ('CS1640835908', 'FE37554990', 'P524562498', 'SF2032619573', 20110608);
INSERT INTO chargingSituation
VALUES ('CS1642530604', 'FE302812517', 'P1216907202', 'SF1325604751', 20220105);
INSERT INTO chargingSituation
VALUES ('CS1643946564', 'FE1203391538', 'P873598424', 'SF743551758', 20940910);
INSERT INTO chargingSituation
VALUES ('CS1645439702', 'FE657020867', 'P1803514453', 'SF2110164235', 20490609);
INSERT INTO chargingSituation
VALUES ('CS164608023', 'FE1076367730', 'P251426478', 'SF1760312546', 20330117);
INSERT INTO chargingSituation
VALUES ('CS1646286056', 'FE591480261', 'P1364926106', 'SF1510125838', 20710326);
INSERT INTO chargingSituation
VALUES ('CS1647931758', 'FE636675792', 'P940430177', 'SF1757995487', 20310910);
INSERT INTO chargingSituation
VALUES ('CS1648380408', 'FE1300585707', 'P911039000', 'SF1510125838', 20500825);
INSERT INTO chargingSituation
VALUES ('CS1648977865', 'FE484131845', 'P1624482097', 'SF798969889', 20231208);
INSERT INTO chargingSituation
VALUES ('CS1649259961', 'FE648235341', 'P733831515', 'SF2130413404', 20000912);
INSERT INTO chargingSituation
VALUES ('CS1649557396', 'FE773772907', 'P1469970007', 'SF667054813', 20891030);
INSERT INTO chargingSituation
VALUES ('CS1651566353', 'FE1395953290', 'P771635209', 'SF309484508', 20790702);
INSERT INTO chargingSituation
VALUES ('CS1652800428', 'FE946869654', 'P1564720366', 'SF1510125838', 20550228);
INSERT INTO chargingSituation
VALUES ('CS1655383474', 'FE1559289779', 'P1459327924', 'SF1621971018', 20001014);
INSERT INTO chargingSituation
VALUES ('CS1659432821', 'FE108847104', 'P626938485', 'SF1929623560', 20210416);
INSERT INTO chargingSituation
VALUES ('CS1661808147', 'FE677873939', 'P549952670', 'SF1443696079', 20710414);
INSERT INTO chargingSituation
VALUES ('CS1664234663', 'FE1394831449', 'P895321080', 'SF1929623560', 20871106);
INSERT INTO chargingSituation
VALUES ('CS1664751232', 'FE272141866', 'P1264635544', 'SF658493989', 20450412);
INSERT INTO chargingSituation
VALUES ('CS166669837', 'FE648235341', 'P434283390', 'SF113450204', 20081213);
INSERT INTO chargingSituation
VALUES ('CS1668522212', 'FE1996300148', 'P1122651442', 'SF1757995487', 20910830);
INSERT INTO chargingSituation
VALUES ('CS1673223870', 'FE1412379429', 'P873598424', 'SF1760312546', 20211219);
INSERT INTO chargingSituation
VALUES ('CS1673743308', 'FE1065865484', 'P1282776228', 'SF2131836294', 20360303);
INSERT INTO chargingSituation
VALUES ('CS1674852280', 'FE830004708', 'P219213430', 'SF67306935', 20680301);
INSERT INTO chargingSituation
VALUES ('CS1674876702', 'FE1542306149', 'P1154073421', 'SF2110164235', 20420307);
INSERT INTO chargingSituation
VALUES ('CS1675839548', 'FE1139069868', 'P984338331', 'SF1929755947', 20951029);
INSERT INTO chargingSituation
VALUES ('CS1682502328', 'FE1867728181', 'P13269296', 'SF300732922', 20530626);
INSERT INTO chargingSituation
VALUES ('CS1684935148', 'FE256497862', 'P1572878899', 'SF1709578796', 20600919);
INSERT INTO chargingSituation
VALUES ('CS168836287', 'FE37554990', 'P895321080', 'SF67306935', 20250502);
INSERT INTO chargingSituation
VALUES ('CS1690158879', 'FE683627210', 'P262081658', 'SF71679732', 20040308);
INSERT INTO chargingSituation
VALUES ('CS1691594629', 'FE1139069868', 'P1215578559', 'SF245676536', 20410816);
INSERT INTO chargingSituation
VALUES ('CS1693007312', 'FE113729810', 'P1308228293', 'SF1929755947', 20231007);
INSERT INTO chargingSituation
VALUES ('CS1693157', 'FE1097755106', 'P559755645', 'SF1325240132', 20980913);
INSERT INTO chargingSituation
VALUES ('CS1694786678', 'FE925417471', 'P1596336553', 'SF1389198663', 20230222);
INSERT INTO chargingSituation
VALUES ('CS1697150054', 'FE2003004793', 'P102069925', 'SF608473196', 20820709);
INSERT INTO chargingSituation
VALUES ('CS1698534357', 'FE953436733', 'P1673350279', 'SF71679732', 20460308);
INSERT INTO chargingSituation
VALUES ('CS1700803974', 'FE2035681264', 'P536227024', 'SF1040003242', 20800820);
INSERT INTO chargingSituation
VALUES ('CS1701940006', 'FE1076367730', 'P1048852753', 'SF205293560', 20370805);
INSERT INTO chargingSituation
VALUES ('CS1704245126', 'FE321481480', 'P1634018855', 'SF67306935', 20340503);
INSERT INTO chargingSituation
VALUES ('CS1704799598', 'FE1361477980', 'P2098844379', 'SF1443696079', 20901104);
INSERT INTO chargingSituation
VALUES ('CS1708012792', 'FE1763693968', 'P2098844379', 'SF245676536', 20060115);
INSERT INTO chargingSituation
VALUES ('CS1708716669', 'FE1559289779', 'P978919883', 'SF1757995487', 20170518);
INSERT INTO chargingSituation
VALUES ('CS1708820769', 'FE1389867642', 'P738766009', 'SF1177605698', 20260528);
INSERT INTO chargingSituation
VALUES ('CS17101466', 'FE980188122', 'P109008312', 'SF113450204', 20390222);
INSERT INTO chargingSituation
VALUES ('CS1710509680', 'FE291876374', 'P439635797', 'SF1550134583', 20521021);
INSERT INTO chargingSituation
VALUES ('CS171255446', 'FE1795630441', 'P610754953', 'SF245676536', 20811129);
INSERT INTO chargingSituation
VALUES ('CS1712685142', 'FE457297459', 'P1192472310', 'SF1325240132', 20490704);
INSERT INTO chargingSituation
VALUES ('CS1712698720', 'FE1716284395', 'P1775174744', 'SF965085361', 20770224);
INSERT INTO chargingSituation
VALUES ('CS1713939734', 'FE2095616487', 'P2072627185', 'SF1838239550', 20931215);
INSERT INTO chargingSituation
VALUES ('CS1714121397', 'FE2133023691', 'P850022277', 'SF658493989', 20170626);
INSERT INTO chargingSituation
VALUES ('CS171836468', 'FE710261425', 'P1970428846', 'SF205293560', 20101026);
INSERT INTO chargingSituation
VALUES ('CS1718428404', 'FE1304119651', 'P243477031', 'SF1510125838', 20070603);
INSERT INTO chargingSituation
VALUES ('CS1720291180', 'FE240166415', 'P1532774863', 'SF798969889', 20630304);
INSERT INTO chargingSituation
VALUES ('CS1722352654', 'FE1253977832', 'P1598106356', 'SF965085361', 20841021);
INSERT INTO chargingSituation
VALUES ('CS1723880146', 'FE221958057', 'P39685541', 'SF1757995487', 20860110);
INSERT INTO chargingSituation
VALUES ('CS1723891875', 'FE1536323646', 'P1970428846', 'SF1929755947', 20371026);
INSERT INTO chargingSituation
VALUES ('CS172482861', 'FE787220041', 'P15253171', 'SF1987814724', 20300815);
INSERT INTO chargingSituation
VALUES ('CS1725111116', 'FE2043776633', 'P1372459001', 'SF71679732', 20460106);
INSERT INTO chargingSituation
VALUES ('CS172609371', 'FE1823752904', 'P1182714949', 'SF71679732', 20020405);
INSERT INTO chargingSituation
VALUES ('CS1726708051', 'FE1895931441', 'P767885602', 'SF1757995487', 20800209);
INSERT INTO chargingSituation
VALUES ('CS1728868702', 'FE875157554', 'P953378312', 'SF1621971018', 20120208);
INSERT INTO chargingSituation
VALUES ('CS1728955650', 'FE1418873055', 'P510910505', 'SF1621971018', 20580328);
INSERT INTO chargingSituation
VALUES ('CS1734080484', 'FE383804695', 'P757736857', 'SF749524158', 20680608);
INSERT INTO chargingSituation
VALUES ('CS1739399869', 'FE488695537', 'P483260393', 'SF245676536', 20900930);
INSERT INTO chargingSituation
VALUES ('CS1740578938', 'FE1232469059', 'P1053799517', 'SF67306935', 20350525);
INSERT INTO chargingSituation
VALUES ('CS1740924882', 'FE1099864291', 'P513686281', 'SF1325240132', 20460621);
INSERT INTO chargingSituation
VALUES ('CS1743933749', 'FE953436733', 'P2085054320', 'SF1723219020', 20340824);
INSERT INTO chargingSituation
VALUES ('CS1748328461', 'FE356591000', 'P267567645', 'SF309484508', 20890425);
INSERT INTO chargingSituation
VALUES ('CS1748861448', 'FE1632802941', 'P705328889', 'SF106958357', 20550820);
INSERT INTO chargingSituation
VALUES ('CS1748907265', 'FE780963897', 'P1861525866', 'SF765783780', 20750801);
INSERT INTO chargingSituation
VALUES ('CS1750479111', 'FE278641972', 'P553505133', 'SF1760312546', 20941219);
INSERT INTO chargingSituation
VALUES ('CS1751819084', 'FE196399937', 'P1416087812', 'SF1325240132', 20240108);
INSERT INTO chargingSituation
VALUES ('CS1758149095', 'FE566069015', 'P1136725802', 'SF1621971018', 20440702);
INSERT INTO chargingSituation
VALUES ('CS1759476628', 'FE179382563', 'P48542002', 'SF1723219020', 20960910);
INSERT INTO chargingSituation
VALUES ('CS1759630880', 'FE1170739785', 'P35253775', 'SF1939583739', 20680625);
INSERT INTO chargingSituation
VALUES ('CS1760104406', 'FE1982614594', 'P871470891', 'SF658493989', 20351127);
INSERT INTO chargingSituation
VALUES ('CS1760360288', 'FE108847104', 'P1525153041', 'SF1550134583', 20800204);
INSERT INTO chargingSituation
VALUES ('CS1761158545', 'FE1595137234', 'P1726843855', 'SF863234597', 20531104);
INSERT INTO chargingSituation
VALUES ('CS176127061', 'FE1129408972', 'P828212138', 'SF300732922', 20990304);
INSERT INTO chargingSituation
VALUES ('CS1761310578', 'FE1415755515', 'P875181759', 'SF113450204', 20270407);
INSERT INTO chargingSituation
VALUES ('CS1771200831', 'FE130932501', 'P1532774863', 'SF743551758', 20540803);
INSERT INTO chargingSituation
VALUES ('CS1771543358', 'FE490111529', 'P559755645', 'SF1325240132', 20870217);
INSERT INTO chargingSituation
VALUES ('CS17741563', 'FE162953050', 'P169421920', 'SF205293560', 20110314);
INSERT INTO chargingSituation
VALUES ('CS1779398109', 'FE321481480', 'P1999444570', 'SF1723219020', 20160430);
INSERT INTO chargingSituation
VALUES ('CS1779821185', 'FE1461856672', 'P1282776228', 'SF1592371108', 20520502);
INSERT INTO chargingSituation
VALUES ('CS1780003985', 'FE280203473', 'P494763507', 'SF1929755947', 20210220);
INSERT INTO chargingSituation
VALUES ('CS1780541726', 'FE1394831449', 'P1618099416', 'SF1592371108', 20400304);
INSERT INTO chargingSituation
VALUES ('CS1782781026', 'FE1101132530', 'P1060397981', 'SF1325240132', 20280817);
INSERT INTO chargingSituation
VALUES ('CS1783561452', 'FE1554882870', 'P39685541', 'SF2131836294', 20041120);
INSERT INTO chargingSituation
VALUES ('CS1785119242', 'FE528101555', 'P515035469', 'SF2131836294', 20910407);
INSERT INTO chargingSituation
VALUES ('CS1785492733', 'FE1232469059', 'P1618099416', 'SF300732922', 20980617);
INSERT INTO chargingSituation
VALUES ('CS1786564396', 'FE713568070', 'P1953107476', 'SF1155426710', 20670720);
INSERT INTO chargingSituation
VALUES ('CS1790410270', 'FE1848219871', 'P910845410', 'SF907234094', 20770609);
INSERT INTO chargingSituation
VALUES ('CS1790470956', 'FE405398697', 'P1141866383', 'SF1709578796', 20751104);
INSERT INTO chargingSituation
VALUES ('CS179479943', 'FE1076367730', 'P1114914482', 'SF2131836294', 20000723);
INSERT INTO chargingSituation
VALUES ('CS1795503162', 'FE657020867', 'P738766009', 'SF1510125838', 20120512);
INSERT INTO chargingSituation
VALUES ('CS1796784222', 'FE929604360', 'P990577804', 'SF2032619573', 20901009);
INSERT INTO chargingSituation
VALUES ('CS1806107933', 'FE849271611', 'P1514697612', 'SF907234094', 20771204);
INSERT INTO chargingSituation
VALUES ('CS1807679392', 'FE637147986', 'P2098844379', 'SF291878158', 20510220);
INSERT INTO chargingSituation
VALUES ('CS1808110189', 'FE1276338562', 'P882945529', 'SF684900388', 20820805);
INSERT INTO chargingSituation
VALUES ('CS180820125', 'FE725089067', 'P1736373765', 'SF1510125838', 20040616);
INSERT INTO chargingSituation
VALUES ('CS1809014011', 'FE1025694507', 'P1712153524', 'SF2110164235', 20890701);
INSERT INTO chargingSituation
VALUES ('CS1813586209', 'FE1994773746', 'P1192472310', 'SF1939583739', 20670420);
INSERT INTO chargingSituation
VALUES ('CS1814211610', 'FE1514399096', 'P262081658', 'SF71679732', 20410918);
INSERT INTO chargingSituation
VALUES ('CS1817876495', 'FE657511775', 'P286367574', 'SF1443696079', 20880802);
INSERT INTO chargingSituation
VALUES ('CS1820233485', 'FE2013900317', 'P641063827', 'SF1443696079', 20561215);
INSERT INTO chargingSituation
VALUES ('CS1821601361', 'FE1732638765', 'P1251252662', 'SF106958357', 20180516);
INSERT INTO chargingSituation
VALUES ('CS1826959173', 'FE1867845511', 'P882945529', 'SF1177605698', 20670605);
INSERT INTO chargingSituation
VALUES ('CS1827820402', 'FE1315965026', 'P1053799517', 'SF1760312546', 20170423);
INSERT INTO chargingSituation
VALUES ('CS1828579886', 'FE695671896', 'P1842030073', 'SF1592371108', 20371116);
INSERT INTO chargingSituation
VALUES ('CS1829706055', 'FE1704681658', 'P1739611081', 'SF1709578796', 20000513);
INSERT INTO chargingSituation
VALUES ('CS1830369774', 'FE160479920', 'P542592078', 'SF743551758', 20231014);
INSERT INTO chargingSituation
VALUES ('CS1831831051', 'FE922151075', 'P2058377165', 'SF1929623560', 20240624);
INSERT INTO chargingSituation
VALUES ('CS1834204618', 'FE1784655266', 'P206574925', 'SF1040003242', 20820225);
INSERT INTO chargingSituation
VALUES ('CS1835066528', 'FE110195782', 'P2072627185', 'SF1325240132', 20170304);
INSERT INTO chargingSituation
VALUES ('CS1835691246', 'FE1341019097', 'P307750357', 'SF1155426710', 20341212);
INSERT INTO chargingSituation
VALUES ('CS1837496108', 'FE1590297158', 'P1571190923', 'SF965085361', 20710124);
INSERT INTO chargingSituation
VALUES ('CS1838030164', 'FE637147986', 'P934018149', 'SF1325604751', 20520914);
INSERT INTO chargingSituation
VALUES ('CS1840842150', 'FE1203391538', 'P1236411411', 'SF1987814724', 20840903);
INSERT INTO chargingSituation
VALUES ('CS1841594484', 'FE1868572186', 'P176345554', 'SF1040003242', 20940516);
INSERT INTO chargingSituation
VALUES ('CS1843525494', 'FE591480261', 'P2035929916', 'SF1155426710', 20320330);
INSERT INTO chargingSituation
VALUES ('CS1848871075', 'FE1378392681', 'P1786122053', 'SF1040003242', 20930926);
INSERT INTO chargingSituation
VALUES ('CS1851043842', 'FE669116934', 'P615756884', 'SF1155426710', 20180506);
INSERT INTO chargingSituation
VALUES ('CS1851853252', 'FE1549217855', 'P1154073421', 'SF245676536', 20031021);
INSERT INTO chargingSituation
VALUES ('CS185519777', 'FE372091378', 'P299148893', 'SF1709578796', 20100830);
INSERT INTO chargingSituation
VALUES ('CS1855640413', 'FE559956200', 'P439687043', 'SF1325240132', 20861011);
INSERT INTO chargingSituation
VALUES ('CS1859486750', 'FE501949086', 'P1624077991', 'SF1939583739', 20341003);
INSERT INTO chargingSituation
VALUES ('CS1860360551', 'FE1732638765', 'P306102037', 'SF2130413404', 20150530);
INSERT INTO chargingSituation
VALUES ('CS1861561638', 'FE590850341', 'P299148893', 'SF765783780', 20560926);
INSERT INTO chargingSituation
VALUES ('CS1862497237', 'FE1716284395', 'P972792497', 'SF1389198663', 20921230);
INSERT INTO chargingSituation
VALUES ('CS1864750911', 'FE332138668', 'P903701338', 'SF798969889', 20490629);
INSERT INTO chargingSituation
VALUES ('CS1865363984', 'FE1215705528', 'P1434429489', 'SF1757995487', 20630715);
INSERT INTO chargingSituation
VALUES ('CS1866946732', 'FE593536738', 'P1627211726', 'SF245676536', 20280917);
INSERT INTO chargingSituation
VALUES ('CS1867871511', 'FE1377780313', 'P1174878952', 'SF309484508', 20090824);
INSERT INTO chargingSituation
VALUES ('CS1872721786', 'FE2095406000', 'P1726843855', 'SF300732922', 20290606);
INSERT INTO chargingSituation
VALUES ('CS187276573', 'FE321481480', 'P542592078', 'SF1035725393', 20610827);
INSERT INTO chargingSituation
VALUES ('CS1873735323', 'FE1724312912', 'P2054848461', 'SF819718857', 20810601);
INSERT INTO chargingSituation
VALUES ('CS1875016789', 'FE1612577331', 'P494763507', 'SF1621971018', 20081212);
INSERT INTO chargingSituation
VALUES ('CS1875862883', 'FE466455057', 'P2088506914', 'SF2110164235', 20291116);
INSERT INTO chargingSituation
VALUES ('CS1876118411', 'FE413851677', 'P87256909', 'SF907234094', 20041109);
INSERT INTO chargingSituation
VALUES ('CS1877165241', 'FE657511775', 'P526379342', 'SF1550134583', 20150905);
INSERT INTO chargingSituation
VALUES ('CS1884630524', 'FE586996704', 'P1571190923', 'SF2032619573', 20680123);
INSERT INTO chargingSituation
VALUES ('CS1888260570', 'FE1649659949', 'P333543908', 'SF67306935', 20451002);
INSERT INTO chargingSituation
VALUES ('CS1894166543', 'FE368636571', 'P1914268922', 'SF1757995487', 20500829);
INSERT INTO chargingSituation
VALUES ('CS1894562146', 'FE393304173', 'P312860308', 'SF798969889', 20280208);
INSERT INTO chargingSituation
VALUES ('CS1897429875', 'FE188860429', 'P1301834115', 'SF1838239550', 20350825);
INSERT INTO chargingSituation
VALUES ('CS1899446647', 'FE1442351189', 'P1769703498', 'SF1707111159', 20560318);
INSERT INTO chargingSituation
VALUES ('CS1902086589', 'FE1407039517', 'P365827546', 'SF1035725393', 20500911);
INSERT INTO chargingSituation
VALUES ('CS1903913196', 'FE715514014', 'P2030891715', 'SF1510125838', 20750426);
INSERT INTO chargingSituation
VALUES ('CS1904495728', 'FE33014862', 'P1042690889', 'SF1939583739', 20220323);
INSERT INTO chargingSituation
VALUES ('CS1907134165', 'FE1411826953', 'P1448292947', 'SF2032619573', 20090923);
INSERT INTO chargingSituation
VALUES ('CS1912360705', 'FE510208727', 'P910845410', 'SF1443696079', 20710718);
INSERT INTO chargingSituation
VALUES ('CS1915044782', 'FE193152980', 'P830400993', 'SF1177605698', 20490726);
INSERT INTO chargingSituation
VALUES ('CS1917671126', 'FE324439728', 'P1637192256', 'SF1040003242', 20020413);
INSERT INTO chargingSituation
VALUES ('CS1918008816', 'FE1587727011', 'P615756884', 'SF67306935', 20340313);
INSERT INTO chargingSituation
VALUES ('CS1921666272', 'FE2098624822', 'P1235063269', 'SF1389198663', 20781009);
INSERT INTO chargingSituation
VALUES ('CS1921902187', 'FE1461856672', 'P1128112195', 'SF819718857', 20550603);
INSERT INTO chargingSituation
VALUES ('CS1923422852', 'FE1824550460', 'P1320924612', 'SF2081721216', 20620127);
INSERT INTO chargingSituation
VALUES ('CS1923938324', 'FE591480261', 'P844758583', 'SF1510125838', 20870303);
INSERT INTO chargingSituation
VALUES ('CS1925125545', 'FE1396747892', 'P53267498', 'SF1929623560', 20010816);
INSERT INTO chargingSituation
VALUES ('CS1930559103', 'FE196470840', 'P848938225', 'SF71679732', 20351011);
INSERT INTO chargingSituation
VALUES ('CS1932952410', 'FE1187024230', 'P1617738621', 'SF245676536', 20060306);
INSERT INTO chargingSituation
VALUES ('CS1933828664', 'FE1256581804', 'P1235063269', 'SF1760312546', 20770912);
INSERT INTO chargingSituation
VALUES ('CS1933840370', 'FE1065865484', 'P274069890', 'SF1939583739', 20990802);
INSERT INTO chargingSituation
VALUES ('CS19359279', 'FE147002562', 'P1532179767', 'SF1389198663', 20810512);
INSERT INTO chargingSituation
VALUES ('CS1939173186', 'FE581470035', 'P312293218', 'SF245676536', 20470713);
INSERT INTO chargingSituation
VALUES ('CS1939528537', 'FE291876374', 'P1039211903', 'SF1939583739', 20600320);
INSERT INTO chargingSituation
VALUES ('CS1940494529', 'FE396675562', 'P206574925', 'SF1035725393', 20720525);
INSERT INTO chargingSituation
VALUES ('CS1940561890', 'FE1491453662', 'P237605436', 'SF1040003242', 20341009);
INSERT INTO chargingSituation
VALUES ('CS1942444678', 'FE272141866', 'P139750196', 'SF71679732', 20811204);
INSERT INTO chargingSituation
VALUES ('CS1942774947', 'FE513251462', 'P1282776228', 'SF2081721216', 20141203);
INSERT INTO chargingSituation
VALUES ('CS1950481529', 'FE1929746289', 'P882349495', 'SF205293560', 20950616);
INSERT INTO chargingSituation
VALUES ('CS1953921209', 'FE1458915917', 'P260715509', 'SF2032619573', 20520826);
INSERT INTO chargingSituation
VALUES ('CS1956437724', 'FE1132867452', 'P2035929916', 'SF863234597', 20260715);
INSERT INTO chargingSituation
VALUES ('CS1959364343', 'FE528101555', 'P502794024', 'SF1651258223', 20920715);
INSERT INTO chargingSituation
VALUES ('CS1959839706', 'FE643128168', 'P549952670', 'SF300732922', 20721031);
INSERT INTO chargingSituation
VALUES ('CS1959915015', 'FE1843351679', 'P1826927005', 'SF749524158', 20340410);
INSERT INTO chargingSituation
VALUES ('CS1962623780', 'FE1611384087', 'P1235063269', 'SF749524158', 20731005);
INSERT INTO chargingSituation
VALUES ('CS1963367859', 'FE31798067', 'P1673350279', 'SF749524158', 20420408);
INSERT INTO chargingSituation
VALUES ('CS1964005024', 'FE372091378', 'P403621564', 'SF1510125838', 20350411);
INSERT INTO chargingSituation
VALUES ('CS1964962513', 'FE506378274', 'P857288839', 'SF1389198663', 20000802);
INSERT INTO chargingSituation
VALUES ('CS1965242803', 'FE2094038455', 'P1078589272', 'SF245676536', 20700808);
INSERT INTO chargingSituation
VALUES ('CS1968370250', 'FE1743186506', 'P1320924612', 'SF798969889', 20150104);
INSERT INTO chargingSituation
VALUES ('CS1974904839', 'FE513251462', 'P239292440', 'SF205293560', 20770423);
INSERT INTO chargingSituation
VALUES ('CS1975049166', 'FE1203391538', 'P2009095174', 'SF1929623560', 20361213);
INSERT INTO chargingSituation
VALUES ('CS1976516307', 'FE547905579', 'P215817197', 'SF1177605698', 20010102);
INSERT INTO chargingSituation
VALUES ('CS1978381917', 'FE713568070', 'P173478313', 'SF1550134583', 20860503);
INSERT INTO chargingSituation
VALUES ('CS1982189291', 'FE1554882870', 'P1233236829', 'SF2081721216', 20631129);
INSERT INTO chargingSituation
VALUES ('CS1982243296', 'FE175872218', 'P1264635544', 'SF1592371108', 20510907);
INSERT INTO chargingSituation
VALUES ('CS1983131190', 'FE484131845', 'P1816893493', 'SF1929623560', 20370124);
INSERT INTO chargingSituation
VALUES ('CS1984340592', 'FE657511775', 'P767885602', 'SF2130413404', 20690813);
INSERT INTO chargingSituation
VALUES ('CS1984697394', 'FE2095406000', 'P594812854', 'SF1443696079', 20390701);
INSERT INTO chargingSituation
VALUES ('CS1984951304', 'FE2037333366', 'P2112940129', 'SF2110164235', 20610716);
INSERT INTO chargingSituation
VALUES ('CS1985663094', 'FE722625304', 'P1182714949', 'SF684900388', 20831005);
INSERT INTO chargingSituation
VALUES ('CS1986841085', 'FE1867845511', 'P430494582', 'SF205293560', 20911011);
INSERT INTO chargingSituation
VALUES ('CS1986952127', 'FE830004708', 'P591557744', 'SF1325604751', 20641008);
INSERT INTO chargingSituation
VALUES ('CS1987364000', 'FE1407039517', 'P610754953', 'SF743551758', 20671123);
INSERT INTO chargingSituation
VALUES ('CS1987903150', 'FE1690066376', 'P610613046', 'SF1592371108', 20080627);
INSERT INTO chargingSituation
VALUES ('CS198800750', 'FE1612752757', 'P1264635544', 'SF743551758', 20911011);
INSERT INTO chargingSituation
VALUES ('CS1988253148', 'FE935037495', 'P1162112482', 'SF1155426710', 20760524);
INSERT INTO chargingSituation
VALUES ('CS1990899557', 'FE946869654', 'P2124440973', 'SF205293560', 20030920);
INSERT INTO chargingSituation
VALUES ('CS1993184228', 'FE929975183', 'P1064866490', 'SF1838239550', 20130823);
INSERT INTO chargingSituation
VALUES ('CS2001049254', 'FE479974080', 'P711092231', 'SF1621971018', 20000921);
INSERT INTO chargingSituation
VALUES ('CS2001324934', 'FE700099057', 'P1190886194', 'SF1389198663', 20210703);
INSERT INTO chargingSituation
VALUES ('CS2002161895', 'FE2033763913', 'P1813068577', 'SF1325240132', 20130315);
INSERT INTO chargingSituation
VALUES ('CS2002761803', 'FE1964978894', 'P1538410718', 'SF667054813', 20180203);
INSERT INTO chargingSituation
VALUES ('CS2002771639', 'FE1559289779', 'P1333862951', 'SF1929755947', 20320204);
INSERT INTO chargingSituation
VALUES ('CS2004718716', 'FE657020867', 'P892746288', 'SF1760312546', 20030319);
INSERT INTO chargingSituation
VALUES ('CS2005532247', 'FE332138668', 'P1203228700', 'SF2032619573', 20451008);
INSERT INTO chargingSituation
VALUES ('CS2010063648', 'FE1262973040', 'P783264484', 'SF798969889', 20830201);
INSERT INTO chargingSituation
VALUES ('CS2010389817', 'FE669555006', 'P1330942632', 'SF1177605698', 20540518);
INSERT INTO chargingSituation
VALUES ('CS2010479680', 'FE188860429', 'P1803514453', 'SF1757995487', 20830626);
INSERT INTO chargingSituation
VALUES ('CS2010684485', 'FE444293924', 'P248909', 'SF205293560', 20130310);
INSERT INTO chargingSituation
VALUES ('CS2011583411', 'FE396675562', 'P1581918001', 'SF798969889', 20490701);
INSERT INTO chargingSituation
VALUES ('CS2012108425', 'FE2095406000', 'P652826424', 'SF2110164235', 20710923);
INSERT INTO chargingSituation
VALUES ('CS2014341473', 'FE1184450508', 'P1953107476', 'SF1621971018', 20960919);
INSERT INTO chargingSituation
VALUES ('CS2018499795', 'FE488695537', 'P1301834115', 'SF1510125838', 20940214);
INSERT INTO chargingSituation
VALUES ('CS2021793232', 'FE916946595', 'P2066104474', 'SF67306935', 20210822);
INSERT INTO chargingSituation
VALUES ('CS2022085813', 'FE796958013', 'P871470891', 'SF863234597', 20520226);
INSERT INTO chargingSituation
VALUES ('CS2026383554', 'FE1714364222', 'P2058377165', 'SF106958357', 20640728);
INSERT INTO chargingSituation
VALUES ('CS2032120242', 'FE393304173', 'P440988229', 'SF1621971018', 20250722);
INSERT INTO chargingSituation
VALUES ('CS2032519953', 'FE1542306149', 'P39685541', 'SF749524158', 20780716);
INSERT INTO chargingSituation
VALUES ('CS2035269082', 'FE959601121', 'P1181333825', 'SF1040003242', 20920327);
INSERT INTO chargingSituation
VALUES ('CS2035817778', 'FE1371223979', 'P1526209556', 'SF300732922', 20540209);
INSERT INTO chargingSituation
VALUES ('CS2037584892', 'FE648662423', 'P1143069583', 'SF819718857', 20040406);
INSERT INTO chargingSituation
VALUES ('CS2039128641', 'FE74715045', 'P882349495', 'SF667054813', 20260610);
INSERT INTO chargingSituation
VALUES ('CS2040899958', 'FE1236855225', 'P256324488', 'SF1389198663', 20090508);
INSERT INTO chargingSituation
VALUES ('CS2043510046', 'FE1830799478', 'P1825654354', 'SF1621971018', 20170212);
INSERT INTO chargingSituation
VALUES ('CS2044799496', 'FE1201912019', 'P1797279169', 'SF67306935', 20280328);
INSERT INTO chargingSituation
VALUES ('CS2045638761', 'FE1192736760', 'P1176640738', 'SF1155426710', 20211228);
INSERT INTO chargingSituation
VALUES ('CS2045742052', 'FE946869654', 'P352905983', 'SF1155426710', 20860918);
INSERT INTO chargingSituation
VALUES ('CS204675794', 'FE296076255', 'P513686281', 'SF1939583739', 20241128);
INSERT INTO chargingSituation
VALUES ('CS2046855074', 'FE188860429', 'P699946613', 'SF1651258223', 20990428);
INSERT INTO chargingSituation
VALUES ('CS2048322194', 'FE975784428', 'P1154073421', 'SF1443696079', 20661115);
INSERT INTO chargingSituation
VALUES ('CS2049555798', 'FE1749735991', 'P1078536393', 'SF1510125838', 20100504);
INSERT INTO chargingSituation
VALUES ('CS2051324992', 'FE1240371312', 'P2058377165', 'SF205293560', 20850503);
INSERT INTO chargingSituation
VALUES ('CS2052587638', 'FE617818152', 'P223396907', 'SF1987814724', 20700428);
INSERT INTO chargingSituation
VALUES ('CS2053142687', 'FE1587727011', 'P1236411411', 'SF1155426710', 20340416);
INSERT INTO chargingSituation
VALUES ('CS2054297868', 'FE354661953', 'P193473934', 'SF67306935', 20311127);
INSERT INTO chargingSituation
VALUES ('CS2057003108', 'FE1162858739', 'P1842030073', 'SF2131836294', 20820216);
INSERT INTO chargingSituation
VALUES ('CS2059474452', 'FE848037232', 'P248909', 'SF1389198663', 20331026);
INSERT INTO chargingSituation
VALUES ('CS2063733688', 'FE1232469059', 'P507687884', 'SF1723219020', 20081106);
INSERT INTO chargingSituation
VALUES ('CS2064981950', 'FE2053086353', 'P2115125516', 'SF245676536', 20070809);
INSERT INTO chargingSituation
VALUES ('CS2065593830', 'FE179382563', 'P1510424792', 'SF1155426710', 20470208);
INSERT INTO chargingSituation
VALUES ('CS2066349656', 'FE26665003', 'P2050612820', 'SF667054813', 20410504);
INSERT INTO chargingSituation
VALUES ('CS2066508508', 'FE1559289779', 'P267567645', 'SF1757995487', 20770909);
INSERT INTO chargingSituation
VALUES ('CS2072856638', 'FE626545438', 'P892746288', 'SF1155426710', 20461117);
INSERT INTO chargingSituation
VALUES ('CS2074953357', 'FE1512713390', 'P1914268922', 'SF907234094', 20711204);
INSERT INTO chargingSituation
VALUES ('CS2076440453', 'FE1632768608', 'P1636468061', 'SF1389198663', 20580719);
INSERT INTO chargingSituation
VALUES ('CS207670022', 'FE1076367730', 'P676757985', 'SF658493989', 20800208);
INSERT INTO chargingSituation
VALUES ('CS2079202418', 'FE1922166923', 'P1947655423', 'SF1443696079', 20860105);
INSERT INTO chargingSituation
VALUES ('CS2079773185', 'FE934416420', 'P1906954494', 'SF1760312546', 20011001);
INSERT INTO chargingSituation
VALUES ('CS2081597202', 'FE1536323646', 'P1537215825', 'SF1651258223', 20971129);
INSERT INTO chargingSituation
VALUES ('CS2090449989', 'FE306944664', 'P37508395', 'SF1760312546', 20670201);
INSERT INTO chargingSituation
VALUES ('CS2091030461', 'FE1143460543', 'P248909', 'SF743551758', 20580126);
INSERT INTO chargingSituation
VALUES ('CS2092663131', 'FE406724994', 'P1154940277', 'SF245676536', 20960413);
INSERT INTO chargingSituation
VALUES ('CS2093095754', 'FE1005291379', 'P1593722525', 'SF765783780', 20101117);
INSERT INTO chargingSituation
VALUES ('CS2093197085', 'FE324439728', 'P1830605180', 'SF113450204', 20060520);
INSERT INTO chargingSituation
VALUES ('CS2095037466', 'FE987126625', 'P51692824', 'SF1651258223', 20740216);
INSERT INTO chargingSituation
VALUES ('CS2095520995', 'FE1867728181', 'P468963291', 'SF1040003242', 20270402);
INSERT INTO chargingSituation
VALUES ('CS2097534005', 'FE1099864291', 'P1830605180', 'SF1939583739', 20420502);
INSERT INTO chargingSituation
VALUES ('CS2099677411', 'FE524807830', 'P1434760319', 'SF1709578796', 20191108);
INSERT INTO chargingSituation
VALUES ('CS2101055290', 'FE332138668', 'P13269296', 'SF1592371108', 20820628);
INSERT INTO chargingSituation
VALUES ('CS2102225606', 'FE557374701', 'P352905983', 'SF1177605698', 20440426);
INSERT INTO chargingSituation
VALUES ('CS2102758220', 'FE108847104', 'P1462051302', 'SF1707111159', 20321113);
INSERT INTO chargingSituation
VALUES ('CS2102949366', 'FE1220784692', 'P1872781656', 'SF863234597', 20410529);
INSERT INTO chargingSituation
VALUES ('CS2104155636', 'FE1895657399', 'P548266714', 'SF1987814724', 20331102);
INSERT INTO chargingSituation
VALUES ('CS2104925403', 'FE1186544787', 'P58648792', 'SF1621971018', 20670619);
INSERT INTO chargingSituation
VALUES ('CS2110151981', 'FE2037333366', 'P723099006', 'SF2032619573', 20810305);
INSERT INTO chargingSituation
VALUES ('CS2119020092', 'FE1843351679', 'P1811462751', 'SF1443696079', 20890304);
INSERT INTO chargingSituation
VALUES ('CS2119234822', 'FE1132867452', 'P1616390139', 'SF1939583739', 20930317);
INSERT INTO chargingSituation
VALUES ('CS2119355912', 'FE1296879355', 'P223017629', 'SF1325604751', 20891121);
INSERT INTO chargingSituation
VALUES ('CS2120340524', 'FE1922995482', 'P1710999968', 'SF1709578796', 20120919);
INSERT INTO chargingSituation
VALUES ('CS2125429821', 'FE2027389108', 'P1560295491', 'SF1325604751', 20710722);
INSERT INTO chargingSituation
VALUES ('CS2130002717', 'FE1848219871', 'P1616390139', 'SF863234597', 20320221);
INSERT INTO chargingSituation
VALUES ('CS2132393183', 'FE778771293', 'P915493383', 'SF1723219020', 20781002);
INSERT INTO chargingSituation
VALUES ('CS2139246474', 'FE179382563', 'P569061242', 'SF1443696079', 20261126);
INSERT INTO chargingSituation
VALUES ('CS2144172024', 'FE916946595', 'P1589804737', 'SF1651258223', 20311202);
INSERT INTO chargingSituation
VALUES ('CS2144349173', 'FE1563861827', 'P513686281', 'SF667054813', 20410414);
INSERT INTO chargingSituation
VALUES ('CS2144529792', 'FE791313134', 'P2072627185', 'SF809675534', 20900514);
INSERT INTO chargingSituation
VALUES ('CS2144542203', 'FE255786019', 'P2030891715', 'SF1838239550', 20790508);
INSERT INTO chargingSituation
VALUES ('CS2146026701', 'FE1014630138', 'P1083933649', 'SF113450204', 20320830);
INSERT INTO chargingSituation
VALUES ('CS2146407965', 'FE2120360139', 'P806400483', 'SF819718857', 20170901);
INSERT INTO chargingSituation
VALUES ('CS214863408', 'FE115048897', 'P173478313', 'SF1757995487', 20590206);
INSERT INTO chargingSituation
VALUES ('CS215570034', 'FE372091378', 'P352905983', 'SF1929755947', 20300927);
INSERT INTO chargingSituation
VALUES ('CS217529912', 'FE1982840091', 'P302254495', 'SF1325604751', 20700507);
INSERT INTO chargingSituation
VALUES ('CS220704253', 'FE1461856672', 'P343234337', 'SF1709578796', 20610118);
INSERT INTO chargingSituation
VALUES ('CS221016693', 'FE685007020', 'P676672518', 'SF113450204', 20990521);
INSERT INTO chargingSituation
VALUES ('CS223381174', 'FE1823777950', 'P1395161311', 'SF907234094', 20270811);
INSERT INTO chargingSituation
VALUES ('CS223462899', 'FE1813258257', 'P569061242', 'SF1177605698', 20971229);
INSERT INTO chargingSituation
VALUES ('CS223725274', 'FE1830799478', 'P1624077991', 'SF113450204', 20930121);
INSERT INTO chargingSituation
VALUES ('CS224387211', 'FE1886209656', 'P1811462751', 'SF798969889', 20300603);
INSERT INTO chargingSituation
VALUES ('CS228377206', 'FE948889477', 'P266066583', 'SF205293560', 20761121);
INSERT INTO chargingSituation
VALUES ('CS230147834', 'FE1815130668', 'P450032931', 'SF2130413404', 20231120);
INSERT INTO chargingSituation
VALUES ('CS231802777', 'FE1527476400', 'P1122651442', 'SF2110164235', 20260603);
INSERT INTO chargingSituation
VALUES ('CS233829739', 'FE925417471', 'P2058377165', 'SF1040003242', 20340920);
INSERT INTO chargingSituation
VALUES ('CS23502802', 'FE1536323646', 'P1389750852', 'SF765783780', 20011224);
INSERT INTO chargingSituation
VALUES ('CS237112721', 'FE1089841399', 'P1709326847', 'SF205293560', 20170925);
INSERT INTO chargingSituation
VALUES ('CS238918742', 'FE1236855225', 'P972792497', 'SF1707111159', 20331022);
INSERT INTO chargingSituation
VALUES ('CS240069436', 'FE715514014', 'P910845410', 'SF1035725393', 20800515);
INSERT INTO chargingSituation
VALUES ('CS247346990', 'FE1256581804', 'P1122651442', 'SF2110164235', 20101223);
INSERT INTO chargingSituation
VALUES ('CS25008651', 'FE1141770177', 'P1464332492', 'SF205293560', 20690525);
INSERT INTO chargingSituation
VALUES ('CS25081865', 'FE1276338562', 'P1154073421', 'SF2131836294', 20960501);
INSERT INTO chargingSituation
VALUES ('CS257565801', 'FE2120360139', 'P243477031', 'SF1035725393', 20360307);
INSERT INTO chargingSituation
VALUES ('CS258278582', 'FE306944664', 'P1636468061', 'SF1389198663', 20500303);
INSERT INTO chargingSituation
VALUES ('CS259801399', 'FE1712124267', 'P131430181', 'SF863234597', 20340304);
INSERT INTO chargingSituation
VALUES ('CS262019535', 'FE1288304963', 'P1418380810', 'SF965085361', 20220625);
INSERT INTO chargingSituation
VALUES ('CS262742633', 'FE1902387455', 'P1351059175', 'SF863234597', 20790331);
INSERT INTO chargingSituation
VALUES ('CS264985406', 'FE400591720', 'P78412099', 'SF67306935', 20751029);
INSERT INTO chargingSituation
VALUES ('CS26625084', 'FE1117222684', 'P2112940129', 'SF1443696079', 20290927);
INSERT INTO chargingSituation
VALUES ('CS272213135', 'FE1288181501', 'P2123460366', 'SF1510125838', 20480508);
INSERT INTO chargingSituation
VALUES ('CS276015809', 'FE591480261', 'P783264484', 'SF113450204', 20870321);
INSERT INTO chargingSituation
VALUES ('CS277514676', 'FE1231005277', 'P1665256347', 'SF1929623560', 20030521);
INSERT INTO chargingSituation
VALUES ('CS280648949', 'FE98626543', 'P809491004', 'SF71679732', 20411108);
INSERT INTO chargingSituation
VALUES ('CS285298846', 'FE37554990', 'P711092231', 'SF608473196', 20030806);
INSERT INTO chargingSituation
VALUES ('CS285861171', 'FE310189198', 'P1952193500', 'SF1621971018', 20301011);
INSERT INTO chargingSituation
VALUES ('CS286302441', 'FE354422884', 'P1416318189', 'SF291878158', 20071001);
INSERT INTO chargingSituation
VALUES ('CS290726465', 'FE1343576977', 'P176345554', 'SF309484508', 20990417);
INSERT INTO chargingSituation
VALUES ('CS294571145', 'FE1906788074', 'P1636468061', 'SF1760312546', 20720429);
INSERT INTO chargingSituation
VALUES ('CS297986899', 'FE1284289980', 'P1707740451', 'SF658493989', 20450707);
INSERT INTO chargingSituation
VALUES ('CS30294419', 'FE1813258257', 'P260715509', 'SF2032619573', 20490512);
INSERT INTO chargingSituation
VALUES ('CS303505594', 'FE340193203', 'P1395161311', 'SF819718857', 20590828);
INSERT INTO chargingSituation
VALUES ('CS303671785', 'FE713568070', 'P1151944769', 'SF765783780', 20950729);
INSERT INTO chargingSituation
VALUES ('CS303853352', 'FE2035681264', 'P1811462751', 'SF1155426710', 20791213);
INSERT INTO chargingSituation
VALUES ('CS305726388', 'FE1276338562', 'P1861525866', 'SF1651258223', 20491205);
INSERT INTO chargingSituation
VALUES ('CS306653027', 'FE1076367730', 'P542592078', 'SF743551758', 20750909);
INSERT INTO chargingSituation
VALUES ('CS307067665', 'FE1906416364', 'P611463152', 'SF1040003242', 20220601);
INSERT INTO chargingSituation
VALUES ('CS307257439', 'FE677107669', 'P582277581', 'SF1040003242', 20510925);
INSERT INTO chargingSituation
VALUES ('CS309132247', 'FE236399490', 'P1251252662', 'SF1838239550', 20191026);
INSERT INTO chargingSituation
VALUES ('CS309740240', 'FE953436733', 'P963148872', 'SF1550134583', 20430807);
INSERT INTO chargingSituation
VALUES ('CS31282952', 'FE1857459656', 'P766801381', 'SF205293560', 20350201);
INSERT INTO chargingSituation
VALUES ('CS312944809', 'FE513251462', 'P1190886194', 'SF2130413404', 20740802);
INSERT INTO chargingSituation
VALUES ('CS314519340', 'FE1877632691', 'P2087702062', 'SF765783780', 20950718);
INSERT INTO chargingSituation
VALUES ('CS318218994', 'FE884247423', 'P1879905131', 'SF1651258223', 20621008);
INSERT INTO chargingSituation
VALUES ('CS318410550', 'FE1143460543', 'P1181333825', 'SF71679732', 20380414);
INSERT INTO chargingSituation
VALUES ('CS319161164', 'FE1403774352', 'P439635797', 'SF1035725393', 20581124);
INSERT INTO chargingSituation
VALUES ('CS320738317', 'FE1974008359', 'P915493383', 'SF67306935', 20931118);
INSERT INTO chargingSituation
VALUES ('CS321548343', 'FE674710317', 'P238904226', 'SF765783780', 20050228);
INSERT INTO chargingSituation
VALUES ('CS329508590', 'FE280203473', 'P1538410718', 'SF809675534', 20581224);
INSERT INTO chargingSituation
VALUES ('CS329743350', 'FE1076367730', 'P2072627185', 'SF965085361', 20400304);
INSERT INTO chargingSituation
VALUES ('CS33129108', 'FE1786504271', 'P1078536393', 'SF907234094', 20531215);
INSERT INTO chargingSituation
VALUES ('CS333293361', 'FE188860429', 'P936030502', 'SF1760312546', 20400124);
INSERT INTO chargingSituation
VALUES ('CS333946689', 'FE946869654', 'P178652697', 'SF1035725393', 20040407);
INSERT INTO chargingSituation
VALUES ('CS334849525', 'FE683816508', 'P405869623', 'SF2130413404', 20380126);
INSERT INTO chargingSituation
VALUES ('CS335784494', 'FE1065865484', 'P809491004', 'SF1155426710', 20630504);
INSERT INTO chargingSituation
VALUES ('CS337574019', 'FE113729810', 'P2130533338', 'SF1929623560', 20030719);
INSERT INTO chargingSituation
VALUES ('CS339433839', 'FE1877632691', 'P626938485', 'SF1510125838', 20180804);
INSERT INTO chargingSituation
VALUES ('CS340145118', 'FE513251462', 'P306102037', 'SF1177605698', 20400710);
INSERT INTO chargingSituation
VALUES ('CS345085508', 'FE285642690', 'P1048852753', 'SF1929623560', 20790604);
INSERT INTO chargingSituation
VALUES ('CS345275933', 'FE383804695', 'P783264484', 'SF67306935', 20471112);
INSERT INTO chargingSituation
VALUES ('CS345721420', 'FE115048897', 'P720107427', 'SF1389198663', 20571001);
INSERT INTO chargingSituation
VALUES ('CS349262041', 'FE1418873055', 'P1190886194', 'SF245676536', 20300301);
INSERT INTO chargingSituation
VALUES ('CS354480370', 'FE1129408972', 'P1811462751', 'SF667054813', 20121109);
INSERT INTO chargingSituation
VALUES ('CS355341758', 'FE324439728', 'P1825654354', 'SF1939583739', 20860518);
INSERT INTO chargingSituation
VALUES ('CS355715593', 'FE632747430', 'P610754953', 'SF863234597', 20120304);
INSERT INTO chargingSituation
VALUES ('CS357055384', 'FE2043776633', 'P2050612820', 'SF2081721216', 20560807);
INSERT INTO chargingSituation
VALUES ('CS360426456', 'FE2061355536', 'P940430177', 'SF245676536', 20200629);
INSERT INTO chargingSituation
VALUES ('CS361177349', 'FE677107669', 'P239292440', 'SF1838239550', 20650526);
INSERT INTO chargingSituation
VALUES ('CS361336908', 'FE1716284395', 'P305287957', 'SF1592371108', 20640128);
INSERT INTO chargingSituation
VALUES ('CS362870153', 'FE944229134', 'P636858426', 'SF1155426710', 20270304);
INSERT INTO chargingSituation
VALUES ('CS364052034', 'FE1142641659', 'P2123460366', 'SF205293560', 20720626);
INSERT INTO chargingSituation
VALUES ('CS364245291', 'FE23241455', 'P1396032798', 'SF1929755947', 20860513);
INSERT INTO chargingSituation
VALUES ('CS365618014', 'FE794473156', 'P1624077991', 'SF765783780', 20980405);
INSERT INTO chargingSituation
VALUES ('CS367978280', 'FE490111529', 'P1263189695', 'SF205293560', 20360405);
INSERT INTO chargingSituation
VALUES ('CS368053490', 'FE1922995482', 'P856678785', 'SF1838239550', 20400710);
INSERT INTO chargingSituation
VALUES ('CS370363470', 'FE356591000', 'P1060397981', 'SF2131836294', 20600209);
INSERT INTO chargingSituation
VALUES ('CS371150146', 'FE1790271259', 'P366014681', 'SF743551758', 20480613);
INSERT INTO chargingSituation
VALUES ('CS373937381', 'FE1639620138', 'P13269296', 'SF863234597', 20610908);
INSERT INTO chargingSituation
VALUES ('CS374284547', 'FE2027389108', 'P238104506', 'SF809675534', 20620930);
INSERT INTO chargingSituation
VALUES ('CS374745268', 'FE2120360139', 'P581444820', 'SF863234597', 20020915);
INSERT INTO chargingSituation
VALUES ('CS379074872', 'FE2906305', 'P1801068109', 'SF608473196', 20880219);
INSERT INTO chargingSituation
VALUES ('CS379083972', 'FE1595137234', 'P840779734', 'SF667054813', 20600822);
INSERT INTO chargingSituation
VALUES ('CS380167937', 'FE1458915917', 'P2044103935', 'SF863234597', 20231228);
INSERT INTO chargingSituation
VALUES ('CS380373518', 'FE529422228', 'P1710999968', 'SF1592371108', 20210827);
INSERT INTO chargingSituation
VALUES ('CS387627571', 'FE513251462', 'P1580323660', 'SF67306935', 20720816);
INSERT INTO chargingSituation
VALUES ('CS388079858', 'FE849271611', 'P972792497', 'SF205293560', 20000327);
INSERT INTO chargingSituation
VALUES ('CS390314599', 'FE1854167613', 'P1532774863', 'SF765783780', 20780317);
INSERT INTO chargingSituation
VALUES ('CS391291834', 'FE1262973040', 'P856678785', 'SF1838239550', 20950910);
INSERT INTO chargingSituation
VALUES ('CS393292028', 'FE585501062', 'P757736857', 'SF2032619573', 20991001);
INSERT INTO chargingSituation
VALUES ('CS393960615', 'FE1143460543', 'P1462051302', 'SF205293560', 20880319);
INSERT INTO chargingSituation
VALUES ('CS396447796', 'FE1717772195', 'P371614637', 'SF1929623560', 20231203);
INSERT INTO chargingSituation
VALUES ('CS396841924', 'FE1982614594', 'P1883363067', 'SF1592371108', 20381003);
INSERT INTO chargingSituation
VALUES ('CS398711672', 'FE945833453', 'P930492468', 'SF1757995487', 20340810);
INSERT INTO chargingSituation
VALUES ('CS39995772', 'FE566069015', 'P1098435381', 'SF1177605698', 20370512);
INSERT INTO chargingSituation
VALUES ('CS403144178', 'FE466455057', 'P477485259', 'SF1040003242', 20701113);
INSERT INTO chargingSituation
VALUES ('CS403269129', 'FE1855418383', 'P1999444570', 'SF1838239550', 20910729);
INSERT INTO chargingSituation
VALUES ('CS404798710', 'FE1969166045', 'P1304309296', 'SF205293560', 20160902);
INSERT INTO chargingSituation
VALUES ('CS405186448', 'FE563247754', 'P433580965', 'SF291878158', 20440107);
INSERT INTO chargingSituation
VALUES ('CS406716713', 'FE1014630138', 'P940143086', 'SF1838239550', 20720805);
INSERT INTO chargingSituation
VALUES ('CS408367214', 'FE1745561870', 'P1970665427', 'SF658493989', 20610309);
INSERT INTO chargingSituation
VALUES ('CS41255094', 'FE1389867642', 'P2070292917', 'SF2110164235', 20341127);
INSERT INTO chargingSituation
VALUES ('CS413209715', 'FE1203391538', 'P1638848578', 'SF907234094', 20011217);
INSERT INTO chargingSituation
VALUES ('CS419744776', 'FE922151075', 'P591557744', 'SF1707111159', 20040512);
INSERT INTO chargingSituation
VALUES ('CS420052974', 'FE1972988021', 'P1031731763', 'SF71679732', 20770612);
INSERT INTO chargingSituation
VALUES ('CS421920299', 'FE1690066376', 'P1053799517', 'SF608473196', 20510630);
INSERT INTO chargingSituation
VALUES ('CS423926079', 'FE687740635', 'P1949125401', 'SF309484508', 20060902);
INSERT INTO chargingSituation
VALUES ('CS424486764', 'FE1162858739', 'P1581918001', 'SF1177605698', 20600620);
INSERT INTO chargingSituation
VALUES ('CS424942193', 'FE1236855225', 'P1826927005', 'SF291878158', 20460522);
INSERT INTO chargingSituation
VALUES ('CS426637470', 'FE108847104', 'P1064866490', 'SF1040003242', 20130604);
INSERT INTO chargingSituation
VALUES ('CS428766629', 'FE1974008359', 'P1464332492', 'SF1325240132', 20500111);
INSERT INTO chargingSituation
VALUES ('CS429320936', 'FE1743186506', 'P1138232830', 'SF1389198663', 20290125);
INSERT INTO chargingSituation
VALUES ('CS429653902', 'FE1791026150', 'P1311094699', 'SF743551758', 20150304);
INSERT INTO chargingSituation
VALUES ('CS43358581', 'FE1840089961', 'P1547400195', 'SF819718857', 20870814);
INSERT INTO chargingSituation
VALUES ('CS435124767', 'FE1016195230', 'P1736373765', 'SF71679732', 20590426);
INSERT INTO chargingSituation
VALUES ('CS43593714', 'FE891529579', 'P1673350279', 'SF2130413404', 20591222);
INSERT INTO chargingSituation
VALUES ('CS4366324', 'FE1396747892', 'P1864392511', 'SF205293560', 20460511);
INSERT INTO chargingSituation
VALUES ('CS437085638', 'FE383804695', 'P239292440', 'SF1987814724', 20670919);
INSERT INTO chargingSituation
VALUES ('CS437267864', 'FE1343576977', 'P1999444570', 'SF2110164235', 20690418);
INSERT INTO chargingSituation
VALUES ('CS439842370', 'FE1144445430', 'P984338331', 'SF71679732', 20650503);
INSERT INTO chargingSituation
VALUES ('CS441625135', 'FE1743186506', 'P2008546194', 'SF743551758', 20371120);
INSERT INTO chargingSituation
VALUES ('CS445692418', 'FE1868572186', 'P1154940277', 'SF658493989', 20950811);
INSERT INTO chargingSituation
VALUES ('CS451998464', 'FE1612752757', 'P317466009', 'SF71679732', 20770202);
INSERT INTO chargingSituation
VALUES ('CS452875336', 'FE162953050', 'P1952193500', 'SF71679732', 20740509);
INSERT INTO chargingSituation
VALUES ('CS456582652', 'FE1840089961', 'P1872781656', 'SF2131836294', 20141215);
INSERT INTO chargingSituation
VALUES ('CS457205366', 'FE479974080', 'P1567177872', 'SF1510125838', 20790629);
INSERT INTO chargingSituation
VALUES ('CS459519970', 'FE440803111', 'P1041616952', 'SF608473196', 20970522);
INSERT INTO chargingSituation
VALUES ('CS461221365', 'FE1389867642', 'P843114164', 'SF1709578796', 20510111);
INSERT INTO chargingSituation
VALUES ('CS464625992', 'FE1827901689', 'P1224656458', 'SF1443696079', 20850618);
INSERT INTO chargingSituation
VALUES ('CS464939849', 'FE1889417161', 'P1799640228', 'SF798969889', 20670205);
INSERT INTO chargingSituation
VALUES ('CS46558493', 'FE400591720', 'P2087702062', 'SF1651258223', 20910830);
INSERT INTO chargingSituation
VALUES ('CS469052540', 'FE1491453662', 'P370063718', 'SF1035725393', 20660805);
INSERT INTO chargingSituation
VALUES ('CS471950214', 'FE946869654', 'P1416318189', 'SF1592371108', 20740123);
INSERT INTO chargingSituation
VALUES ('CS473395670', 'FE1895657399', 'P984338331', 'SF1592371108', 20290808);
INSERT INTO chargingSituation
VALUES ('CS475953360', 'FE1683841900', 'P2130533338', 'SF2081721216', 20781112);
INSERT INTO chargingSituation
VALUES ('CS476597791', 'FE1749065698', 'P610754953', 'SF1040003242', 20270520);
INSERT INTO chargingSituation
VALUES ('CS477026496', 'FE652043059', 'P1826927005', 'SF1939583739', 20041130);
INSERT INTO chargingSituation
VALUES ('CS478991368', 'FE1378392681', 'P87256909', 'SF798969889', 20020825);
INSERT INTO chargingSituation
VALUES ('CS48060957', 'FE1196865285', 'P1546919349', 'SF1987814724', 20810427);
INSERT INTO chargingSituation
VALUES ('CS482064624', 'FE33014862', 'P1532179767', 'SF1723219020', 20510507);
INSERT INTO chargingSituation
VALUES ('CS483041914', 'FE1763693968', 'P1832098684', 'SF1760312546', 20290418);
INSERT INTO chargingSituation
VALUES ('CS483636811', 'FE796958013', 'P483260393', 'SF749524158', 20801209);
INSERT INTO chargingSituation
VALUES ('CS485234305', 'FE184063615', 'P78412099', 'SF863234597', 20460621);
INSERT INTO chargingSituation
VALUES ('CS486749841', 'FE626545438', 'P352905983', 'SF765783780', 20750729);
INSERT INTO chargingSituation
VALUES ('CS487514217', 'FE1455320700', 'P1504929420', 'SF667054813', 20020614);
INSERT INTO chargingSituation
VALUES ('CS489848341', 'FE1848219871', 'P1624077991', 'SF1651258223', 20370605);
INSERT INTO chargingSituation
VALUES ('CS492216859', 'FE1415755515', 'P68402403', 'SF1040003242', 20890707);
INSERT INTO chargingSituation
VALUES ('CS493155697', 'FE1922995482', 'P1712153524', 'SF1760312546', 20140807);
INSERT INTO chargingSituation
VALUES ('CS499301954', 'FE1414863523', 'P740114045', 'SF1987814724', 20410502);
INSERT INTO chargingSituation
VALUES ('CS501884396', 'FE983789933', 'P1273379930', 'SF1510125838', 20241112);
INSERT INTO chargingSituation
VALUES ('CS502990301', 'FE179382563', 'P983761957', 'SF1510125838', 20390309);
INSERT INTO chargingSituation
VALUES ('CS504201177', 'FE1584340885', 'P1251613346', 'SF2131836294', 20360429);
INSERT INTO chargingSituation
VALUES ('CS505676564', 'FE1439891226', 'P194740379', 'SF1987814724', 20050502);
INSERT INTO chargingSituation
VALUES ('CS505680047', 'FE1025580783', 'P42548480', 'SF809675534', 20330415);
INSERT INTO chargingSituation
VALUES ('CS5068057', 'FE1355164192', 'P95742107', 'SF658493989', 20680427);
INSERT INTO chargingSituation
VALUES ('CS509531731', 'FE1000672691', 'P1722508607', 'SF2110164235', 20360205);
INSERT INTO chargingSituation
VALUES ('CS510823455', 'FE479974080', 'P901532951', 'SF1389198663', 20911105);
INSERT INTO chargingSituation
VALUES ('CS518314015', 'FE340193203', 'P552298041', 'SF106958357', 20850319);
INSERT INTO chargingSituation
VALUES ('CS51917432', 'FE1528424231', 'P610754953', 'SF1592371108', 20640123);
INSERT INTO chargingSituation
VALUES ('CS523593503', 'FE1129408972', 'P75564007', 'SF809675534', 20010925);
INSERT INTO chargingSituation
VALUES ('CS528246998', 'FE472931493', 'P1362575169', 'SF2131836294', 20860325);
INSERT INTO chargingSituation
VALUES ('CS528836189', 'FE1558049710', 'P552298041', 'SF67306935', 20891030);
INSERT INTO chargingSituation
VALUES ('CS533811095', 'FE1848219871', 'P1389750852', 'SF2131836294', 20410131);
INSERT INTO chargingSituation
VALUES ('CS537332938', 'FE1142641659', 'P641063827', 'SF798969889', 20550305);
INSERT INTO chargingSituation
VALUES ('CS538207790', 'FE1972988021', 'P328902374', 'SF1550134583', 20380707);
INSERT INTO chargingSituation
VALUES ('CS539602288', 'FE669555006', 'P206574925', 'SF1987814724', 20260815);
INSERT INTO chargingSituation
VALUES ('CS540477242', 'FE1997038610', 'P1448292947', 'SF1035725393', 20741016);
INSERT INTO chargingSituation
VALUES ('CS54055941', 'FE1196865285', 'P810992222', 'SF2110164235', 20260826);
INSERT INTO chargingSituation
VALUES ('CS541783492', 'FE801026187', 'P378792538', 'SF205293560', 20870408);
INSERT INTO chargingSituation
VALUES ('CS544126751', 'FE1683841900', 'P720107427', 'SF1838239550', 20360212);
INSERT INTO chargingSituation
VALUES ('CS54421875', 'FE61496832', 'P705328889', 'SF1035725393', 20600403);
INSERT INTO chargingSituation
VALUES ('CS545008811', 'FE1308000946', 'P189982987', 'SF667054813', 20590203);
INSERT INTO chargingSituation
VALUES ('CS547184073', 'FE2135864079', 'P219213430', 'SF300732922', 20290816);
INSERT INTO chargingSituation
VALUES ('CS547782658', 'FE1974614744', 'P1767571610', 'SF1987814724', 20041001);
INSERT INTO chargingSituation
VALUES ('CS549840502', 'FE528101555', 'P611463152', 'SF2131836294', 20931123);
INSERT INTO chargingSituation
VALUES ('CS549898688', 'FE980188122', 'P1434760319', 'SF765783780', 20430326);
INSERT INTO chargingSituation
VALUES ('CS550337467', 'FE1784655266', 'P857288839', 'SF819718857', 20180201);
INSERT INTO chargingSituation
VALUES ('CS551791737', 'FE1623934046', 'P1909099161', 'SF1155426710', 20040819);
INSERT INTO chargingSituation
VALUES ('CS554097396', 'FE1215705528', 'P1707740451', 'SF67306935', 20940619);
INSERT INTO chargingSituation
VALUES ('CS555258324', 'FE968539709', 'P467057660', 'SF1325240132', 20630814);
INSERT INTO chargingSituation
VALUES ('CS555471025', 'FE643128168', 'P433739973', 'SF1709578796', 20160710);
INSERT INTO chargingSituation
VALUES ('CS55883093', 'FE1232469059', 'P1233236829', 'SF1325604751', 20120909);
INSERT INTO chargingSituation
VALUES ('CS562767466', 'FE447340049', 'P35253775', 'SF1389198663', 20710411);
INSERT INTO chargingSituation
VALUES ('CS565333597', 'FE1840089961', 'P2130533338', 'SF1325604751', 20730409);
INSERT INTO chargingSituation
VALUES ('CS565379580', 'FE2061355536', 'P170450200', 'SF2131836294', 20360522);
INSERT INTO chargingSituation
VALUES ('CS565976462', 'FE1649659949', 'P972792497', 'SF67306935', 20730717);
INSERT INTO chargingSituation
VALUES ('CS56603338', 'FE256497862', 'P723099006', 'SF684900388', 20130331);
INSERT INTO chargingSituation
VALUES ('CS566788123', 'FE703557863', 'P13269296', 'SF819718857', 20501020);
INSERT INTO chargingSituation
VALUES ('CS567376651', 'FE1232469059', 'P856678785', 'SF1510125838', 20430717);
INSERT INTO chargingSituation
VALUES ('CS573171567', 'FE1563861827', 'P1078589272', 'SF2081721216', 20420917);
INSERT INTO chargingSituation
VALUES ('CS57401914', 'FE683816508', 'P1340435365', 'SF749524158', 20350831);
INSERT INTO chargingSituation
VALUES ('CS574679586', 'FE321481480', 'P720107427', 'SF1177605698', 20330218);
INSERT INTO chargingSituation
VALUES ('CS575225625', 'FE1716284395', 'P1282776228', 'SF667054813', 20611007);
INSERT INTO chargingSituation
VALUES ('CS576421598', 'FE1180725625', 'P1596336553', 'SF608473196', 20050708);
INSERT INTO chargingSituation
VALUES ('CS577196723', 'FE542863944', 'P302254495', 'SF749524158', 20650616);
INSERT INTO chargingSituation
VALUES ('CS579287164', 'FE948889477', 'P1564720366', 'SF1621971018', 20690427);
INSERT INTO chargingSituation
VALUES ('CS581436090', 'FE1868572186', 'P990577804', 'SF2110164235', 20050819);
INSERT INTO chargingSituation
VALUES ('CS581740969', 'FE998075487', 'P1825654354', 'SF743551758', 20220706);
INSERT INTO chargingSituation
VALUES ('CS587142994', 'FE944594523', 'P467057660', 'SF67306935', 20351215);
INSERT INTO chargingSituation
VALUES ('CS58716535', 'FE586996704', 'P1947655423', 'SF205293560', 20780905);
INSERT INTO chargingSituation
VALUES ('CS588095311', 'FE695671896', 'P1593722525', 'SF309484508', 20460505);
INSERT INTO chargingSituation
VALUES ('CS592438182', 'FE1288181501', 'P1128112195', 'SF1621971018', 20560606);
INSERT INTO chargingSituation
VALUES ('CS594779785', 'FE1719054859', 'P330342919', 'SF684900388', 20600319);
INSERT INTO chargingSituation
VALUES ('CS595867159', 'FE1236855225', 'P1638848578', 'SF1987814724', 20770119);
INSERT INTO chargingSituation
VALUES ('CS596347772', 'FE1605311467', 'P1136725802', 'SF113450204', 20590115);
INSERT INTO chargingSituation
VALUES ('CS599246100', 'FE2133023691', 'P222715119', 'SF1550134583', 20131203);
INSERT INTO chargingSituation
VALUES ('CS602182550', 'FE1867845511', 'P433739973', 'SF291878158', 20570405);
INSERT INTO chargingSituation
VALUES ('CS602653583', 'FE998790359', 'P1122651442', 'SF1035725393', 20901215);
INSERT INTO chargingSituation
VALUES ('CS603972604', 'FE1520944397', 'P1879905131', 'SF1757995487', 20841128);
INSERT INTO chargingSituation
VALUES ('CS604499542', 'FE291876374', 'P1455342465', 'SF798969889', 20810109);
INSERT INTO chargingSituation
VALUES ('CS608105225', 'FE292364772', 'P1263183857', 'SF2130413404', 20730501);
INSERT INTO chargingSituation
VALUES ('CS611320775', 'FE722625304', 'P636260616', 'SF965085361', 20520206);
INSERT INTO chargingSituation
VALUES ('CS611826430', 'FE848037232', 'P1712153524', 'SF1723219020', 20790311);
INSERT INTO chargingSituation
VALUES ('CS612120847', 'FE1854167613', 'P1883363067', 'SF300732922', 20120201);
INSERT INTO chargingSituation
VALUES ('CS61300331', 'FE37554990', 'P963148872', 'SF809675534', 20880922);
INSERT INTO chargingSituation
VALUES ('CS615941961', 'FE968539709', 'P141998013', 'SF1325240132', 20790707);
INSERT INTO chargingSituation
VALUES ('CS617110393', 'FE596078504', 'P169421920', 'SF1760312546', 20170416);
INSERT INTO chargingSituation
VALUES ('CS619065969', 'FE529422228', 'P1547400195', 'SF205293560', 20440727);
INSERT INTO chargingSituation
VALUES ('CS620779366', 'FE285642690', 'P1826927005', 'SF1723219020', 20930201);
INSERT INTO chargingSituation
VALUES ('CS621301452', 'FE1843351679', 'P915493383', 'SF1040003242', 20210224);
INSERT INTO chargingSituation
VALUES ('CS624276669', 'FE547905579', 'P1832098684', 'SF1723219020', 20470820);
INSERT INTO chargingSituation
VALUES ('CS631941812', 'FE1929746289', 'P248383922', 'SF684900388', 20520802);
INSERT INTO chargingSituation
VALUES ('CS635082045', 'FE974636475', 'P328902374', 'SF2081721216', 20290103);
INSERT INTO chargingSituation
VALUES ('CS635799836', 'FE203637126', 'P1315370054', 'SF1757995487', 20650325);
INSERT INTO chargingSituation
VALUES ('CS637375040', 'FE1461856672', 'P1707740451', 'SF2130413404', 20700521);
INSERT INTO chargingSituation
VALUES ('CS64292459', 'FE910512246', 'P2058377165', 'SF205293560', 20370612);
INSERT INTO chargingSituation
VALUES ('CS644110243', 'FE974636475', 'P848938225', 'SF658493989', 20400726);
INSERT INTO chargingSituation
VALUES ('CS644363328', 'FE1458915917', 'P267567645', 'SF1592371108', 20140817);
INSERT INTO chargingSituation
VALUES ('CS645103743', 'FE1879186220', 'P173478313', 'SF2110164235', 20270805);
INSERT INTO chargingSituation
VALUES ('CS645833060', 'FE1389867642', 'P673679084', 'SF1621971018', 20610918);
INSERT INTO chargingSituation
VALUES ('CS646658392', 'FE1743186506', 'P1689453474', 'SF2081721216', 20861126);
INSERT INTO chargingSituation
VALUES ('CS647475883', 'FE1612752757', 'P206870410', 'SF965085361', 20550521);
INSERT INTO chargingSituation
VALUES ('CS647858642', 'FE1240371312', 'P868932792', 'SF71679732', 20840319);
INSERT INTO chargingSituation
VALUES ('CS648229658', 'FE1474344243', 'P1227835360', 'SF1939583739', 20020523);
INSERT INTO chargingSituation
VALUES ('CS649133379', 'FE729860581', 'P1192472310', 'SF749524158', 20540129);
INSERT INTO chargingSituation
VALUES ('CS65070027', 'FE1005291379', 'P1433601294', 'SF1929755947', 20021101);
INSERT INTO chargingSituation
VALUES ('CS654473104', 'FE194628665', 'P524562498', 'SF907234094', 20840606);
INSERT INTO chargingSituation
VALUES ('CS656301714', 'FE1014630138', 'P1851503224', 'SF1550134583', 20770831);
INSERT INTO chargingSituation
VALUES ('CS657162951', 'FE1396747892', 'P1017983990', 'SF2081721216', 20720923);
INSERT INTO chargingSituation
VALUES ('CS662193942', 'FE258617339', 'P139750196', 'SF1709578796', 20560916);
INSERT INTO chargingSituation
VALUES ('CS663106259', 'FE963551531', 'P691220985', 'SF863234597', 20680130);
INSERT INTO chargingSituation
VALUES ('CS663126458', 'FE791313134', 'P810992222', 'SF1155426710', 20040902);
INSERT INTO chargingSituation
VALUES ('CS668414483', 'FE280203473', 'P1958740748', 'SF2110164235', 20371119);
INSERT INTO chargingSituation
VALUES ('CS66889502', 'FE2906305', 'P78412099', 'SF819718857', 20171028);
INSERT INTO chargingSituation
VALUES ('CS669689494', 'FE1403042441', 'P705328889', 'SF1939583739', 20800222);
INSERT INTO chargingSituation
VALUES ('CS671406748', 'FE2140838939', 'P984338331', 'SF1443696079', 20430216);
INSERT INTO chargingSituation
VALUES ('CS671451218', 'FE1924594078', 'P930492468', 'SF1155426710', 20221130);
INSERT INTO chargingSituation
VALUES ('CS672121802', 'FE1808413990', 'P1372459001', 'SF1760312546', 20761103);
INSERT INTO chargingSituation
VALUES ('CS673436511', 'FE566069015', 'P1219628123', 'SF67306935', 20111119);
INSERT INTO chargingSituation
VALUES ('CS673867606', 'FE400591720', 'P1826927005', 'SF1550134583', 20690615);
INSERT INTO chargingSituation
VALUES ('CS677092653', 'FE945833453', 'P626938485', 'SF106958357', 20640120);
INSERT INTO chargingSituation
VALUES ('CS689054599', 'FE1284289980', 'P1826242231', 'SF71679732', 20110504);
INSERT INTO chargingSituation
VALUES ('CS689552165', 'FE1712124267', 'P1977207637', 'SF907234094', 20771211);
INSERT INTO chargingSituation
VALUES ('CS690103666', 'FE383804695', 'P251426478', 'SF300732922', 20490817);
INSERT INTO chargingSituation
VALUES ('CS690159913', 'FE1240371312', 'P239292440', 'SF1550134583', 20321205);
INSERT INTO chargingSituation
VALUES ('CS690698334', 'FE1528767571', 'P1646707806', 'SF1035725393', 20820706);
INSERT INTO chargingSituation
VALUES ('CS692461347', 'FE938055165', 'P206574925', 'SF1155426710', 20671016);
INSERT INTO chargingSituation
VALUES ('CS693633368', 'FE1411826953', 'P1953767958', 'SF1723219020', 20150310);
INSERT INTO chargingSituation
VALUES ('CS695787238', 'FE1514399096', 'P1970428846', 'SF205293560', 20470815);
INSERT INTO chargingSituation
VALUES ('CS696587974', 'FE1587727011', 'P610754953', 'SF71679732', 20181103);
INSERT INTO chargingSituation
VALUES ('CS69679158', 'FE653773902', 'P548266714', 'SF765783780', 20590408);
INSERT INTO chargingSituation
VALUES ('CS697918942', 'FE1997038610', 'P1999444570', 'SF608473196', 20280322);
INSERT INTO chargingSituation
VALUES ('CS698919282', 'FE372091378', 'P1048852753', 'SF749524158', 20791106);
INSERT INTO chargingSituation
VALUES ('CS70029886', 'FE171738719', 'P284908002', 'SF106958357', 20171104);
INSERT INTO chargingSituation
VALUES ('CS703496699', 'FE1414865978', 'P1921593936', 'SF819718857', 20631115);
INSERT INTO chargingSituation
VALUES ('CS703970176', 'FE904314847', 'P1596336553', 'SF1592371108', 20280924);
INSERT INTO chargingSituation
VALUES ('CS707356242', 'FE1528767571', 'P1236411411', 'SF300732922', 20020905);
INSERT INTO chargingSituation
VALUES ('CS708089205', 'FE383804695', 'P796577380', 'SF2032619573', 20170114);
INSERT INTO chargingSituation
VALUES ('CS709367880', 'FE1787765364', 'P1235063269', 'SF2081721216', 20410214);
INSERT INTO chargingSituation
VALUES ('CS710362806', 'FE245280746', 'P317466009', 'SF1987814724', 20321213);
INSERT INTO chargingSituation
VALUES ('CS713866044', 'FE1089841399', 'P1589804737', 'SF71679732', 20620404);
INSERT INTO chargingSituation
VALUES ('CS714400330', 'FE1922995482', 'P82383332', 'SF863234597', 20510726);
INSERT INTO chargingSituation
VALUES ('CS715485503', 'FE160479920', 'P1400345213', 'SF809675534', 20070909);
INSERT INTO chargingSituation
VALUES ('CS717298958', 'FE413851677', 'P978919883', 'SF1550134583', 20470304);
INSERT INTO chargingSituation
VALUES ('CS718381041', 'FE1028783368', 'P559755645', 'SF684900388', 20830623);
INSERT INTO chargingSituation
VALUES ('CS718507052', 'FE1253977832', 'P494763507', 'SF309484508', 20891108);
INSERT INTO chargingSituation
VALUES ('CS718667334', 'FE922151075', 'P1689453474', 'SF863234597', 20350306);
INSERT INTO chargingSituation
VALUES ('CS719020891', 'FE1447214506', 'P2058844265', 'SF106958357', 20581002);
INSERT INTO chargingSituation
VALUES ('CS730714534', 'FE969522141', 'P1434760319', 'SF1838239550', 20810929);
INSERT INTO chargingSituation
VALUES ('CS730715971', 'FE1595137234', 'P1736373765', 'SF1723219020', 20340316);
INSERT INTO chargingSituation
VALUES ('CS736639760', 'FE1170739785', 'P834253914', 'SF1510125838', 20181105);
INSERT INTO chargingSituation
VALUES ('CS739918259', 'FE2061355536', 'P990577804', 'SF1325240132', 20950713);
INSERT INTO chargingSituation
VALUES ('CS740714410', 'FE523392216', 'P422007524', 'SF71679732', 20410131);
INSERT INTO chargingSituation
VALUES ('CS741597926', 'FE942175291', 'P87306425', 'SF245676536', 20920118);
INSERT INTO chargingSituation
VALUES ('CS744856733', 'FE1205999307', 'P1571601503', 'SF106958357', 20160521);
INSERT INTO chargingSituation
VALUES ('CS745194874', 'FE506378274', 'P248909', 'SF798969889', 20040918);
INSERT INTO chargingSituation
VALUES ('CS745368799', 'FE1628667407', 'P1624482097', 'SF863234597', 20090309);
INSERT INTO chargingSituation
VALUES ('CS747923406', 'FE252921834', 'P1872781656', 'SF765783780', 20561013);
INSERT INTO chargingSituation
VALUES ('CS748080737', 'FE1377780313', 'P422007524', 'SF1929755947', 20440917);
INSERT INTO chargingSituation
VALUES ('CS751681497', 'FE1231005277', 'P1017983990', 'SF2131836294', 20170819);
INSERT INTO chargingSituation
VALUES ('CS754127466', 'FE1906788074', 'P1396032798', 'SF2081721216', 20510701);
INSERT INTO chargingSituation
VALUES ('CS756526732', 'FE23241455', 'P256324488', 'SF1592371108', 20901215);
INSERT INTO chargingSituation
VALUES ('CS758939943', 'FE506378274', 'P1826242231', 'SF205293560', 20680814);
INSERT INTO chargingSituation
VALUES ('CS761689962', 'FE1106922362', 'P440988229', 'SF1707111159', 20040813);
INSERT INTO chargingSituation
VALUES ('CS761720716', 'FE235295719', 'P1624077991', 'SF907234094', 20380521);
INSERT INTO chargingSituation
VALUES ('CS763447277', 'FE2098624822', 'P366014681', 'SF309484508', 20600107);
INSERT INTO chargingSituation
VALUES ('CS764326331', 'FE332138668', 'P857288839', 'SF749524158', 20460514);
INSERT INTO chargingSituation
VALUES ('CS765808465', 'FE938055165', 'P103269683', 'SF1651258223', 20931102);
INSERT INTO chargingSituation
VALUES ('CS766818528', 'FE859870074', 'P1191275887', 'SF113450204', 20101022);
INSERT INTO chargingSituation
VALUES ('CS767774093', 'FE10850000', 'P219213430', 'SF1550134583', 20601113);
INSERT INTO chargingSituation
VALUES ('CS76904399', 'FE631876201', 'P248383922', 'SF1929623560', 20920403);
INSERT INTO chargingSituation
VALUES ('CS771470203', 'FE1929746289', 'P193473934', 'SF1621971018', 20681205);
INSERT INTO chargingSituation
VALUES ('CS77152017', 'FE725089067', 'P1303470662', 'SF1987814724', 20830210);
INSERT INTO chargingSituation
VALUES ('CS77516681', 'FE205711207', 'P1282776228', 'SF2081721216', 20690711);
INSERT INTO chargingSituation
VALUES ('CS776790312', 'FE1514399096', 'P1400345213', 'SF1389198663', 20910123);
INSERT INTO chargingSituation
VALUES ('CS779199352', 'FE995788375', 'P2115125516', 'SF1707111159', 20600516);
INSERT INTO chargingSituation
VALUES ('CS782424053', 'FE1846506790', 'P189982987', 'SF1592371108', 20510406);
INSERT INTO chargingSituation
VALUES ('CS785953331', 'FE302812517', 'P222715119', 'SF1651258223', 20270921);
INSERT INTO chargingSituation
VALUES ('CS78668437', 'FE2057512122', 'P1459327924', 'SF2130413404', 20530505);
INSERT INTO chargingSituation
VALUES ('CS79130692', 'FE1605311467', 'P796577380', 'SF67306935', 20491119);
INSERT INTO chargingSituation
VALUES ('CS791999616', 'FE1906788074', 'P796577380', 'SF1709578796', 20530129);
INSERT INTO chargingSituation
VALUES ('CS793727184', 'FE200365724', 'P1469020412', 'SF863234597', 20790307);
INSERT INTO chargingSituation
VALUES ('CS800405596', 'FE1315965026', 'P1351059175', 'SF2110164235', 20451101);
INSERT INTO chargingSituation
VALUES ('CS800941178', 'FE1628667407', 'P1707740451', 'SF863234597', 20880929);
INSERT INTO chargingSituation
VALUES ('CS805577922', 'FE713568070', 'P1514697612', 'SF658493989', 20370527);
INSERT INTO chargingSituation
VALUES ('CS811188212', 'FE184063615', 'P1433601294', 'SF2131836294', 20470412);
INSERT INTO chargingSituation
VALUES ('CS81349363', 'FE1447214506', 'P1115244300', 'SF1177605698', 20961009);
INSERT INTO chargingSituation
VALUES ('CS815107174', 'FE37554990', 'P1017983990', 'SF71679732', 20420401);
INSERT INTO chargingSituation
VALUES ('CS818105804', 'FE64680977', 'P1141866383', 'SF113450204', 20020315);
INSERT INTO chargingSituation
VALUES ('CS820931449', 'FE2043776633', 'P875181759', 'SF1592371108', 20410105);
INSERT INTO chargingSituation
VALUES ('CS822544418', 'FE593536738', 'P307750357', 'SF1325240132', 20730222);
INSERT INTO chargingSituation
VALUES ('CS822733236', 'FE1712116924', 'P142080214', 'SF67306935', 20660805);
INSERT INTO chargingSituation
VALUES ('CS823484', 'FE859870074', 'P37508395', 'SF1757995487', 20490628);
INSERT INTO chargingSituation
VALUES ('CS823677087', 'FE488695537', 'P985729350', 'SF1929623560', 20980707);
INSERT INTO chargingSituation
VALUES ('CS824544343', 'FE1528767571', 'P1778926773', 'SF67306935', 20150406);
INSERT INTO chargingSituation
VALUES ('CS825561433', 'FE657020867', 'P1712153524', 'SF1035725393', 20500628);
INSERT INTO chargingSituation
VALUES ('CS825665389', 'FE115048897', 'P1609201445', 'SF809675534', 20380722);
INSERT INTO chargingSituation
VALUES ('CS827526232', 'FE1867728181', 'P2005086468', 'SF2131836294', 20250615);
INSERT INTO chargingSituation
VALUES ('CS827864021', 'FE1220784692', 'P1333862951', 'SF684900388', 20111123);
INSERT INTO chargingSituation
VALUES ('CS830204725', 'FE23241455', 'P1624482097', 'SF809675534', 20570227);
INSERT INTO chargingSituation
VALUES ('CS833947410', 'FE2139025935', 'P193473934', 'SF1929623560', 20310216);
INSERT INTO chargingSituation
VALUES ('CS83471268', 'FE1220784692', 'P13326302', 'SF1443696079', 20600829);
INSERT INTO chargingSituation
VALUES ('CS839128665', 'FE1790116688', 'P103269683', 'SF1707111159', 20471027);
INSERT INTO chargingSituation
VALUES ('CS839320246', 'FE942522986', 'P1636468061', 'SF67306935', 20301113);
INSERT INTO chargingSituation
VALUES ('CS840025312', 'FE2053086353', 'P1292495890', 'SF106958357', 20240731);
INSERT INTO chargingSituation
VALUES ('CS844450651', 'FE938055165', 'P422007524', 'SF2032619573', 20010917);
INSERT INTO chargingSituation
VALUES ('CS845749549', 'FE1922995482', 'P2134146058', 'SF71679732', 20950730);
INSERT INTO chargingSituation
VALUES ('CS846926924', 'FE929975183', 'P840779734', 'SF1987814724', 20340501);
INSERT INTO chargingSituation
VALUES ('CS847333956', 'FE746278480', 'P97945127', 'SF1325604751', 20700131);
INSERT INTO chargingSituation
VALUES ('CS849910443', 'FE729860581', 'P805000401', 'SF1035725393', 20140109);
INSERT INTO chargingSituation
VALUES ('CS856017349', 'FE1889417161', 'P1191280260', 'SF667054813', 20150423);
INSERT INTO chargingSituation
VALUES ('CS861212647', 'FE862951078', 'P977375809', 'SF205293560', 20011209);
INSERT INTO chargingSituation
VALUES ('CS862718249', 'FE160479920', 'P223017629', 'SF113450204', 20880927);
INSERT INTO chargingSituation
VALUES ('CS864040506', 'FE849271611', 'P978919883', 'SF71679732', 20890401);
INSERT INTO chargingSituation
VALUES ('CS865443639', 'FE2035681264', 'P1712153524', 'SF1510125838', 20150826);
INSERT INTO chargingSituation
VALUES ('CS865548736', 'FE1378392681', 'P869804494', 'SF1707111159', 20720314);
INSERT INTO chargingSituation
VALUES ('CS869634449', 'FE995788375', 'P236471825', 'SF809675534', 20640915);
INSERT INTO chargingSituation
VALUES ('CS884546126', 'FE203637126', 'P1351059175', 'SF2131836294', 20520309);
INSERT INTO chargingSituation
VALUES ('CS887971532', 'FE306944664', 'P1510424792', 'SF309484508', 20000113);
INSERT INTO chargingSituation
VALUES ('CS890158407', 'FE1724312912', 'P1081829518', 'SF819718857', 20460201);
INSERT INTO chargingSituation
VALUES ('CS896535273', 'FE397085502', 'P2098844379', 'SF1621971018', 20070329);
INSERT INTO chargingSituation
VALUES ('CS896554180', 'FE1632802941', 'P1138232830', 'SF1929755947', 20820501);
INSERT INTO chargingSituation
VALUES ('CS89886411', 'FE2013900317', 'P1393627648', 'SF1040003242', 20710123);
INSERT INTO chargingSituation
VALUES ('CS901274771', 'FE208061651', 'P805000401', 'SF2110164235', 20910812);
INSERT INTO chargingSituation
VALUES ('CS904305461', 'FE617818152', 'P610754953', 'SF309484508', 20540306);
INSERT INTO chargingSituation
VALUES ('CS906498177', 'FE700099057', 'P1618099416', 'SF2032619573', 20531217);
INSERT INTO chargingSituation
VALUES ('CS907427680', 'FE636675792', 'P627754074', 'SF809675534', 20031206);
INSERT INTO chargingSituation
VALUES ('CS910255014', 'FE1683841900', 'P1698651896', 'SF1709578796', 20960805);
INSERT INTO chargingSituation
VALUES ('CS91038734', 'FE945833453', 'P94011198', 'SF1709578796', 20020905);
INSERT INTO chargingSituation
VALUES ('CS912083354', 'FE1843351679', 'P652826424', 'SF1939583739', 20810809);
INSERT INTO chargingSituation
VALUES ('CS914819674', 'FE945833453', 'P930492468', 'SF1592371108', 20370518);
INSERT INTO chargingSituation
VALUES ('CS915488307', 'FE413851677', 'P580630862', 'SF965085361', 20630913);
INSERT INTO chargingSituation
VALUES ('CS915819451', 'FE669116934', 'P299148893', 'SF106958357', 20380925);
INSERT INTO chargingSituation
VALUES ('CS916467583', 'FE1755579633', 'P740114045', 'SF309484508', 20661222);
INSERT INTO chargingSituation
VALUES ('CS916671606', 'FE1678355904', 'P1634018855', 'SF1550134583', 20210513);
INSERT INTO chargingSituation
VALUES ('CS920113208', 'FE292364772', 'P627754074', 'SF1510125838', 20840930);
INSERT INTO chargingSituation
VALUES ('CS920751847', 'FE1922995482', 'P1262463079', 'SF1592371108', 20150528);
INSERT INTO chargingSituation
VALUES ('CS9216180', 'FE805299753', 'P1618099416', 'SF1325240132', 20050605);
INSERT INTO chargingSituation
VALUES ('CS921761056', 'FE457297459', 'P494763507', 'SF907234094', 20971212);
INSERT INTO chargingSituation
VALUES ('CS924253595', 'FE996344680', 'P1078536393', 'SF684900388', 20560501);
INSERT INTO chargingSituation
VALUES ('CS927732081', 'FE1929746289', 'P1615094499', 'SF658493989', 20111219);
INSERT INTO chargingSituation
VALUES ('CS933532270', 'FE193152980', 'P1274957017', 'SF809675534', 20890911);
INSERT INTO chargingSituation
VALUES ('CS935048661', 'FE1139069868', 'P206870410', 'SF1707111159', 20440120);
INSERT INTO chargingSituation
VALUES ('CS935703000', 'FE187895747', 'P915493383', 'SF245676536', 20360219);
INSERT INTO chargingSituation
VALUES ('CS938850203', 'FE1689419649', 'P903701338', 'SF1550134583', 20920919);
INSERT INTO chargingSituation
VALUES ('CS944662490', 'FE1840089961', 'P238904226', 'SF1389198663', 20230401);
INSERT INTO chargingSituation
VALUES ('CS945332022', 'FE683816508', 'P502794024', 'SF798969889', 20611019);
INSERT INTO chargingSituation
VALUES ('CS945991835', 'FE1712124267', 'P111010423', 'SF1155426710', 20321022);
INSERT INTO chargingSituation
VALUES ('CS947056588', 'FE1414863523', 'P1041616952', 'SF743551758', 20020127);
INSERT INTO chargingSituation
VALUES ('CS947518513', 'FE1136930246', 'P1464332492', 'SF749524158', 20340116);
INSERT INTO chargingSituation
VALUES ('CS948637131', 'FE1162858739', 'P1000931623', 'SF765783780', 20070625);
INSERT INTO chargingSituation
VALUES ('CS94926970', 'FE33014862', 'P2088506914', 'SF113450204', 20701026);
INSERT INTO chargingSituation
VALUES ('CS950435244', 'FE1141770177', 'P850022277', 'SF1155426710', 20611208);
INSERT INTO chargingSituation
VALUES ('CS952687425', 'FE498223051', 'P1263183857', 'SF245676536', 20550418);
INSERT INTO chargingSituation
VALUES ('CS955393706', 'FE1848219871', 'P892746288', 'SF1651258223', 20400805);
INSERT INTO chargingSituation
VALUES ('CS956381993', 'FE70378508', 'P2050612820', 'SF809675534', 20540430);
INSERT INTO chargingSituation
VALUES ('CS95789574', 'FE112793085', 'P775094060', 'SF798969889', 20040424);
INSERT INTO chargingSituation
VALUES ('CS958480344', 'FE1823777950', 'P1598106356', 'SF1510125838', 20641101);
INSERT INTO chargingSituation
VALUES ('CS959505073', 'FE1499437439', 'P1191280260', 'SF1510125838', 20150107);
INSERT INTO chargingSituation
VALUES ('CS960140934', 'FE513251462', 'P758179936', 'SF1155426710', 20450113);
INSERT INTO chargingSituation
VALUES ('CS960529170', 'FE1867728181', 'P1351059175', 'SF749524158', 20490418);
INSERT INTO chargingSituation
VALUES ('CS961683671', 'FE324439728', 'P1151944769', 'SF1177605698', 20660430);
INSERT INTO chargingSituation
VALUES ('CS962248217', 'FE203637126', 'P1464332492', 'SF113450204', 20780222);
INSERT INTO chargingSituation
VALUES ('CS963247236', 'FE1367515042', 'P1958740748', 'SF1757995487', 20061105);
INSERT INTO chargingSituation
VALUES ('CS970138589', 'FE849271611', 'P1203228700', 'SF113450204', 20691007);
INSERT INTO chargingSituation
VALUES ('CS970240400', 'FE1679570355', 'P582277581', 'SF2130413404', 20910603);
INSERT INTO chargingSituation
VALUES ('CS97145395', 'FE674710317', 'P1143069583', 'SF113450204', 20661009);
INSERT INTO chargingSituation
VALUES ('CS971702236', 'FE280203473', 'P850022277', 'SF1040003242', 20070811);
INSERT INTO chargingSituation
VALUES ('CS97271802', 'FE269969160', 'P1198059383', 'SF863234597', 20500222);
INSERT INTO chargingSituation
VALUES ('CS974315836', 'FE444293924', 'P641063827', 'SF1443696079', 20540820);
INSERT INTO chargingSituation
VALUES ('CS979185691', 'FE637147986', 'P901532951', 'SF2081721216', 20141016);
INSERT INTO chargingSituation
VALUES ('CS981635805', 'FE501949086', 'P915493383', 'SF809675534', 20440506);
INSERT INTO chargingSituation
VALUES ('CS981779522', 'FE1732638765', 'P142080214', 'SF1040003242', 20260831);
INSERT INTO chargingSituation
VALUES ('CS982388311', 'FE98626543', 'P1251613346', 'SF809675534', 20070129);
INSERT INTO chargingSituation
VALUES ('CS983795668', 'FE2089417482', 'P1224656458', 'SF1550134583', 20071018);
INSERT INTO chargingSituation
VALUES ('CS983962198', 'FE296076255', 'P806400483', 'SF1510125838', 20290315);
INSERT INTO chargingSituation
VALUES ('CS983975936', 'FE1994773746', 'P1612048272', 'SF300732922', 20191213);
INSERT INTO chargingSituation
VALUES ('CS984132036', 'FE235295719', 'P636260616', 'SF1510125838', 20371126);
INSERT INTO chargingSituation
VALUES ('CS986896206', 'FE1377780313', 'P1953107476', 'SF1592371108', 20970228);
INSERT INTO chargingSituation
VALUES ('CS987071129', 'FE1308000946', 'P1351059175', 'SF809675534', 20921221);
INSERT INTO chargingSituation
VALUES ('CS990879250', 'FE849271611', 'P176345554', 'SF1510125838', 20780826);
INSERT INTO chargingSituation
VALUES ('CS991247231', 'FE47260109', 'P1580323660', 'SF608473196', 20640206);
INSERT INTO chargingSituation
VALUES ('CS992797031', 'FE258617339', 'P1589804737', 'SF1040003242', 20240808);
INSERT INTO chargingSituation
VALUES ('CS996499713', 'FE1549217855', 'P1462051302', 'SF1040003242', 20560920);
INSERT INTO chargingSituation
VALUES ('CS996601283', 'FE156178624', 'P1459327924', 'SF1757995487', 20110801);
INSERT INTO chargingSituation
VALUES ('CS996814350', 'FE1867728181', 'P1709706701', 'SF1592371108', 20791206);
INSERT INTO chargingSituation
VALUES ('CS997262938', 'FE1288304963', 'P1467614203', 'SF907234094', 20850331);
INSERT INTO chargingSituation
VALUES ('CS997738457', 'FE631876201', 'P1042690889', 'SF743551758', 20770517);
INSERT INTO chargingSituation
VALUES ('CS997757626', 'FE703557863', 'P1879905131', 'SF1838239550', 20460501);
INSERT INTO chargingSituation
VALUES ('CS998092664', 'FE108847104', 'P1673350279', 'SF1389198663', 20710218);
INSERT INTO carIORecord
VALUES ('CIOR1003151944', '沪D84369', 'P1698651896', 20571101013716, 20550406201314, 48);
INSERT INTO carIORecord
VALUES ('CIOR1006202986', '沪L88421', NULL, 20891112201944, 20191111111954, 79);
INSERT INTO carIORecord
VALUES ('CIOR1007637299', '沪A72858', NULL, 20440820100757, 20120402072753, 22);
INSERT INTO carIORecord
VALUES ('CIOR1021046776', '沪J67046', 'P1469970007', 20021104044833, 20520210024406, 55);
INSERT INTO carIORecord
VALUES ('CIOR1027789023', '沪L14658', NULL, 20031112120805, 20280701155925, 30);
INSERT INTO carIORecord
VALUES ('CIOR1053522029', '沪H65521', 'P176345554', 20360918010939, 20250314135952, 21);
INSERT INTO carIORecord
VALUES ('CIOR1054352239', '沪O63662', 'P731481688', 20691114132701, 20490720121252, 31);
INSERT INTO carIORecord
VALUES ('CIOR1054523052', '沪Y48090', 'P810992222', 20010106161916, 20120128183404, 89);
INSERT INTO carIORecord
VALUES ('CIOR1054672474', '沪P93538', 'P2122596289', 20110809180935, 20600731134825, 15);
INSERT INTO carIORecord
VALUES ('CIOR1056944608', '沪W73082', 'P42548480', 20981004214600, 20001008094555, 7);
INSERT INTO carIORecord
VALUES ('CIOR1057294222', '沪H25216', 'P676757985', 20100315173559, 20290406233051, 74);
INSERT INTO carIORecord
VALUES ('CIOR1060126772', '沪S44536', 'P1618099416', 20531025113813, 20201021012030, 22);
INSERT INTO carIORecord
VALUES ('CIOR1060447949', '沪W18069', 'P2088506914', 20291011150906, 20631202225958, 51);
INSERT INTO carIORecord
VALUES ('CIOR1061198040', '沪V80150', 'P51692824', 20040426221328, 20850902005750, 65);
INSERT INTO carIORecord
VALUES ('CIOR1062606936', '沪X33268', NULL, 20490311223032, 20750803133743, 62);
INSERT INTO carIORecord
VALUES ('CIOR1063303216', '沪A18172', 'P1347920284', 20581005160225, 20641130084731, 85);
INSERT INTO carIORecord
VALUES ('CIOR1070627718', '沪S79475', NULL, 20850619063741, 20970402092132, 67);
INSERT INTO carIORecord
VALUES ('CIOR107430975', '沪D82907', 'P2054848461', 20811128211758, 20480222095455, 24);
INSERT INTO carIORecord
VALUES ('CIOR1074950520', '沪O44093', NULL, 20471117052421, 20520829045914, 91);
INSERT INTO carIORecord
VALUES ('CIOR1086091826', '沪V99073', NULL, 20061030125418, 20920306092524, 10);
INSERT INTO carIORecord
VALUES ('CIOR1086355848', '沪I46165', 'P1122651442', 20901122185107, 20510108042328, 61);
INSERT INTO carIORecord
VALUES ('CIOR1088350724', '沪G58454', 'P1233236829', 20370116064629, 20840920122015, 63);
INSERT INTO carIORecord
VALUES ('CIOR1089847895', '沪S90726', 'P256324488', 20580406002535, 20520208165120, 26);
INSERT INTO carIORecord
VALUES ('CIOR1091038488', '沪N83922', 'P2005086468', 20730207224220, 20421223160655, 81);
INSERT INTO carIORecord
VALUES ('CIOR1092786609', '沪R55972', 'P403621564', 20140308204128, 20930127053216, 54);
INSERT INTO carIORecord
VALUES ('CIOR1097652191', '沪B79784', NULL, 20860913105211, 20010520215116, 29);
INSERT INTO carIORecord
VALUES ('CIOR1098138383', '沪Z55577', NULL, 20650818162236, 20670709113727, 38);
INSERT INTO carIORecord
VALUES ('CIOR1098917735', '沪L36668', NULL, 20670124030253, 20470302213259, 50);
INSERT INTO carIORecord
VALUES ('CIOR1100397622', '沪V44950', NULL, 20341229024704, 20240131105730, 53);
INSERT INTO carIORecord
VALUES ('CIOR1103648447', '沪S15917', NULL, 20850730005112, 20260627110059, 6);
INSERT INTO carIORecord
VALUES ('CIOR1115327622', '沪G79524', NULL, 20890423172617, 20491106085259, 6);
INSERT INTO carIORecord
VALUES ('CIOR1118378748', '沪G36600', NULL, 20470709103642, 20670408213714, 92);
INSERT INTO carIORecord
VALUES ('CIOR1122641501', '沪D15424', 'P627754074', 20921022061702, 20820420034731, 61);
INSERT INTO carIORecord
VALUES ('CIOR1131729904', '沪O41891', 'P1596336553', 20150907192125, 20500910101612, 71);
INSERT INTO carIORecord
VALUES ('CIOR1133467043', '沪V25222', 'P1262463079', 20290531201150, 20550522151259, 25);
INSERT INTO carIORecord
VALUES ('CIOR1142243422', '沪B63862', 'P1970428846', 20270314214205, 20201115150015, 12);
INSERT INTO carIORecord
VALUES ('CIOR1143484476', '沪E25022', NULL, 20481115152617, 20140213200230, 25);
INSERT INTO carIORecord
VALUES ('CIOR1151007945', '沪T94825', 'P1643618810', 20170326181316, 20860820123637, 38);
INSERT INTO carIORecord
VALUES ('CIOR1151886874', '沪S80973', 'P1039211903', 20900609014926, 20200613065951, 81);
INSERT INTO carIORecord
VALUES ('CIOR1161450632', '沪H92241', NULL, 20620726061757, 20100130043656, 30);
INSERT INTO carIORecord
VALUES ('CIOR1163326267', '沪W49863', 'P814599221', 20570730212626, 20620604073432, 87);
INSERT INTO carIORecord
VALUES ('CIOR1163448545', '沪W71587', NULL, 20030118234023, 20461219223308, 59);
INSERT INTO carIORecord
VALUES ('CIOR11697587', '沪K33020', NULL, 20010221184440, 20300606024720, 64);
INSERT INTO carIORecord
VALUES ('CIOR1173596684', '沪R53635', 'P1917912565', 20250710093420, 20700204020933, 23);
INSERT INTO carIORecord
VALUES ('CIOR1175936415', '沪Q60136', 'P723099006', 20391014114557, 20700916205654, 94);
INSERT INTO carIORecord
VALUES ('CIOR1180332832', '沪H49701', NULL, 20550919233814, 20740707142323, 81);
INSERT INTO carIORecord
VALUES ('CIOR1184388319', '沪M92243', NULL, 20991111183608, 20980508095558, 66);
INSERT INTO carIORecord
VALUES ('CIOR1185546002', '沪U90933', NULL, 20121221010344, 20220826093542, 16);
INSERT INTO carIORecord
VALUES ('CIOR118728400', '沪A48711', NULL, 20331219124559, 20070605215615, 58);
INSERT INTO carIORecord
VALUES ('CIOR119005730', '沪F31079', 'P711092231', 20020822032305, 20410621043528, 98);
INSERT INTO carIORecord
VALUES ('CIOR1198742970', '沪A79221', 'P1114914482', 20620924061044, 20770401175018, 5);
INSERT INTO carIORecord
VALUES ('CIOR1199393930', '沪M21470', NULL, 20320928182944, 20031123003737, 81);
INSERT INTO carIORecord
VALUES ('CIOR1203189590', '沪O12218', NULL, 20531128212608, 20360108204807, 11);
INSERT INTO carIORecord
VALUES ('CIOR1204737558', '沪Q23731', NULL, 20930421211150, 20000521173231, 65);
INSERT INTO carIORecord
VALUES ('CIOR1204768944', '沪N97034', 'P641063827', 20440129145530, 20960729235306, 99);
INSERT INTO carIORecord
VALUES ('CIOR1206866822', '沪M20532', NULL, 20800708085917, 20080223131542, 51);
INSERT INTO carIORecord
VALUES ('CIOR120972588', '沪X27564', 'P1546919349', 20900627170048, 20150327044518, 68);
INSERT INTO carIORecord
VALUES ('CIOR122507564', '沪T66241', 'P1547400195', 20201128134559, 20050324001921, 49);
INSERT INTO carIORecord
VALUES ('CIOR1241089880', '沪G50896', NULL, 20670722160306, 20480914161522, 98);
INSERT INTO carIORecord
VALUES ('CIOR1250572040', '沪O49944', 'P1830605180', 20010219221145, 20981229194051, 70);
INSERT INTO carIORecord
VALUES ('CIOR1256452934', '沪K40849', NULL, 20530517150224, 20201209164208, 58);
INSERT INTO carIORecord
VALUES ('CIOR1256514083', '沪C22810', 'P1546932839', 20240118183332, 20890411212318, 39);
INSERT INTO carIORecord
VALUES ('CIOR1257554794', '沪O84924', 'P1078589272', 20230309155553, 20910222225428, 70);
INSERT INTO carIORecord
VALUES ('CIOR1265670061', '沪X90586', 'P795552263', 20290408193858, 20960302061245, 72);
INSERT INTO carIORecord
VALUES ('CIOR1282275429', '沪K88953', 'P1042690889', 20981001020212, 20520325090109, 11);
INSERT INTO carIORecord
VALUES ('CIOR1283361412', '沪A92227', 'P796577380', 20500311185401, 20590426213321, 52);
INSERT INTO carIORecord
VALUES ('CIOR12852623', '沪E42778', NULL, 20270119231352, 20421111155443, 21);
INSERT INTO carIORecord
VALUES ('CIOR128965502', '沪Z31612', NULL, 20160910060200, 20011029022855, 42);
INSERT INTO carIORecord
VALUES ('CIOR1291191692', '沪M32176', 'P1771461990', 20691230102729, 20740407002650, 82);
INSERT INTO carIORecord
VALUES ('CIOR1292724120', '沪K92535', 'P1129489784', 20990203052808, 20070712194359, 15);
INSERT INTO carIORecord
VALUES ('CIOR1293566668', '沪V84178', 'P848938225', 20700213022156, 20360416082852, 24);
INSERT INTO carIORecord
VALUES ('CIOR129501016', '沪N30616', NULL, 20491130130434, 20600627000047, 68);
INSERT INTO carIORecord
VALUES ('CIOR1301418978', '沪L40823', NULL, 20810215193750, 20621124190753, 63);
INSERT INTO carIORecord
VALUES ('CIOR1301441531', '沪A75081', NULL, 20690509181155, 20050902143103, 81);
INSERT INTO carIORecord
VALUES ('CIOR1303901846', '沪V77704', NULL, 20220406113522, 20191002024746, 47);
INSERT INTO carIORecord
VALUES ('CIOR1308833249', '沪W28658', 'P1017983990', 20940119002616, 20410822115325, 2);
INSERT INTO carIORecord
VALUES ('CIOR1315560542', '沪V38232', 'P2072627185', 20140515093655, 20471102223208, 89);
INSERT INTO carIORecord
VALUES ('CIOR131805461', '沪C28739', 'P1826927005', 20070909072939, 20090322111054, 96);
INSERT INTO carIORecord
VALUES ('CIOR1322323703', '沪X34632', NULL, 20450815123444, 20661124235732, 64);
INSERT INTO carIORecord
VALUES ('CIOR1328873021', '沪R75316', NULL, 20371101031400, 20490907102904, 32);
INSERT INTO carIORecord
VALUES ('CIOR1333447181', '沪P77511', 'P6072973', 20981013005658, 20370622022843, 76);
INSERT INTO carIORecord
VALUES ('CIOR1335077591', '沪X32166', NULL, 20421002044354, 20710717133224, 23);
INSERT INTO carIORecord
VALUES ('CIOR1341607574', '沪G87706', 'P312860308', 20990110192901, 20720524212541, 67);
INSERT INTO carIORecord
VALUES ('CIOR1341809269', '沪D81005', 'P1532179767', 20631021123256, 20150203000944, 23);
INSERT INTO carIORecord
VALUES ('CIOR1342436243', '沪N36449', 'P1458960158', 20761204070533, 20100330034109, 35);
INSERT INTO carIORecord
VALUES ('CIOR134399882', '沪H46222', 'P1134032561', 20250214004807, 20440630101354, 55);
INSERT INTO carIORecord
VALUES ('CIOR1355846407', '沪T20190', NULL, 20800803101959, 20370204030251, 1);
INSERT INTO carIORecord
VALUES ('CIOR1377074705', '沪F95268', NULL, 20510526205925, 20530214060852, 46);
INSERT INTO carIORecord
VALUES ('CIOR1396355113', '沪E16077', 'P1377721099', 20011021050643, 20090413015204, 91);
INSERT INTO carIORecord
VALUES ('CIOR1396712894', '沪D29804', 'P2130533338', 20300202102345, 20261011213432, 35);
INSERT INTO carIORecord
VALUES ('CIOR1398966250', '沪E75422', 'P1048852753', 20731020192134, 20111116194404, 20);
INSERT INTO carIORecord
VALUES ('CIOR1399030910', '沪J91435', 'P193473934', 20380812224415, 20400615164355, 26);
INSERT INTO carIORecord
VALUES ('CIOR1401055182', '沪F23781', 'P1837349956', 20040324092532, 20481122082752, 21);
INSERT INTO carIORecord
VALUES ('CIOR1403913772', '沪M42563', 'P2124440973', 20790914140204, 20191115163636, 93);
INSERT INTO carIORecord
VALUES ('CIOR1406654770', '沪X97393', NULL, 20820511113754, 20550923092257, 19);
INSERT INTO carIORecord
VALUES ('CIOR1423700682', '沪C58812', NULL, 20160721193907, 20550827082652, 62);
INSERT INTO carIORecord
VALUES ('CIOR1427087842', '沪H64635', 'P549952670', 20290419204721, 20750707131752, 58);
INSERT INTO carIORecord
VALUES ('CIOR1436040356', '沪W80588', NULL, 20700723115414, 20600801001707, 43);
INSERT INTO carIORecord
VALUES ('CIOR1439602153', '沪T66530', 'P1786122053', 20580711084130, 20181124064745, 66);
INSERT INTO carIORecord
VALUES ('CIOR144333342', '沪Q32188', 'P626938485', 20241029055408, 20681211044836, 79);
INSERT INTO carIORecord
VALUES ('CIOR1443795031', '沪K40333', NULL, 20830811202106, 20130425150540, 1);
INSERT INTO carIORecord
VALUES ('CIOR1445358564', '沪X59601', 'P1198059383', 20441128155932, 20590619232415, 33);
INSERT INTO carIORecord
VALUES ('CIOR1449579356', '沪L79269', 'P94011198', 20460407034921, 20350730062355, 57);
INSERT INTO carIORecord
VALUES ('CIOR1453334930', '沪L12606', 'P1826927005', 20040125091008, 20250523230426, 68);
INSERT INTO carIORecord
VALUES ('CIOR1463175466', '沪I21055', 'P2115125516', 20340831183838, 20150715055214, 67);
INSERT INTO carIORecord
VALUES ('CIOR1467008477', '沪A89938', 'P151463140', 20741218104955, 20380824083454, 55);
INSERT INTO carIORecord
VALUES ('CIOR1476223105', '沪H68293', NULL, 20470330113041, 20880622103206, 42);
INSERT INTO carIORecord
VALUES ('CIOR1477892432', '沪X86383', 'P1801068109', 20250304155803, 20221231150604, 94);
INSERT INTO carIORecord
VALUES ('CIOR1479485113', '沪Y82680', 'P783791828', 20180626192852, 20041227185438, 81);
INSERT INTO carIORecord
VALUES ('CIOR1483284855', '沪O27215', NULL, 20770823202606, 20060218144050, 72);
INSERT INTO carIORecord
VALUES ('CIOR1483383353', '沪J71221', 'P433580965', 20340114190210, 20250326192330, 29);
INSERT INTO carIORecord
VALUES ('CIOR1485183899', '沪W74286', 'P1709326847', 20010409175134, 20510719024632, 48);
INSERT INTO carIORecord
VALUES ('CIOR1489182205', '沪J68356', NULL, 20980424002532, 20410519135413, 23);
INSERT INTO carIORecord
VALUES ('CIOR1493812456', '沪K14599', 'P1395161311', 20310212125504, 20660224095544, 49);
INSERT INTO carIORecord
VALUES ('CIOR150631147', '沪H69414', 'P796577380', 20730624121647, 20830410200257, 31);
INSERT INTO carIORecord
VALUES ('CIOR1506347677', '沪X29325', NULL, 20660729123505, 20730917061907, 17);
INSERT INTO carIORecord
VALUES ('CIOR1507678721', '沪F52299', 'P711092231', 20540412055328, 20390704011316, 89);
INSERT INTO carIORecord
VALUES ('CIOR1509746200', '沪T78307', NULL, 20011128175931, 20890912175934, 22);
INSERT INTO carIORecord
VALUES ('CIOR1517844065', '沪Y98354', 'P1826927005', 20240506161405, 20670828165318, 65);
INSERT INTO carIORecord
VALUES ('CIOR152959682', '沪N64829', 'P658739811', 20400509064522, 20350130230452, 13);
INSERT INTO carIORecord
VALUES ('CIOR1530397289', '沪E76493', 'P1224656458', 20050617024113, 20260416015225, 43);
INSERT INTO carIORecord
VALUES ('CIOR1533213953', '沪U60906', 'P1571601503', 20780812121733, 20180305000815, 17);
INSERT INTO carIORecord
VALUES ('CIOR153749234', '沪E19209', NULL, 20500506042523, 20070809020208, 9);
INSERT INTO carIORecord
VALUES ('CIOR1538347427', '沪D26117', NULL, 20070518184841, 20121213232634, 55);
INSERT INTO carIORecord
VALUES ('CIOR1538423950', '沪L86795', NULL, 20481118140303, 20410422031959, 53);
INSERT INTO carIORecord
VALUES ('CIOR1547460085', '沪C69100', 'P1564720366', 20210508225935, 20690402030203, 28);
INSERT INTO carIORecord
VALUES ('CIOR1548313390', '沪L17317', NULL, 20450303203958, 20790610200308, 47);
INSERT INTO carIORecord
VALUES ('CIOR155951802', '沪I64735', NULL, 20970825162051, 20880313051638, 4);
INSERT INTO carIORecord
VALUES ('CIOR1560784842', '沪P28977', NULL, 20140203215200, 20860111002203, 52);
INSERT INTO carIORecord
VALUES ('CIOR1578383609', '沪R74006', 'P1464672282', 20260502132347, 20010619200249, 92);
INSERT INTO carIORecord
VALUES ('CIOR1582422746', '沪G16774', 'P239292440', 20791114121547, 20281007220134, 67);
INSERT INTO carIORecord
VALUES ('CIOR1582582284', '沪D28896', NULL, 20320928152733, 20970406161146, 40);
INSERT INTO carIORecord
VALUES ('CIOR1586088049', '沪P29458', NULL, 20470607040319, 20860304191600, 11);
INSERT INTO carIORecord
VALUES ('CIOR1589641918', '沪F97762', NULL, 20811110050851, 20971210210738, 70);
INSERT INTO carIORecord
VALUES ('CIOR1602977289', '沪X94870', 'P1464332492', 20300212023736, 20131014112950, 62);
INSERT INTO carIORecord
VALUES ('CIOR1605737313', '沪Q89059', 'P1522445095', 20640805205137, 20360301154747, 60);
INSERT INTO carIORecord
VALUES ('CIOR1605889578', '沪U33896', NULL, 20991029064350, 20590813171737, 73);
INSERT INTO carIORecord
VALUES ('CIOR1608653078', '沪T69945', 'P1410083932', 20221126202007, 20251004134201, 80);
INSERT INTO carIORecord
VALUES ('CIOR1609912706', '沪M59756', NULL, 20701122131636, 20140227151439, 56);
INSERT INTO carIORecord
VALUES ('CIOR1610509476', '沪R55865', 'P1303470662', 20451106004908, 20521205053420, 79);
INSERT INTO carIORecord
VALUES ('CIOR1625189565', '沪T79695', NULL, 20731116152631, 20510404012141, 70);
INSERT INTO carIORecord
VALUES ('CIOR1627668776', '沪G76344', 'P2035929916', 20621004181233, 20930603181253, 74);
INSERT INTO carIORecord
VALUES ('CIOR1629203277', '沪Y38962', 'P1192472310', 20790905223908, 20491116013115, 98);
INSERT INTO carIORecord
VALUES ('CIOR162953314', '沪J28273', 'P1174878952', 20010114134238, 20350708104656, 45);
INSERT INTO carIORecord
VALUES ('CIOR1639057909', '沪X83662', 'P1999444570', 20830219162825, 20890410024405, 20);
INSERT INTO carIORecord
VALUES ('CIOR1640991869', '沪R33281', NULL, 20170423112150, 20760907135032, 2);
INSERT INTO carIORecord
VALUES ('CIOR1644478290', '沪L65358', 'P733831515', 20880203225746, 20450213080252, 90);
INSERT INTO carIORecord
VALUES ('CIOR1652033705', '沪T46077', 'P706272674', 20481112143724, 20140702070808, 41);
INSERT INTO carIORecord
VALUES ('CIOR1652263398', '沪N24097', 'P1372459001', 20220628200449, 20750627202137, 67);
INSERT INTO carIORecord
VALUES ('CIOR1653167873', '沪N95673', NULL, 20010210224237, 20020522192855, 87);
INSERT INTO carIORecord
VALUES ('CIOR1656381189', '沪J35833', NULL, 20390311234747, 20300305141823, 41);
INSERT INTO carIORecord
VALUES ('CIOR1663533734', '沪C42996', NULL, 20150304032810, 20310714195543, 52);
INSERT INTO carIORecord
VALUES ('CIOR1664293876', '沪L47069', NULL, 20881231225457, 20610909180951, 36);
INSERT INTO carIORecord
VALUES ('CIOR1666756454', '沪P84800', NULL, 20930213113716, 20590608112834, 71);
INSERT INTO carIORecord
VALUES ('CIOR1672098146', '沪S32142', 'P317466009', 20721223081659, 20890412030541, 32);
INSERT INTO carIORecord
VALUES ('CIOR1677835632', '沪W10027', NULL, 20040522150419, 20750829190022, 87);
INSERT INTO carIORecord
VALUES ('CIOR1683332538', '沪U60227', NULL, 20670406144747, 20300411223515, 90);
INSERT INTO carIORecord
VALUES ('CIOR1689615973', '沪K80411', NULL, 20820218221909, 20250216201017, 80);
INSERT INTO carIORecord
VALUES ('CIOR1695294322', '沪N21418', NULL, 20660606055655, 20930522164430, 6);
INSERT INTO carIORecord
VALUES ('CIOR170300870', '沪O27909', NULL, 20001130221154, 20160108212930, 32);
INSERT INTO carIORecord
VALUES ('CIOR1706133345', '沪E67101', NULL, 20380327231304, 20211026232406, 9);
INSERT INTO carIORecord
VALUES ('CIOR1718974383', '沪N62370', 'P844758583', 20810902084756, 20930104102043, 20);
INSERT INTO carIORecord
VALUES ('CIOR1719976029', '沪O80301', 'P1260995634', 20040310051255, 20161129104617, 6);
INSERT INTO carIORecord
VALUES ('CIOR1724068518', '沪B16386', NULL, 20260214045158, 20000420045003, 81);
INSERT INTO carIORecord
VALUES ('CIOR1725724625', '沪E34395', NULL, 20500119094550, 20780318200544, 90);
INSERT INTO carIORecord
VALUES ('CIOR1726989822', '沪D87641', NULL, 20510829014535, 20530413121850, 26);
INSERT INTO carIORecord
VALUES ('CIOR1727862662', '沪I29122', 'P2066104474', 20660619173330, 20690425205359, 3);
INSERT INTO carIORecord
VALUES ('CIOR1729004283', '沪K17511', 'P658739811', 20751018165156, 20800306212210, 34);
INSERT INTO carIORecord
VALUES ('CIOR1729906075', '沪Z81332', NULL, 20990611080128, 20561218174049, 91);
INSERT INTO carIORecord
VALUES ('CIOR1731002985', '沪D63836', NULL, 20840918232730, 20120526051056, 92);
INSERT INTO carIORecord
VALUES ('CIOR1737701701', '沪L89270', NULL, 20810403102054, 20650222181916, 8);
INSERT INTO carIORecord
VALUES ('CIOR1739928081', '沪T52885', 'P1154073421', 20700921191757, 20760917001303, 53);
INSERT INTO carIORecord
VALUES ('CIOR1740155767', '沪G39297', NULL, 20600927073952, 20380729091027, 23);
INSERT INTO carIORecord
VALUES ('CIOR1742580608', '沪P67487', NULL, 20180221031108, 20970211165214, 34);
INSERT INTO carIORecord
VALUES ('CIOR1747321391', '沪L66914', NULL, 20890814124320, 20690423031217, 72);
INSERT INTO carIORecord
VALUES ('CIOR1752636612', '沪L14395', NULL, 20500817124847, 20740424202431, 9);
INSERT INTO carIORecord
VALUES ('CIOR1755191734', '沪D36349', NULL, 20681001084206, 20940707090854, 38);
INSERT INTO carIORecord
VALUES ('CIOR1757164550', '沪G28731', NULL, 20430529124154, 20720627121654, 8);
INSERT INTO carIORecord
VALUES ('CIOR1759193395', '沪D88745', 'P915493383', 20070117135539, 20600712235516, 4);
INSERT INTO carIORecord
VALUES ('CIOR1762517193', '沪J25079', 'P1416318189', 20740224171453, 20580813161954, 92);
INSERT INTO carIORecord
VALUES ('CIOR1765477961', '沪S62495', 'P711092231', 20780618094216, 20060115182244, 83);
INSERT INTO carIORecord
VALUES ('CIOR1773756824', '沪G77266', 'P430494582', 20160427210953, 20731118073422, 66);
INSERT INTO carIORecord
VALUES ('CIOR1774796394', '沪S26179', NULL, 20311119165802, 20250804105446, 73);
INSERT INTO carIORecord
VALUES ('CIOR1781474671', '沪S65291', 'P828212138', 20560725185102, 20771207152036, 4);
INSERT INTO carIORecord
VALUES ('CIOR1785094095', '沪E51244', NULL, 20300125162402, 20011024192811, 24);
INSERT INTO carIORecord
VALUES ('CIOR17863862', '沪E17008', 'P581444820', 20890507235246, 20700430050422, 45);
INSERT INTO carIORecord
VALUES ('CIOR1789670875', '沪N37166', 'P1308228293', 20191210070742, 20120828141423, 98);
INSERT INTO carIORecord
VALUES ('CIOR1792396769', '沪U61916', 'P857288839', 20400712164948, 20060508124128, 8);
INSERT INTO carIORecord
VALUES ('CIOR1798504286', '沪N28337', 'P1311094699', 20551219114942, 20821210104646, 14);
INSERT INTO carIORecord
VALUES ('CIOR1804056402', '沪O49904', NULL, 20700216150048, 20361114181116, 32);
INSERT INTO carIORecord
VALUES ('CIOR1813231333', '沪A10726', NULL, 20721216113851, 20580109024621, 83);
INSERT INTO carIORecord
VALUES ('CIOR1814739092', '沪Q62146', 'P805000401', 20330804172004, 20741026152148, 88);
INSERT INTO carIORecord
VALUES ('CIOR1826155212', '沪A33705', 'P676757985', 20760517210626, 20210531061115, 6);
INSERT INTO carIORecord
VALUES ('CIOR1839136740', '沪U10971', 'P2005086468', 20100624173134, 20101116095637, 48);
INSERT INTO carIORecord
VALUES ('CIOR1839736203', '沪R12107', NULL, 20300830140412, 20400213110910, 52);
INSERT INTO carIORecord
VALUES ('CIOR1842618369', '沪W90303', 'P173478313', 20891105034438, 20750112232619, 32);
INSERT INTO carIORecord
VALUES ('CIOR1853082234', '沪Z62381', NULL, 20180901200820, 20660125221722, 78);
INSERT INTO carIORecord
VALUES ('CIOR1853503777', '沪S82167', 'P2123460366', 20970720063428, 20130807023408, 3);
INSERT INTO carIORecord
VALUES ('CIOR185583361', '沪X50427', 'P1726843855', 20980410104619, 20960310232246, 65);
INSERT INTO carIORecord
VALUES ('CIOR186396273', '沪J86431', NULL, 20830130083749, 20070519175224, 43);
INSERT INTO carIORecord
VALUES ('CIOR1868489730', '沪E46045', 'P1174878952', 20010628175551, 20540427080055, 43);
INSERT INTO carIORecord
VALUES ('CIOR1872395857', '沪Q43822', NULL, 20961125040829, 20860201013901, 94);
INSERT INTO carIORecord
VALUES ('CIOR1873536494', '沪Y22988', NULL, 20071023191215, 20650612221945, 77);
INSERT INTO carIORecord
VALUES ('CIOR1875479093', '沪J34725', NULL, 20350929050608, 20580926133253, 3);
INSERT INTO carIORecord
VALUES ('CIOR1877462703', '沪Z40505', NULL, 20700624124828, 20590629164817, 51);
INSERT INTO carIORecord
VALUES ('CIOR1879384463', '沪I73320', NULL, 20500414223930, 20090316002929, 46);
INSERT INTO carIORecord
VALUES ('CIOR1889470106', '沪E56959', NULL, 20980511065436, 20490828021337, 30);
INSERT INTO carIORecord
VALUES ('CIOR1890752443', '沪O37179', NULL, 20250827115113, 20250308093109, 18);
INSERT INTO carIORecord
VALUES ('CIOR189368984', '沪L81105', 'P983761957', 20230821062353, 20491006005201, 95);
INSERT INTO carIORecord
VALUES ('CIOR1897789439', '沪P52801', 'P1564720366', 20460119170211, 20270404132713, 17);
INSERT INTO carIORecord
VALUES ('CIOR1897958535', '沪Y70213', 'P1418380810', 20530417055919, 20751015123727, 71);
INSERT INTO carIORecord
VALUES ('CIOR1898506963', '沪C31425', 'P1842030073', 20320410152401, 20380408143236, 3);
INSERT INTO carIORecord
VALUES ('CIOR1900857340', '沪X40653', 'P2083217813', 20481103081251, 20240519115318, 92);
INSERT INTO carIORecord
VALUES ('CIOR1901118667', '沪M81076', 'P207322528', 20510623210908, 20080211165145, 24);
INSERT INTO carIORecord
VALUES ('CIOR1906888077', '沪K68604', 'P1970428846', 20290202102548, 20850528140023, 54);
INSERT INTO carIORecord
VALUES ('CIOR1908357120', '沪V16871', NULL, 20241222175634, 20450716095521, 43);
INSERT INTO carIORecord
VALUES ('CIOR1910897297', '沪O36524', NULL, 20950923063808, 20571008170201, 70);
INSERT INTO carIORecord
VALUES ('CIOR191341055', '沪F91016', 'P405869623', 20240605152419, 20790903204341, 71);
INSERT INTO carIORecord
VALUES ('CIOR1913885500', '沪H82637', NULL, 20500428152033, 20150122010434, 43);
INSERT INTO carIORecord
VALUES ('CIOR1916685559', '沪D85941', 'P558452646', 20130412060327, 20621228174241, 71);
INSERT INTO carIORecord
VALUES ('CIOR1921951463', '沪F46454', NULL, 20701027215150, 20190124021118, 80);
INSERT INTO carIORecord
VALUES ('CIOR1922373154', '沪Z55207', 'P810992222', 20520115171031, 20820820044601, 27);
INSERT INTO carIORecord
VALUES ('CIOR1925207280', '沪K76360', 'P483260393', 20630925233149, 20430309185106, 68);
INSERT INTO carIORecord
VALUES ('CIOR1929930088', '沪J85580', NULL, 20440203214844, 20000531012313, 27);
INSERT INTO carIORecord
VALUES ('CIOR1932270768', '沪U14178', 'P610754953', 20870828123755, 20800318225047, 57);
INSERT INTO carIORecord
VALUES ('CIOR1935036179', '沪N34242', NULL, 20380514070825, 20150513155239, 34);
INSERT INTO carIORecord
VALUES ('CIOR1936704114', '沪K77944', NULL, 20640906130631, 20320809084315, 28);
INSERT INTO carIORecord
VALUES ('CIOR1944476230', '沪E66985', 'P910845410', 20270312220226, 20311021195437, 58);
INSERT INTO carIORecord
VALUES ('CIOR1945258044', '沪N87425', 'P1198059383', 20160521215116, 20320925200946, 23);
INSERT INTO carIORecord
VALUES ('CIOR1953194537', '沪V22271', 'P1525153041', 20360214125031, 20200718092626, 70);
INSERT INTO carIORecord
VALUES ('CIOR1953853931', '沪U97624', 'P552298041', 20410105042056, 20650809221804, 45);
INSERT INTO carIORecord
VALUES ('CIOR1960649863', '沪T24919', NULL, 20810924212809, 20440109060919, 14);
INSERT INTO carIORecord
VALUES ('CIOR1967215918', '沪U36870', 'P1736373765', 20680730210359, 20400819231910, 60);
INSERT INTO carIORecord
VALUES ('CIOR1967349224', '沪R84613', 'P1567177872', 20891005113419, 20580909045151, 15);
INSERT INTO carIORecord
VALUES ('CIOR1967686365', '沪I61907', NULL, 20860613032009, 20790223055857, 30);
INSERT INTO carIORecord
VALUES ('CIOR1967990798', '沪W56733', NULL, 20340514063356, 20260703095738, 30);
INSERT INTO carIORecord
VALUES ('CIOR1972044796', '沪P60657', NULL, 20970918032914, 20370216155821, 63);
INSERT INTO carIORecord
VALUES ('CIOR1974104736', '沪K29332', 'P193473934', 20070213102611, 20540827032528, 65);
INSERT INTO carIORecord
VALUES ('CIOR1975244828', '沪G36113', NULL, 20670818001854, 20370320074931, 92);
INSERT INTO carIORecord
VALUES ('CIOR197613613', '沪Y62887', NULL, 20700416015504, 20540112065121, 40);
INSERT INTO carIORecord
VALUES ('CIOR198175461', '沪X14565', NULL, 20321020192037, 20400708050613, 8);
INSERT INTO carIORecord
VALUES ('CIOR1982144162', '沪G64906', NULL, 20640210073038, 20340810172751, 70);
INSERT INTO carIORecord
VALUES ('CIOR1988926107', '沪O82899', NULL, 20720208192955, 20280720060142, 65);
INSERT INTO carIORecord
VALUES ('CIOR1989493257', '沪L97944', 'P68402403', 20090725082812, 20141019033607, 9);
INSERT INTO carIORecord
VALUES ('CIOR1990583678', '沪A98222', NULL, 20550406155514, 20630816225527, 91);
INSERT INTO carIORecord
VALUES ('CIOR1997109810', '沪G78909', NULL, 20480219135644, 20780424152038, 41);
INSERT INTO carIORecord
VALUES ('CIOR1998030495', '沪Y76527', NULL, 20710627161546, 20560403063025, 42);
INSERT INTO carIORecord
VALUES ('CIOR200027742', '沪P58530', NULL, 20850118130130, 20300519235858, 59);
INSERT INTO carIORecord
VALUES ('CIOR2000642811', '沪G99177', 'P130948644', 20591205235348, 20561203173750, 24);
INSERT INTO carIORecord
VALUES ('CIOR2001169141', '沪W74817', NULL, 20540906130246, 20030305112053, 81);
INSERT INTO carIORecord
VALUES ('CIOR2007263531', '沪P29666', NULL, 20011003112526, 20880820081350, 18);
INSERT INTO carIORecord
VALUES ('CIOR2009402130', '沪H80219', 'P1956536325', 20670227065007, 20830722074224, 81);
INSERT INTO carIORecord
VALUES ('CIOR2021904441', '沪P25310', 'P1416318189', 20130108094532, 20031119165054, 70);
INSERT INTO carIORecord
VALUES ('CIOR2025492030', '沪C16814', 'P834253914', 20451016134435, 20600926222043, 69);
INSERT INTO carIORecord
VALUES ('CIOR2025744724', '沪O37737', NULL, 20280721051609, 20641005030301, 90);
INSERT INTO carIORecord
VALUES ('CIOR2026321492', '沪P99087', 'P1617775630', 20311218135031, 20690108003426, 1);
INSERT INTO carIORecord
VALUES ('CIOR202652379', '沪K96854', 'P1151944769', 20250810154102, 20111129002217, 59);
INSERT INTO carIORecord
VALUES ('CIOR2034484229', '沪L86825', NULL, 20800830162717, 20820823002440, 19);
INSERT INTO carIORecord
VALUES ('CIOR2041152135', '沪V80238', 'P1826242231', 20950228053620, 20570109094124, 66);
INSERT INTO carIORecord
VALUES ('CIOR2041762221', '沪N97653', NULL, 20391117052823, 20821126052330, 93);
INSERT INTO carIORecord
VALUES ('CIOR2044372156', '沪A57629', 'P194740379', 20250123101327, 20670929191206, 46);
INSERT INTO carIORecord
VALUES ('CIOR2045350555', '沪O40107', 'P1532179767', 20200306004252, 20120923182823, 73);
INSERT INTO carIORecord
VALUES ('CIOR204987803', '沪S91549', 'P1694340229', 20001202050044, 20220926122331, 63);
INSERT INTO carIORecord
VALUES ('CIOR2050622638', '沪E85157', NULL, 20010928175417, 20570124191841, 30);
INSERT INTO carIORecord
VALUES ('CIOR2055418509', '沪W86250', NULL, 20871130053849, 20431020042543, 76);
INSERT INTO carIORecord
VALUES ('CIOR2059380114', '沪J61219', 'P783791828', 20100527065532, 20320608025738, 52);
INSERT INTO carIORecord
VALUES ('CIOR2060951076', '沪T64369', 'P1464332492', 20160224171251, 20840201124934, 78);
INSERT INTO carIORecord
VALUES ('CIOR2067305005', '沪U36985', NULL, 20780223192335, 20011205154427, 18);
INSERT INTO carIORecord
VALUES ('CIOR2069021586', '沪L22017', NULL, 20940103064115, 20300802142114, 24);
INSERT INTO carIORecord
VALUES ('CIOR2074071938', '沪Q47395', 'P284908002', 20900713080000, 20271017210513, 9);
INSERT INTO carIORecord
VALUES ('CIOR207466910', '沪I99129', NULL, 20300521235804, 20190405190353, 42);
INSERT INTO carIORecord
VALUES ('CIOR207497491', '沪A84588', NULL, 20920704115533, 20900210090430, 32);
INSERT INTO carIORecord
VALUES ('CIOR2075817892', '沪B98136', 'P1017983990', 20840330150252, 20371224031219, 8);
INSERT INTO carIORecord
VALUES ('CIOR2079122756', '沪U53472', 'P1233236829', 20940201031211, 20941227071742, 3);
INSERT INTO carIORecord
VALUES ('CIOR208537869', '沪O38718', 'P48542002', 20301205232902, 20920724195848, 13);
INSERT INTO carIORecord
VALUES ('CIOR2093652996', '沪Q99905', NULL, 20531122062159, 20550627225418, 80);
INSERT INTO carIORecord
VALUES ('CIOR2101400481', '沪E28387', NULL, 20690930083236, 20170201231059, 28);
INSERT INTO carIORecord
VALUES ('CIOR2109038306', '沪Z95565', NULL, 20770614193842, 20661219021955, 48);
INSERT INTO carIORecord
VALUES ('CIOR2109739755', '沪V92441', NULL, 20960613231907, 20760109183019, 30);
INSERT INTO carIORecord
VALUES ('CIOR2116376099', '沪Q52140', 'P2066104474', 20710727104615, 20441229142314, 77);
INSERT INTO carIORecord
VALUES ('CIOR2122622344', '沪U62799', 'P206870410', 20590512014543, 20200723071824, 8);
INSERT INTO carIORecord
VALUES ('CIOR2130598470', '沪B93356', NULL, 20850423054459, 20270918041942, 90);
INSERT INTO carIORecord
VALUES ('CIOR213161706', '沪Y36094', 'P953378312', 20541015012035, 20450518142014, 66);
INSERT INTO carIORecord
VALUES ('CIOR2133697165', '沪K86632', NULL, 20860121153747, 20720825095055, 22);
INSERT INTO carIORecord
VALUES ('CIOR2134683425', '沪Q85434', NULL, 20010613170004, 20251225233412, 77);
INSERT INTO carIORecord
VALUES ('CIOR2135320177', '沪L50013', 'P1114914482', 20620918081931, 20591016031927, 36);
INSERT INTO carIORecord
VALUES ('CIOR2137608870', '沪W17639', NULL, 20790812142851, 20730105143101, 35);
INSERT INTO carIORecord
VALUES ('CIOR2140629225', '沪J11775', NULL, 20930210191922, 20470907140039, 90);
INSERT INTO carIORecord
VALUES ('CIOR2146125105', '沪F52664', NULL, 20490610232846, 20891102134156, 5);
INSERT INTO carIORecord
VALUES ('CIOR2146733214', '沪J40402', NULL, 20791014081725, 20400413231840, 76);
INSERT INTO carIORecord
VALUES ('CIOR2170293', '沪N45234', NULL, 20590225092327, 20630412085608, 2);
INSERT INTO carIORecord
VALUES ('CIOR218187476', '沪H26961', NULL, 20410828225034, 20930406071150, 58);
INSERT INTO carIORecord
VALUES ('CIOR218377490', '沪D85749', 'P274069890', 20960615045836, 20770702092130, 72);
INSERT INTO carIORecord
VALUES ('CIOR218830902', '沪A16753', 'P1134032561', 20571215130204, 20460221160111, 8);
INSERT INTO carIORecord
VALUES ('CIOR21962311', '沪I76305', NULL, 20080328032808, 20050520075315, 46);
INSERT INTO carIORecord
VALUES ('CIOR220921707', '沪J23049', NULL, 20370912143019, 20110213063044, 21);
INSERT INTO carIORecord
VALUES ('CIOR237036033', '沪A55705', NULL, 20710613095418, 20730801214049, 18);
INSERT INTO carIORecord
VALUES ('CIOR241731560', '沪R68362', NULL, 20340728084956, 20500528073133, 95);
INSERT INTO carIORecord
VALUES ('CIOR24473892', '沪X83225', 'P236471825', 20200923003034, 20000926144944, 38);
INSERT INTO carIORecord
VALUES ('CIOR246603914', '沪B73982', NULL, 20100117074339, 20990922180025, 41);
INSERT INTO carIORecord
VALUES ('CIOR250600625', '沪X99853', 'P1081829518', 20810509132723, 20221229225901, 48);
INSERT INTO carIORecord
VALUES ('CIOR251981682', '沪Y71926', NULL, 20470511101349, 20061003165833, 66);
INSERT INTO carIORecord
VALUES ('CIOR25254396', '沪L59086', NULL, 20651112024333, 20381213012013, 73);
INSERT INTO carIORecord
VALUES ('CIOR253421644', '沪J44375', 'P494763507', 20010815072217, 20340521113821, 72);
INSERT INTO carIORecord
VALUES ('CIOR253664990', '沪K57479', 'P1958934486', 20721204210318, 20840425163604, 64);
INSERT INTO carIORecord
VALUES ('CIOR255174060', '沪S38436', 'P1698651896', 20230812231916, 20991104171946, 67);
INSERT INTO carIORecord
VALUES ('CIOR255449915', '沪Z86189', 'P333543908', 20001229220830, 20670211160952, 75);
INSERT INTO carIORecord
VALUES ('CIOR265006656', '沪Y10680', NULL, 20450411115644, 20380626011833, 2);
INSERT INTO carIORecord
VALUES ('CIOR267005207', '沪P90614', NULL, 20480314214807, 20941019233832, 29);
INSERT INTO carIORecord
VALUES ('CIOR267663499', '沪Z75986', NULL, 20071228044326, 20031214234758, 44);
INSERT INTO carIORecord
VALUES ('CIOR270104263', '沪U80737', 'P51692824', 20390109220653, 20460127201514, 91);
INSERT INTO carIORecord
VALUES ('CIOR272374451', '沪L60011', NULL, 20791214100644, 20140117080108, 19);
INSERT INTO carIORecord
VALUES ('CIOR272935685', '沪F76076', NULL, 20351105234517, 20251024231642, 21);
INSERT INTO carIORecord
VALUES ('CIOR273679689', '沪V49675', NULL, 20141202015338, 20430821062647, 56);
INSERT INTO carIORecord
VALUES ('CIOR274578213', '沪X74902', NULL, 20441120144417, 20620924082414, 69);
INSERT INTO carIORecord
VALUES ('CIOR274630915', '沪X35554', NULL, 20560101172334, 20790314143127, 76);
INSERT INTO carIORecord
VALUES ('CIOR27825072', '沪N68493', 'P1143069583', 20460708232500, 20360212002901, 37);
INSERT INTO carIORecord
VALUES ('CIOR280822322', '沪Y54597', NULL, 20790816082454, 20120606194147, 76);
INSERT INTO carIORecord
VALUES ('CIOR282441446', '沪R37713', 'P767885602', 20870706210222, 20441112203657, 88);
INSERT INTO carIORecord
VALUES ('CIOR28543888', '沪T93704', 'P1617775630', 20901229195808, 20711227024149, 43);
INSERT INTO carIORecord
VALUES ('CIOR293124332', '沪R13553', 'P1646707806', 20201129133730, 20580302162134, 9);
INSERT INTO carIORecord
VALUES ('CIOR304044051', '沪J76489', NULL, 20671007214047, 20260822203422, 53);
INSERT INTO carIORecord
VALUES ('CIOR304050284', '沪A52517', NULL, 20520202004023, 20800118183440, 82);
INSERT INTO carIORecord
VALUES ('CIOR318853074', '沪L44717', 'P1304309296', 20860827192923, 20830322141155, 98);
INSERT INTO carIORecord
VALUES ('CIOR31903886', '沪K26084', 'P1547400195', 20970621062516, 20120916090629, 11);
INSERT INTO carIORecord
VALUES ('CIOR333101909', '沪K37627', 'P978919883', 20290217233919, 20381102060113, 51);
INSERT INTO carIORecord
VALUES ('CIOR334320082', '沪N65920', NULL, 20510814131324, 20600722113645, 60);
INSERT INTO carIORecord
VALUES ('CIOR339635993', '沪Q86682', 'P1546919349', 20150401232258, 20241130201140, 15);
INSERT INTO carIORecord
VALUES ('CIOR339704614', '沪B15278', 'P735436076', 20801126000235, 20680211103752, 31);
INSERT INTO carIORecord
VALUES ('CIOR348128873', '沪M36789', NULL, 20650115053820, 20800114132604, 82);
INSERT INTO carIORecord
VALUES ('CIOR354365160', '沪X36111', NULL, 20470607182624, 20170921003715, 71);
INSERT INTO carIORecord
VALUES ('CIOR359747136', '沪V58395', 'P1842030073', 20940204151539, 20490317171045, 72);
INSERT INTO carIORecord
VALUES ('CIOR363066668', '沪D70551', NULL, 20451121232807, 20510326044805, 44);
INSERT INTO carIORecord
VALUES ('CIOR366709759', '沪U10938', NULL, 20770703220251, 20520210235435, 31);
INSERT INTO carIORecord
VALUES ('CIOR374371317', '沪U78066', NULL, 20530322085617, 20300106190201, 99);
INSERT INTO carIORecord
VALUES ('CIOR376254519', '沪A93044', NULL, 20300409183959, 20950121064341, 87);
INSERT INTO carIORecord
VALUES ('CIOR383594024', '沪X91543', NULL, 20030821173026, 20960312191455, 70);
INSERT INTO carIORecord
VALUES ('CIOR38579154', '沪W84813', 'P312860308', 20171220021937, 20561117033208, 70);
INSERT INTO carIORecord
VALUES ('CIOR391745812', '沪U30013', 'P871470891', 20460504041747, 20810226020916, 63);
INSERT INTO carIORecord
VALUES ('CIOR405857564', '沪L62896', NULL, 20650818113211, 20770720074802, 28);
INSERT INTO carIORecord
VALUES ('CIOR409864101', '沪A47803', NULL, 20541110044220, 20280729194542, 72);
INSERT INTO carIORecord
VALUES ('CIOR412145385', '沪D65749', NULL, 20370417180553, 20280413220921, 42);
INSERT INTO carIORecord
VALUES ('CIOR414513600', '沪D20239', NULL, 20020420120222, 20250419050335, 93);
INSERT INTO carIORecord
VALUES ('CIOR422733055', '沪W36605', 'P983761957', 20020626020316, 20160421201437, 16);
INSERT INTO carIORecord
VALUES ('CIOR432694909', '沪A57345', 'P1216907202', 20910226085944, 20020816233416, 99);
INSERT INTO carIORecord
VALUES ('CIOR433557185', '沪A43542', NULL, 20390613114906, 20280928041459, 21);
INSERT INTO carIORecord
VALUES ('CIOR434130163', '沪N26066', 'P738766009', 20601110230241, 20100419104621, 58);
INSERT INTO carIORecord
VALUES ('CIOR435825573', '沪V28956', NULL, 20090423223720, 20600522222839, 90);
INSERT INTO carIORecord
VALUES ('CIOR440196657', '沪N49147', NULL, 20651220051841, 20760428033305, 69);
INSERT INTO carIORecord
VALUES ('CIOR444384765', '沪H99081', 'P374272197', 20311106133044, 20410119190243, 28);
INSERT INTO carIORecord
VALUES ('CIOR446957742', '沪Q66446', 'P1136725802', 20550426044409, 20880327005044, 25);
INSERT INTO carIORecord
VALUES ('CIOR447134344', '沪U89021', NULL, 20490316093053, 20551128123800, 67);
INSERT INTO carIORecord
VALUES ('CIOR451606530', '沪H95527', 'P1434760319', 20860731210324, 20910301173901, 83);
INSERT INTO carIORecord
VALUES ('CIOR454336421', '沪T43032', 'P1657791970', 20310901112422, 20150923185419, 42);
INSERT INTO carIORecord
VALUES ('CIOR455137128', '沪F49885', 'P1705740847', 20700524072250, 20930105011347, 84);
INSERT INTO carIORecord
VALUES ('CIOR455910737', '沪G91587', NULL, 20340108092837, 20000429103427, 9);
INSERT INTO carIORecord
VALUES ('CIOR457839439', '沪Y19923', 'P1176640738', 20820307154245, 20550622164009, 3);
INSERT INTO carIORecord
VALUES ('CIOR460815431', '沪H93588', 'P1958740748', 20371107032542, 20710430234112, 46);
INSERT INTO carIORecord
VALUES ('CIOR469478306', '沪M86412', NULL, 20500615101209, 20261213083851, 73);
INSERT INTO carIORecord
VALUES ('CIOR473544072', '沪J13345', NULL, 20941011171534, 20290904082901, 0);
INSERT INTO carIORecord
VALUES ('CIOR476770542', '沪V31340', NULL, 20680826202338, 20760821093130, 68);
INSERT INTO carIORecord
VALUES ('CIOR478210892', '沪U66840', 'P1128112195', 20651229005732, 20881006141549, 27);
INSERT INTO carIORecord
VALUES ('CIOR479890829', '沪Z69874', 'P1251613346', 20170723081057, 20540305043137, 26);
INSERT INTO carIORecord
VALUES ('CIOR484828153', '沪Q85832', 'P497205666', 20851104132915, 20740917084655, 19);
INSERT INTO carIORecord
VALUES ('CIOR485836730', '沪P94869', NULL, 20001129062357, 20050918170320, 61);
INSERT INTO carIORecord
VALUES ('CIOR488949849', '沪P73112', 'P1263183857', 20660109013711, 20810521151204, 53);
INSERT INTO carIORecord
VALUES ('CIOR500692856', '沪S48079', 'P141998013', 20841225103527, 20090130061843, 44);
INSERT INTO carIORecord
VALUES ('CIOR503611455', '沪F85832', 'P1560295491', 20060330141851, 20811217030531, 61);
INSERT INTO carIORecord
VALUES ('CIOR515805967', '沪S12341', 'P1707740451', 20420529152212, 20280427004746, 84);
INSERT INTO carIORecord
VALUES ('CIOR521746296', '沪B69273', NULL, 20220515003416, 20690523232112, 48);
INSERT INTO carIORecord
VALUES ('CIOR526911052', '沪D19088', NULL, 20541219033136, 20330126181213, 7);
INSERT INTO carIORecord
VALUES ('CIOR533775966', '沪R86380', NULL, 20100916164950, 20880819085215, 55);
INSERT INTO carIORecord
VALUES ('CIOR538935147', '沪J69607', NULL, 20910622022814, 20631215125148, 58);
INSERT INTO carIORecord
VALUES ('CIOR540854423', '沪G12978', NULL, 20320726095313, 20690930070543, 50);
INSERT INTO carIORecord
VALUES ('CIOR542071888', '沪T96779', 'P2017150561', 20830913061913, 20150308225639, 31);
INSERT INTO carIORecord
VALUES ('CIOR550248180', '沪P39950', 'P1459327924', 20801123145828, 20890604011542, 67);
INSERT INTO carIORecord
VALUES ('CIOR551150986', '沪N42382', NULL, 20480225232254, 20111226174014, 60);
INSERT INTO carIORecord
VALUES ('CIOR56058810', '沪E22164', NULL, 20150716070236, 20380906132611, 58);
INSERT INTO carIORecord
VALUES ('CIOR56738576', '沪P25205', 'P1263189695', 20101124090957, 20061121223220, 2);
INSERT INTO carIORecord
VALUES ('CIOR578224979', '沪P75638', 'P273247701', 20810409152928, 20061201170021, 46);
INSERT INTO carIORecord
VALUES ('CIOR579248354', '沪Z94296', 'P828212138', 20170816175808, 20240722235951, 50);
INSERT INTO carIORecord
VALUES ('CIOR58040062', '沪S82053', NULL, 20800129011026, 20590204212851, 62);
INSERT INTO carIORecord
VALUES ('CIOR581256384', '沪T70834', NULL, 20730118031902, 20510203180341, 20);
INSERT INTO carIORecord
VALUES ('CIOR581387737', '沪M83820', 'P2035929916', 20720108162431, 20100817215509, 58);
INSERT INTO carIORecord
VALUES ('CIOR587821332', '沪S40829', 'P1364926106', 20440611095903, 20880903020331, 29);
INSERT INTO carIORecord
VALUES ('CIOR588217770', '沪I75005', NULL, 20860911204606, 20660907175015, 42);
INSERT INTO carIORecord
VALUES ('CIOR592447635', '沪Q52144', 'P1464332492', 20410522220548, 20350710152647, 75);
INSERT INTO carIORecord
VALUES ('CIOR598091389', '沪S47559', 'P317466009', 20640320133904, 20080621211912, 86);
INSERT INTO carIORecord
VALUES ('CIOR606069546', '沪Z99447', NULL, 20290507063157, 20130330012249, 12);
INSERT INTO carIORecord
VALUES ('CIOR606539928', '沪W75201', NULL, 20550302024313, 20760107134947, 13);
INSERT INTO carIORecord
VALUES ('CIOR611661950', '沪X30107', NULL, 20331230193903, 20520319210817, 41);
INSERT INTO carIORecord
VALUES ('CIOR629272608', '沪S55931', 'P1320924612', 20150912113837, 20270415104529, 53);
INSERT INTO carIORecord
VALUES ('CIOR632083140', '沪L12766', 'P1504036182', 20570109221754, 20360705121433, 2);
INSERT INTO carIORecord
VALUES ('CIOR63787658', '沪I12829', NULL, 20810222120558, 20140104052008, 32);
INSERT INTO carIORecord
VALUES ('CIOR640548497', '沪R35524', 'P333543908', 20830713022401, 20050201091700, 41);
INSERT INTO carIORecord
VALUES ('CIOR649016625', '沪A36546', NULL, 20300126144221, 20351125050644, 38);
INSERT INTO carIORecord
VALUES ('CIOR650523892', '沪R34776', 'P1433601294', 20840918234849, 20590326115038, 76);
INSERT INTO carIORecord
VALUES ('CIOR660710285', '沪O84468', NULL, 20501107035458, 20730726094150, 92);
INSERT INTO carIORecord
VALUES ('CIOR660903580', '沪A96686', 'P254704281', 20900929174827, 20610125014056, 71);
INSERT INTO carIORecord
VALUES ('CIOR666235233', '沪L77617', NULL, 20770710095443, 20910101231543, 5);
INSERT INTO carIORecord
VALUES ('CIOR666969864', '沪P33551', NULL, 20171203100454, 20470628214805, 40);
INSERT INTO carIORecord
VALUES ('CIOR667329332', '沪J61214', 'P869804494', 20100612212456, 20660809133447, 53);
INSERT INTO carIORecord
VALUES ('CIOR671323564', '沪R23476', 'P610754953', 20740508211131, 20720308172701, 97);
INSERT INTO carIORecord
VALUES ('CIOR686436168', '沪D39186', 'P740114045', 20621116124514, 20470404145217, 89);
INSERT INTO carIORecord
VALUES ('CIOR688575108', '沪Q98973', 'P892746288', 20840620013813, 20900912082008, 98);
INSERT INTO carIORecord
VALUES ('CIOR693766188', '沪H42276', NULL, 20790326090543, 20201203094200, 10);
INSERT INTO carIORecord
VALUES ('CIOR69469711', '沪B68302', 'P850022277', 20180731194325, 20871227121954, 56);
INSERT INTO carIORecord
VALUES ('CIOR695921901', '沪W46835', NULL, 20701107035110, 20740201113708, 16);
INSERT INTO carIORecord
VALUES ('CIOR696741326', '沪Z71874', NULL, 20660216043712, 20990824083136, 87);
INSERT INTO carIORecord
VALUES ('CIOR703769945', '沪D36387', 'P1546919349', 20960505154107, 20701018160014, 91);
INSERT INTO carIORecord
VALUES ('CIOR704951990', '沪Y63858', NULL, 20710602110814, 20790714020511, 35);
INSERT INTO carIORecord
VALUES ('CIOR705064691', '沪V89792', 'P2083217813', 20720225213010, 20121013225843, 83);
INSERT INTO carIORecord
VALUES ('CIOR712192291', '沪H49419', NULL, 20741212142336, 20220224223342, 98);
INSERT INTO carIORecord
VALUES ('CIOR712431129', '沪O72258', NULL, 20471221072049, 20340115082810, 54);
INSERT INTO carIORecord
VALUES ('CIOR714053367', '沪R99132', NULL, 20560816060156, 20870409054358, 26);
INSERT INTO carIORecord
VALUES ('CIOR714698473', '沪V15940', 'P1797279169', 20160903224909, 20930924094810, 78);
INSERT INTO carIORecord
VALUES ('CIOR716512762', '沪P13408', NULL, 20000405134636, 20750828174600, 20);
INSERT INTO carIORecord
VALUES ('CIOR721167532', '沪L47236', 'P1282776228', 20520525131225, 20580813203742, 46);
INSERT INTO carIORecord
VALUES ('CIOR721825605', '沪P82144', NULL, 20491028101218, 20940508133242, 9);
INSERT INTO carIORecord
VALUES ('CIOR721835049', '沪Z19138', 'P1227835360', 20801118201232, 20301105140659, 67);
INSERT INTO carIORecord
VALUES ('CIOR722228141', '沪U72259', 'P1646707806', 20150818001622, 20470109133240, 32);
INSERT INTO carIORecord
VALUES ('CIOR725095216', '沪B45553', NULL, 20181031210700, 20680506003041, 9);
INSERT INTO carIORecord
VALUES ('CIOR733149217', '沪J42319', NULL, 20760801164156, 20420218081337, 81);
INSERT INTO carIORecord
VALUES ('CIOR736514509', '沪J86274', 'P103269683', 20320629163423, 20671009003538, 30);
INSERT INTO carIORecord
VALUES ('CIOR741984728', '沪C86352', NULL, 20440123130728, 20100131093950, 17);
INSERT INTO carIORecord
VALUES ('CIOR746546640', '沪Y35487', 'P1883363067', 20100425135505, 20670105193306, 95);
INSERT INTO carIORecord
VALUES ('CIOR750013654', '沪C96427', 'P1433601294', 20590327180312, 20900706074653, 49);
INSERT INTO carIORecord
VALUES ('CIOR751721732', '沪E92119', 'P1000931623', 20470319073728, 20991128071520, 17);
INSERT INTO carIORecord
VALUES ('CIOR754815265', '沪A55225', 'P1190886194', 20690326022958, 20390930095807, 80);
INSERT INTO carIORecord
VALUES ('CIOR760764900', '沪J85819', 'P439635797', 20130503103507, 20080429172638, 55);
INSERT INTO carIORecord
VALUES ('CIOR761584132', '沪U90552', NULL, 20270503054816, 20590817215432, 49);
INSERT INTO carIORecord
VALUES ('CIOR761846384', '沪W76066', 'P256324488', 20961103191901, 20630624093115, 57);
INSERT INTO carIORecord
VALUES ('CIOR775698267', '沪Q63455', NULL, 20940804191348, 20460725165021, 49);
INSERT INTO carIORecord
VALUES ('CIOR776406419', '沪C60347', 'P1627211726', 20710125164943, 20330305185138, 64);
INSERT INTO carIORecord
VALUES ('CIOR779431002', '沪Q22812', 'P1624077991', 20170817062352, 20270711081804, 2);
INSERT INTO carIORecord
VALUES ('CIOR789304723', '沪E83854', 'P102212384', 20350226015155, 20180115210339, 6);
INSERT INTO carIORecord
VALUES ('CIOR797498707', '沪K13162', NULL, 20770621063955, 20080708043150, 41);
INSERT INTO carIORecord
VALUES ('CIOR801992661', '沪Y23276', NULL, 20710516070320, 20750629005339, 91);
INSERT INTO carIORecord
VALUES ('CIOR806075083', '沪B89611', NULL, 20510415174703, 20090106001917, 37);
INSERT INTO carIORecord
VALUES ('CIOR80610211', '沪H71634', 'P1538410718', 20090907113431, 20770510231204, 60);
INSERT INTO carIORecord
VALUES ('CIOR812671757', '沪V14747', 'P915493383', 20860418122954, 20000702072900, 5);
INSERT INTO carIORecord
VALUES ('CIOR814266171', '沪I93851', 'P1767571610', 20470911235626, 20220628170034, 27);
INSERT INTO carIORecord
VALUES ('CIOR820400588', '沪L37190', 'P1919887159', 20520704075026, 20501130003508, 55);
INSERT INTO carIORecord
VALUES ('CIOR821012437', '沪B30239', 'P796577380', 20840507224813, 20800202081055, 85);
INSERT INTO carIORecord
VALUES ('CIOR821164753', '沪E81540', NULL, 20410907013750, 20800723104950, 12);
INSERT INTO carIORecord
VALUES ('CIOR822028753', '沪O91785', NULL, 20111029091932, 20950907184254, 72);
INSERT INTO carIORecord
VALUES ('CIOR822645611', '沪Z66050', 'P1803514453', 20610306051930, 20260304124720, 44);
INSERT INTO carIORecord
VALUES ('CIOR827631439', '沪X89128', NULL, 20400804023404, 20281024072222, 68);
INSERT INTO carIORecord
VALUES ('CIOR827818551', '沪J98917', NULL, 20120316222608, 20250717162534, 25);
INSERT INTO carIORecord
VALUES ('CIOR832929794', '沪C59018', 'P1598106356', 20120512153424, 20750819031659, 89);
INSERT INTO carIORecord
VALUES ('CIOR83298672', '沪H31067', 'P1361641367', 20370201070553, 20791207043125, 84);
INSERT INTO carIORecord
VALUES ('CIOR837991942', '沪Z11956', NULL, 20361115184105, 20380423032615, 32);
INSERT INTO carIORecord
VALUES ('CIOR839089775', '沪J71604', NULL, 20290509174531, 20241023145958, 95);
INSERT INTO carIORecord
VALUES ('CIOR840015276', '沪H50105', NULL, 20021008215620, 20310630233531, 66);
INSERT INTO carIORecord
VALUES ('CIOR843090989', '沪L95870', NULL, 20981119115814, 20771019130456, 52);
INSERT INTO carIORecord
VALUES ('CIOR848272335', '沪O39814', 'P549952670', 20090707232754, 20871105225904, 52);
INSERT INTO carIORecord
VALUES ('CIOR85783514', '沪W21385', 'P558452646', 20580725142746, 20660523093758, 7);
INSERT INTO carIORecord
VALUES ('CIOR862740719', '沪D34835', 'P1883363067', 20430202130123, 20090809004517, 28);
INSERT INTO carIORecord
VALUES ('CIOR863719378', '沪U83409', 'P621069134', 20330616094501, 20731115232401, 4);
INSERT INTO carIORecord
VALUES ('CIOR874567500', '沪L16773', NULL, 20330208053802, 20840425103310, 80);
INSERT INTO carIORecord
VALUES ('CIOR883713827', '沪T57093', NULL, 20710816045557, 20840712151251, 16);
INSERT INTO carIORecord
VALUES ('CIOR885419722', '沪P58591', NULL, 20711105022700, 20780325014229, 31);
INSERT INTO carIORecord
VALUES ('CIOR890771675', '沪T77161', NULL, 20871126124311, 20041019032320, 7);
INSERT INTO carIORecord
VALUES ('CIOR894500015', '沪U68978', NULL, 20180731055354, 20140624080744, 98);
INSERT INTO carIORecord
VALUES ('CIOR905555317', '沪I72243', 'P1643618810', 20501220134746, 20800412201801, 45);
INSERT INTO carIORecord
VALUES ('CIOR910792943', '沪D77657', NULL, 20260819201203, 20990511041252, 23);
INSERT INTO carIORecord
VALUES ('CIOR914407872', '沪H11507', 'P1393627648', 20231228040508, 20240922154948, 46);
INSERT INTO carIORecord
VALUES ('CIOR915391644', '沪R41930', 'P806400483', 20650109211618, 20250326012100, 69);
INSERT INTO carIORecord
VALUES ('CIOR92139533', '沪O40234', NULL, 20501228102918, 20331225003456, 66);
INSERT INTO carIORecord
VALUES ('CIOR921867045', '沪X66250', 'P1364926106', 20981013022506, 20060310100137, 58);
INSERT INTO carIORecord
VALUES ('CIOR923706821', '沪P59242', 'P370063718', 20690901185521, 20500424172534, 55);
INSERT INTO carIORecord
VALUES ('CIOR92466473', '沪V81043', NULL, 20150730081554, 20331107020028, 71);
INSERT INTO carIORecord
VALUES ('CIOR932812168', '沪L23023', 'P384801335', 20951213171720, 20750927075740, 57);
INSERT INTO carIORecord
VALUES ('CIOR937340763', '沪Y57088', 'P1825654354', 20760919211834, 20430713155046, 30);
INSERT INTO carIORecord
VALUES ('CIOR941638755', '沪J88703', NULL, 20250201084155, 20010527091619, 7);
INSERT INTO carIORecord
VALUES ('CIOR941823091', '沪H58736', NULL, 20060325215458, 20510919210138, 3);
INSERT INTO carIORecord
VALUES ('CIOR941970404', '沪Y47619', NULL, 20650210021934, 20900929051715, 5);
INSERT INTO carIORecord
VALUES ('CIOR943741212', '沪M21753', 'P1665256347', 20710511174645, 20770408104641, 88);
INSERT INTO carIORecord
VALUES ('CIOR948876344', '沪V55071', 'P366014681', 20150217202207, 20460721221019, 43);
INSERT INTO carIORecord
VALUES ('CIOR952044961', '沪D84288', 'P1372459001', 20330117113137, 20301129010230, 57);
INSERT INTO carIORecord
VALUES ('CIOR952973262', '沪E99555', 'P507687884', 20660927141122, 20321221100404, 77);
INSERT INTO carIORecord
VALUES ('CIOR953292883', '沪C45231', 'P486775405', 20350916202954, 20611120020855, 10);
INSERT INTO carIORecord
VALUES ('CIOR953810753', '沪V69983', NULL, 20680221155052, 20991107205036, 54);
INSERT INTO carIORecord
VALUES ('CIOR956319733', '沪Z14952', 'P1657791970', 20930507001212, 20891228093422, 37);
INSERT INTO carIORecord
VALUES ('CIOR956577278', '沪T83254', NULL, 20400908023612, 20660705002231, 43);
INSERT INTO carIORecord
VALUES ('CIOR964671358', '沪T37560', NULL, 20171018063313, 20721029040513, 40);
INSERT INTO carIORecord
VALUES ('CIOR968127462', '沪J57687', NULL, 20491214195559, 20071130002321, 27);
INSERT INTO carIORecord
VALUES ('CIOR972503862', '沪Q93434', 'P1571601503', 20431221002729, 20670928205643, 64);
INSERT INTO carIORecord
VALUES ('CIOR975596104', '沪K98517', 'P94011198', 20100623162513, 20640120061344, 7);
INSERT INTO carIORecord
VALUES ('CIOR976591042', '沪G10845', 'P936030502', 20281203053612, 20970116114243, 93);
INSERT INTO carIORecord
VALUES ('CIOR976814315', '沪H99278', 'P1311094699', 20650105010059, 20290312181238, 11);
INSERT INTO carIORecord
VALUES ('CIOR981892390', '沪P36471', NULL, 20271009083216, 20360407170712, 2);
INSERT INTO carIORecord
VALUES ('CIOR982535180', '沪S83322', 'P248383922', 20630911023315, 20900422051508, 89);
INSERT INTO carIORecord
VALUES ('CIOR988553390', '沪P69597', 'P1292495890', 20750802020827, 20171029021626, 62);
INSERT INTO carIORecord
VALUES ('CIOR991915453', '沪B87218', 'P1970665427', 20000105192457, 20820925144940, 76);
INSERT INTO carIORecord
VALUES ('CIOR994256026', '沪N10525', NULL, 20220629095620, 20900413111616, 98);
INSERT INTO carIORecord
VALUES ('CIOR996935121', '沪D80336', NULL, 20600923193820, 20740613153540, 98);
INSERT INTO carIORecord
VALUES ('CIOR997760787', '沪J12468', 'P1330942632', 20400321191910, 20820923024708, 31);
INSERT INTO carIORecord
VALUES ('CIOR99785367', '沪L37703', 'P176345554', 20650323054159, 20480616132212, 38);
INSERT INTO carIORecord
VALUES ('CIOR998551109', '沪A69356', 'P1956536325', 20410114025022, 20801222140931, 88);
INSERT INTO suggestion
VALUES ('SG1123217829', NULL, 'clean', 'NULL');
INSERT INTO suggestion
VALUES ('SG1238562774', NULL, 'clean', 'NULL');
INSERT INTO suggestion
VALUES ('SG1257029743', 'P983761957', 'clean', 'NULL');
INSERT INTO suggestion
VALUES ('SG1289540127', NULL, 'overhaul', 'NULL');
INSERT INTO suggestion
VALUES ('SG1292374555', NULL, 'guard', 'NULL');
INSERT INTO suggestion
VALUES ('SG1354105380', NULL, 'overhaul', 'NULL');
INSERT INTO suggestion
VALUES ('SG1385008168', 'P1282776228', 'overhaul', 'NULL');
INSERT INTO suggestion
VALUES ('SG1394794756', NULL, 'overhaul', 'NULL');
INSERT INTO suggestion
VALUES ('SG1482994879', NULL, 'clean', 'NULL');
INSERT INTO suggestion
VALUES ('SG1526940781', 'P972792497', 'guard', 'NULL');
INSERT INTO suggestion
VALUES ('SG1540794873', NULL, 'guard', 'NULL');
INSERT INTO suggestion
VALUES ('SG1583839278', 'P1514697612', 'clean', 'NULL');
INSERT INTO suggestion
VALUES ('SG1650178597', NULL, 'clean', 'NULL');
INSERT INTO suggestion
VALUES ('SG1677666122', 'P552298041', 'overhaul', 'NULL');
INSERT INTO suggestion
VALUES ('SG1718503753', NULL, 'clean', 'NULL');
INSERT INTO suggestion
VALUES ('SG1781614985', NULL, 'guard', 'NULL');
INSERT INTO suggestion
VALUES ('SG1815773142', 'P775094060', 'guard', 'NULL');
INSERT INTO suggestion
VALUES ('SG1864976404', 'P1188343740', 'guard', 'NULL');
INSERT INTO suggestion
VALUES ('SG1922319370', NULL, 'clean', 'NULL');
INSERT INTO suggestion
VALUES ('SG1947862421', NULL, 'clean', 'NULL');
INSERT INTO suggestion
VALUES ('SG1956573724', 'P51692824', 'guard', 'NULL');
INSERT INTO suggestion
VALUES ('SG1998455348', 'P1581918001', 'clean', 'NULL');
INSERT INTO suggestion
VALUES ('SG2030107112', NULL, 'overhaul', 'NULL');
INSERT INTO suggestion
VALUES ('SG204513965', NULL, 'clean', 'NULL');
INSERT INTO suggestion
VALUES ('SG2058016905', NULL, 'overhaul', 'NULL');
INSERT INTO suggestion
VALUES ('SG2079311378', NULL, 'guard', 'NULL');
INSERT INTO suggestion
VALUES ('SG2102255062', 'P1189828939', 'overhaul', 'NULL');
INSERT INTO suggestion
VALUES ('SG2134335179', 'P1771461990', 'overhaul', 'NULL');
INSERT INTO suggestion
VALUES ('SG2134443800', NULL, 'clean', 'NULL');
INSERT INTO suggestion
VALUES ('SG2134594063', NULL, 'guard', 'NULL');
INSERT INTO suggestion
VALUES ('SG253246845', NULL, 'overhaul', 'NULL');
INSERT INTO suggestion
VALUES ('SG260610059', 'P371614637', 'clean', 'NULL');
INSERT INTO suggestion
VALUES ('SG311941470', NULL, 'overhaul', 'NULL');
INSERT INTO suggestion
VALUES ('SG383973440', NULL, 'guard', 'NULL');
INSERT INTO suggestion
VALUES ('SG442791935', NULL, 'overhaul', 'NULL');
INSERT INTO suggestion
VALUES ('SG453768569', NULL, 'guard', 'NULL');
INSERT INTO suggestion
VALUES ('SG492437010', 'P1537215825', 'guard', 'NULL');
INSERT INTO suggestion
VALUES ('SG52382943', NULL, 'clean', 'NULL');
INSERT INTO suggestion
VALUES ('SG58921991', NULL, 'guard', 'NULL');
INSERT INTO suggestion
VALUES ('SG7135561', NULL, 'clean', 'NULL');
INSERT INTO suggestion
VALUES ('SG74227344', NULL, 'overhaul', 'NULL');
INSERT INTO suggestion
VALUES ('SG773908686', NULL, 'clean', 'NULL');
INSERT INTO suggestion
VALUES ('SG790047848', 'P2134146058', 'clean', 'NULL');
INSERT INTO suggestion
VALUES ('SG792703963', 'P1919887159', 'clean', 'NULL');
INSERT INTO suggestion
VALUES ('SG864124617', NULL, 'guard', 'NULL');
INSERT INTO suggestion
VALUES ('SG895948965', 'P413212916', 'guard', 'NULL');
INSERT INTO suggestion
VALUES ('SG965552247', NULL, 'clean', 'NULL');
INSERT INTO suggestion
VALUES ('SG973214690', 'P972792497', 'overhaul', 'NULL');
INSERT INTO suggestion
VALUES ('SG984942415', NULL, 'overhaul', 'NULL');
INSERT INTO suggestion
VALUES ('SG999724271', NULL, 'overhaul', 'NULL');
